tasks_assigned,tasks_completed,overdue_tasks,quality_score,teamwork_score,attendance_rate,feedback_text,skill_match_score,avg_rating,availability_score,project_similarity,final_rating
16,12,2,3.9,4.5,1.0,Excellent performance and teamwork,0.72,4.9,0.65,0.73,4.29
10,8,2,3.7,2.2,0.87,Excellent performance and teamwork,0.7,4.2,0.37,0.52,3.66
13,6,7,3.0,2.9,0.89,Good but not consistent,0.56,3.4,0.85,0.7,3.0
13,8,3,2.3,4.9,0.79,Very committed and reliable,0.46,3.7,0.99,0.79,3.5
16,8,8,4.0,2.8,0.65,Outstanding contribution,0.78,4.6,0.54,0.58,3.35
17,0,17,2.1,4.1,0.95,Needs improvement in deadlines,0.59,3.6,0.58,0.72,2.44
14,13,0,4.6,4.5,0.7,Good but not consistent,0.82,2.7,0.85,0.7,4.1
14,11,0,2.6,3.5,0.7,Good but not consistent,0.82,4.1,1.0,0.77,3.57
8,7,0,4.1,4.1,0.92,Excellent performance and teamwork,0.83,2.7,0.54,0.64,3.95
8,4,2,4.1,4.0,0.98,Good but not consistent,0.45,4.6,0.92,0.51,3.78
5,4,1,4.2,2.1,0.96,Needs improvement in deadlines,0.51,4.1,0.85,0.63,3.76
20,0,2,4.1,4.8,0.74,Good but not consistent,0.96,2.7,0.38,0.55,2.69
18,10,1,3.9,4.5,0.76,Excellent performance and teamwork,0.45,3.6,0.6,0.41,3.61
13,1,6,3.0,4.0,0.63,Late submission and weak teamwork,0.95,2.8,0.54,0.57,2.39
17,15,0,2.6,3.2,0.94,Outstanding contribution,0.84,4.6,0.52,0.64,3.87
15,15,0,4.1,5.0,0.96,Very committed and reliable,0.64,5.0,0.62,0.83,4.8
12,4,5,4.5,3.8,0.89,Very committed and reliable,0.66,2.8,0.47,0.44,3.17
15,5,3,4.5,4.6,0.97,Very committed and reliable,0.81,4.2,0.93,0.46,3.64
10,3,4,2.4,3.7,0.93,Outstanding contribution,0.54,3.8,0.3,0.96,2.89
19,1,18,2.5,3.6,0.93,Excellent performance and teamwork,0.42,3.6,0.4,0.96,2.48
11,7,0,2.9,3.1,0.92,Very committed and reliable,0.63,3.3,0.98,0.67,3.27
16,9,6,3.6,3.1,0.97,Late submission and weak teamwork,0.78,4.4,0.34,0.97,3.55
18,16,2,4.2,2.1,0.92,Very committed and reliable,0.53,4.5,0.75,0.89,3.95
10,4,4,4.8,4.1,0.65,Excellent performance and teamwork,0.43,4.5,0.65,0.46,3.6
20,18,0,3.4,4.3,0.61,Very committed and reliable,0.96,4.7,0.85,0.63,4.14
13,1,5,2.2,2.3,0.96,Needs improvement in deadlines,0.76,3.3,0.58,0.88,2.16
20,14,6,4.7,4.0,0.7,Good but not consistent,0.76,2.7,0.46,0.55,3.68
19,13,5,2.1,3.4,0.91,Needs improvement in deadlines,0.78,4.0,0.59,0.95,3.38
18,0,6,3.7,4.5,0.6,Excellent performance and teamwork,1.0,2.7,0.99,0.78,2.48
18,8,6,4.0,4.4,0.87,Outstanding contribution,0.58,2.7,0.45,0.77,3.32
19,11,6,3.8,3.7,0.67,Needs improvement in deadlines,0.66,3.9,0.39,0.83,3.48
20,1,2,4.2,2.0,0.89,Very committed and reliable,0.57,4.9,0.55,0.86,2.74
14,3,4,3.1,3.5,0.62,Late submission and weak teamwork,0.44,5.0,0.87,0.96,2.95
11,9,0,3.0,2.1,0.63,Good but not consistent,0.76,4.2,0.89,0.91,3.4
17,7,10,4.6,3.1,0.93,Outstanding contribution,0.9,4.5,0.95,0.92,3.52
8,1,4,4.4,2.3,0.74,Late submission and weak teamwork,0.63,4.1,0.54,0.79,2.72
9,1,6,3.3,4.9,0.88,Outstanding contribution,0.76,3.4,0.39,0.94,2.93
18,10,7,4.1,3.8,0.86,Excellent performance and teamwork,0.83,4.4,0.36,0.93,3.72
10,9,1,4.9,4.1,0.98,Outstanding contribution,0.76,4.4,0.8,0.98,4.52
10,1,0,4.2,3.4,0.98,Outstanding contribution,0.66,3.1,0.42,0.65,2.78
15,2,10,3.7,4.8,0.7,Late submission and weak teamwork,0.77,3.0,0.35,0.48,2.85
13,9,1,3.4,2.0,0.85,Very committed and reliable,0.51,3.3,0.88,0.89,3.2
7,1,6,2.7,4.5,0.72,Excellent performance and teamwork,0.83,3.4,0.3,0.83,2.69
15,8,0,3.2,4.1,0.95,Late submission and weak teamwork,0.81,4.6,0.67,0.67,3.66
18,16,0,4.1,4.9,0.68,Good but not consistent,0.51,2.8,0.79,0.85,4.03
7,7,0,3.5,2.0,0.62,Outstanding contribution,0.79,4.6,0.79,0.72,3.83
5,0,1,3.4,4.2,0.95,Excellent performance and teamwork,0.6,2.7,0.82,0.93,2.54
10,3,2,3.1,4.9,0.8,Excellent performance and teamwork,0.76,2.8,0.52,0.47,3.01
13,9,0,4.1,3.4,0.8,Excellent performance and teamwork,0.93,4.5,0.42,0.95,3.84
15,3,5,3.7,2.1,0.75,Late submission and weak teamwork,0.63,4.1,0.75,0.74,2.65
18,7,5,3.9,2.2,0.72,Excellent performance and teamwork,0.92,4.1,0.87,0.71,2.98
20,2,13,3.7,4.3,0.73,Needs improvement in deadlines,0.98,4.2,0.74,0.46,2.96
5,2,0,2.0,3.8,0.95,Needs improvement in deadlines,0.58,4.2,0.47,0.99,3.08
9,1,8,4.3,3.0,0.98,Late submission and weak teamwork,0.71,2.6,0.61,0.47,2.64
20,16,2,3.5,2.4,0.88,Good but not consistent,0.61,3.1,0.82,0.99,3.44
7,7,0,3.7,4.4,0.71,Excellent performance and teamwork,0.49,4.1,0.98,0.44,4.29
6,3,0,2.6,2.2,0.66,Good but not consistent,0.67,3.6,0.46,0.55,2.76
7,3,0,4.7,2.9,0.76,Outstanding contribution,0.92,3.1,0.4,0.54,3.16
5,5,0,3.8,3.1,0.9,Needs improvement in deadlines,0.46,3.4,0.91,0.98,4.01
7,3,1,4.8,4.1,0.96,Needs improvement in deadlines,0.93,3.3,0.8,0.77,3.56
11,1,5,2.0,3.5,0.91,Excellent performance and teamwork,0.43,2.6,0.39,0.5,2.21
16,11,1,3.0,3.0,0.65,Excellent performance and teamwork,0.85,3.8,0.51,0.52,3.32
8,5,3,4.4,4.9,0.94,Late submission and weak teamwork,0.58,3.1,0.56,0.46,3.89
14,3,1,4.8,4.1,0.9,Needs improvement in deadlines,0.54,3.5,0.88,0.68,3.25
18,13,1,3.3,4.4,0.9,Very committed and reliable,0.99,2.7,0.69,0.68,3.61
17,15,2,4.2,4.2,0.65,Very committed and reliable,0.43,3.2,0.96,0.74,3.97
11,5,0,2.7,2.9,0.99,Very committed and reliable,0.52,3.8,0.81,0.72,3.06
15,2,1,2.7,2.5,0.87,Very committed and reliable,0.44,2.5,0.95,0.46,2.17
11,3,3,4.3,4.7,0.95,Outstanding contribution,0.44,2.5,0.39,0.73,3.18
5,3,0,2.1,2.1,0.97,Excellent performance and teamwork,0.49,4.2,0.88,0.59,3.06
20,15,0,2.9,4.4,0.75,Good but not consistent,0.66,3.3,0.49,0.97,3.62
20,1,7,3.7,3.8,0.65,Very committed and reliable,0.86,2.8,0.89,0.48,2.46
12,11,1,3.1,4.6,0.78,Very committed and reliable,0.4,4.4,0.52,0.93,4.19
17,5,5,4.4,3.4,0.7,Good but not consistent,0.72,2.8,0.51,0.92,2.91
12,4,6,4.5,3.3,0.65,Late submission and weak teamwork,0.9,3.6,0.79,0.41,3.11
18,14,4,2.5,4.0,0.83,Excellent performance and teamwork,0.8,2.6,0.89,0.45,3.4
18,4,7,4.0,3.8,0.76,Outstanding contribution,0.5,3.8,0.91,0.43,3.03
12,8,2,3.8,4.9,0.78,Needs improvement in deadlines,0.96,2.8,0.92,0.67,3.69
18,9,2,3.3,3.9,0.74,Needs improvement in deadlines,0.52,2.9,0.31,0.71,3.14
12,7,4,4.0,2.5,0.76,Late submission and weak teamwork,0.76,4.6,0.98,0.97,3.48
15,7,8,4.8,3.3,0.66,Outstanding contribution,0.69,3.7,0.87,0.48,3.39
20,15,0,3.9,3.6,0.68,Excellent performance and teamwork,0.48,4.1,0.59,0.46,3.78
5,1,0,4.2,4.5,0.87,Late submission and weak teamwork,0.46,4.3,0.67,0.58,3.33
7,0,3,2.5,4.7,0.88,Very committed and reliable,0.74,4.2,0.46,0.98,2.72
16,10,3,3.6,2.8,0.95,Needs improvement in deadlines,0.67,2.7,0.66,0.96,3.23
5,0,5,4.0,3.8,0.93,Very committed and reliable,0.75,3.4,0.95,0.52,2.71
9,0,6,3.4,2.9,0.94,Good but not consistent,0.53,3.0,0.75,0.62,2.33
18,3,15,4.6,3.8,0.67,Outstanding contribution,0.94,3.4,0.83,0.76,2.95
13,1,10,3.4,3.4,0.79,Excellent performance and teamwork,0.73,3.8,0.95,0.96,2.63
9,4,5,3.3,4.3,0.99,Outstanding contribution,0.49,3.5,0.42,0.49,3.38
18,4,5,3.0,2.5,0.83,Outstanding contribution,0.74,3.7,0.6,0.95,2.59
18,17,0,4.7,3.4,0.67,Outstanding contribution,0.65,4.2,0.64,0.86,4.21
16,12,2,3.4,2.3,0.89,Needs improvement in deadlines,0.45,4.4,0.32,0.89,3.59
8,5,3,5.0,3.2,0.7,Late submission and weak teamwork,0.7,3.3,0.32,0.93,3.59
7,5,0,2.7,3.5,0.84,Late submission and weak teamwork,0.44,3.9,0.85,0.94,3.51
8,8,0,3.0,3.5,0.76,Very committed and reliable,0.9,4.6,0.86,0.51,4.1
16,10,2,4.1,2.2,0.87,Very committed and reliable,0.86,2.5,0.38,0.48,3.13
11,1,2,3.7,3.3,0.65,Excellent performance and teamwork,0.55,4.7,0.58,0.48,2.8
19,3,16,3.2,2.9,0.93,Good but not consistent,0.73,4.4,0.55,0.41,2.8
8,4,1,3.9,4.9,0.83,Excellent performance and teamwork,0.9,3.0,0.43,0.55,3.53
18,1,17,2.0,3.3,0.75,Very committed and reliable,0.63,4.8,0.74,0.76,2.48
15,1,6,2.5,2.2,0.81,Very committed and reliable,0.55,3.2,0.43,0.96,2.08
8,0,8,3.7,2.3,0.74,Excellent performance and teamwork,0.63,3.8,0.61,0.63,2.33
18,7,8,2.0,2.4,0.76,Outstanding contribution,0.86,3.8,0.66,0.58,2.6
16,1,4,3.4,2.7,0.86,Very committed and reliable,0.89,3.1,0.49,0.5,2.36
7,1,4,2.1,4.8,0.92,Needs improvement in deadlines,0.57,2.7,0.9,0.53,2.59
14,10,0,3.9,2.7,0.97,Very committed and reliable,0.95,4.6,0.7,0.96,3.8
7,2,4,2.6,2.0,0.78,Late submission and weak teamwork,0.67,4.7,0.98,0.87,2.68
20,10,0,4.9,4.9,0.74,Late submission and weak teamwork,0.87,3.8,0.52,0.56,3.84
7,6,0,3.7,4.8,0.69,Very committed and reliable,0.62,4.6,0.5,0.9,4.25
10,2,4,2.2,2.2,0.99,Late submission and weak teamwork,0.71,2.6,0.62,0.54,2.2
5,3,0,4.2,4.8,0.89,Late submission and weak teamwork,0.76,4.9,0.82,0.94,4.13
9,7,1,4.5,2.5,0.84,Late submission and weak teamwork,0.56,3.5,0.77,0.72,3.69
20,0,6,4.3,4.7,0.66,Outstanding contribution,0.92,3.3,0.7,0.49,2.79
9,9,0,4.7,2.9,0.89,Needs improvement in deadlines,0.63,2.6,0.8,0.89,3.98
6,2,4,3.6,3.9,0.77,Excellent performance and teamwork,0.9,3.8,0.41,0.67,3.15
19,3,4,2.5,4.5,0.66,Excellent performance and teamwork,0.44,3.7,0.66,0.4,2.71
8,1,7,2.4,3.3,0.71,Late submission and weak teamwork,0.49,4.1,0.63,0.45,2.5
20,16,0,4.5,4.1,0.84,Outstanding contribution,0.6,4.5,0.95,0.67,4.24
16,12,3,2.4,3.4,0.77,Very committed and reliable,0.53,3.2,0.83,0.85,3.31
10,5,5,2.9,2.9,0.78,Good but not consistent,0.98,4.0,0.96,0.74,3.1
20,18,1,4.3,4.6,0.7,Very committed and reliable,0.4,4.9,0.61,0.7,4.46
12,8,3,4.5,2.7,0.6,Very committed and reliable,0.65,2.9,0.52,0.69,3.32
15,11,3,4.8,2.2,0.81,Needs improvement in deadlines,0.75,3.0,0.75,0.74,3.5
14,7,0,3.0,3.3,0.76,Late submission and weak teamwork,0.92,2.9,0.96,0.84,2.97
7,4,0,2.6,4.2,0.96,Very committed and reliable,0.91,3.9,0.7,0.6,3.48
14,5,3,3.1,4.6,0.68,Excellent performance and teamwork,0.52,3.7,0.52,0.71,3.16
10,5,5,4.7,3.8,0.81,Outstanding contribution,0.76,3.4,0.37,0.87,3.54
11,2,0,4.9,2.6,0.65,Good but not consistent,0.7,4.8,0.93,0.59,3.06
7,7,0,3.3,3.3,0.63,Outstanding contribution,0.55,4.4,0.87,0.85,4.02
16,15,1,4.4,2.8,0.97,Good but not consistent,0.8,4.7,0.66,0.92,4.27
15,7,0,4.1,2.1,0.85,Late submission and weak teamwork,0.48,4.6,0.73,0.64,3.29
20,7,1,4.5,4.0,0.95,Needs improvement in deadlines,0.74,4.2,0.68,0.58,3.54
17,17,0,4.2,4.4,0.93,Good but not consistent,0.43,3.3,0.59,0.76,4.34
17,9,6,4.8,4.2,0.73,Very committed and reliable,0.85,3.5,0.85,0.51,3.66
17,9,1,4.8,4.2,0.79,Excellent performance and teamwork,0.51,3.2,0.83,0.82,3.63
14,7,4,2.3,4.4,0.68,Late submission and weak teamwork,0.96,2.9,0.5,0.43,3.01
16,16,0,4.1,2.8,0.87,Good but not consistent,0.99,4.7,0.56,0.52,4.25
14,1,7,3.3,4.3,0.99,Late submission and weak teamwork,0.75,3.1,0.73,0.83,2.74
17,8,3,3.5,3.7,0.75,Very committed and reliable,0.69,4.2,0.49,0.41,3.36
15,3,8,3.7,4.6,0.72,Needs improvement in deadlines,0.86,3.3,0.7,0.48,2.98
5,5,0,3.8,4.3,0.82,Good but not consistent,0.87,2.8,0.43,0.74,4.09
15,11,3,3.7,3.3,0.89,Excellent performance and teamwork,0.98,4.9,0.66,0.81,3.93
14,9,5,3.1,2.4,0.88,Good but not consistent,0.5,4.6,0.89,0.56,3.42
17,3,8,4.8,3.1,0.92,Very committed and reliable,0.56,3.9,0.97,0.68,3.08
7,4,3,3.8,3.4,0.63,Late submission and weak teamwork,0.64,3.2,0.89,0.44,3.25
12,10,0,3.8,2.5,0.69,Needs improvement in deadlines,0.5,3.3,0.69,0.84,3.51
5,1,1,4.6,4.3,0.69,Very committed and reliable,0.64,2.9,0.99,0.48,3.0
8,1,6,2.6,3.9,0.69,Excellent performance and teamwork,0.97,4.8,0.67,0.79,2.79
19,14,0,4.0,4.4,0.87,Good but not consistent,0.81,2.9,0.7,0.66,3.8
8,6,2,2.9,3.9,0.75,Very committed and reliable,0.79,3.1,0.74,0.95,3.48
13,7,2,3.3,2.4,0.69,Good but not consistent,0.48,4.7,0.57,0.44,3.23
16,9,5,2.1,3.6,0.61,Outstanding contribution,0.82,3.2,0.92,0.64,2.93
10,3,7,4.5,3.6,0.87,Very committed and reliable,0.81,3.9,0.6,0.7,3.29
14,13,1,3.6,2.8,0.96,Needs improvement in deadlines,0.88,2.9,0.95,0.95,3.73
15,12,3,4.0,3.2,0.9,Very committed and reliable,0.88,4.1,0.72,0.56,3.91
10,4,3,3.2,4.4,0.67,Needs improvement in deadlines,0.4,2.7,0.82,0.89,3.0
8,1,1,4.3,2.6,0.7,Good but not consistent,0.46,3.3,0.87,0.85,2.58
16,12,1,4.8,3.6,0.71,Outstanding contribution,0.95,4.1,0.65,0.52,3.98
5,2,3,4.8,3.1,0.88,Outstanding contribution,0.96,4.1,0.77,0.69,3.44
7,2,4,4.8,3.3,0.64,Very committed and reliable,0.47,4.9,0.45,0.76,3.35
18,16,2,3.3,2.5,0.8,Very committed and reliable,0.48,3.2,0.86,0.87,3.53
7,6,1,3.1,2.3,0.92,Excellent performance and teamwork,0.74,3.9,0.68,0.77,3.61
17,4,7,4.0,3.3,0.81,Needs improvement in deadlines,0.99,5.0,0.68,0.97,3.22
13,1,2,2.4,4.3,0.81,Needs improvement in deadlines,0.85,3.4,0.9,0.99,2.54
19,8,11,4.9,4.3,0.63,Very committed and reliable,0.93,4.6,0.94,0.72,3.71
19,7,1,4.3,2.3,0.97,Very committed and reliable,0.64,4.8,0.86,0.58,3.32
9,8,1,3.8,4.4,0.62,Needs improvement in deadlines,0.63,2.5,0.96,0.96,3.78
7,1,6,4.8,4.3,0.7,Needs improvement in deadlines,0.5,3.7,0.39,0.79,3.12
13,0,9,4.6,3.7,0.66,Good but not consistent,0.56,3.1,0.54,0.85,2.61
14,6,5,3.4,4.1,0.7,Very committed and reliable,0.53,4.6,0.74,0.82,3.41
13,7,2,4.9,3.6,0.95,Needs improvement in deadlines,0.97,3.5,0.93,0.46,3.68
17,7,8,2.5,4.0,0.61,Good but not consistent,0.45,4.9,0.84,0.54,3.2
13,8,5,2.7,2.3,0.95,Good but not consistent,0.48,2.5,0.62,0.86,2.9
9,1,1,3.6,4.3,0.79,Good but not consistent,0.56,2.7,0.85,0.52,2.68
14,1,11,4.3,2.9,0.82,Excellent performance and teamwork,0.61,3.7,0.4,0.56,2.7
9,6,0,2.6,3.8,0.82,Very committed and reliable,1.0,4.7,0.85,0.87,3.63
11,11,0,3.0,2.8,0.99,Outstanding contribution,0.86,3.0,0.38,0.43,3.76
7,4,3,3.9,4.3,0.86,Excellent performance and teamwork,0.55,4.8,0.86,0.44,3.89
13,4,0,4.3,3.8,0.79,Good but not consistent,0.92,2.7,0.56,0.96,3.02
20,7,10,3.0,3.2,0.63,Excellent performance and teamwork,0.57,2.8,0.95,0.68,2.64
15,7,8,3.4,2.9,0.9,Excellent performance and teamwork,0.87,4.7,0.66,0.86,3.35
6,2,0,2.7,4.5,0.87,Needs improvement in deadlines,0.88,4.9,0.41,0.49,3.35
20,13,7,2.5,4.2,0.73,Outstanding contribution,0.44,3.2,0.95,0.52,3.32
12,0,12,3.3,3.9,0.89,Needs improvement in deadlines,0.81,4.1,0.52,0.91,2.71
13,0,6,4.8,4.0,0.82,Outstanding contribution,0.86,4.5,0.37,0.74,3.07
14,11,1,3.2,2.8,0.63,Outstanding contribution,0.72,4.1,0.7,0.76,3.51
13,6,2,2.4,3.1,0.96,Late submission and weak teamwork,0.73,4.4,0.53,0.72,3.15
17,11,6,3.1,2.1,0.91,Good but not consistent,0.55,2.9,0.86,0.76,3.05
12,6,3,2.9,2.3,0.86,Outstanding contribution,0.73,4.5,0.84,0.75,3.12
8,4,3,4.7,2.6,0.86,Very committed and reliable,0.46,4.0,0.49,0.8,3.44
10,4,3,3.9,4.0,0.7,Outstanding contribution,0.81,2.7,0.66,0.78,3.07
7,1,2,3.6,3.8,0.97,Excellent performance and teamwork,0.85,4.4,0.79,0.6,3.06
11,11,0,3.9,3.7,0.87,Late submission and weak teamwork,0.8,3.7,0.69,0.78,4.2
9,3,2,4.7,2.1,0.74,Outstanding contribution,0.47,3.1,0.46,0.42,2.85
14,3,6,3.4,2.1,0.85,Excellent performance and teamwork,0.6,4.4,0.81,0.47,2.73
17,10,3,4.7,2.7,0.9,Excellent performance and teamwork,0.97,4.6,0.54,0.84,3.73
8,4,4,3.2,3.8,0.74,Excellent performance and teamwork,0.5,3.7,0.49,0.82,3.26
5,5,0,2.6,4.0,0.79,Needs improvement in deadlines,0.7,4.6,0.5,0.87,4.13
20,1,6,4.3,4.8,0.65,Very committed and reliable,0.96,3.2,0.6,0.62,2.86
17,14,1,2.0,4.4,0.63,Outstanding contribution,1.0,4.7,0.46,0.63,3.77
20,0,16,3.9,2.4,0.88,Outstanding contribution,0.56,2.8,0.7,0.81,2.26
18,4,3,4.3,2.9,0.88,Outstanding contribution,0.66,2.5,0.78,0.72,2.71
5,2,2,4.2,4.1,0.92,Late submission and weak teamwork,1.0,4.2,0.47,0.85,3.56
13,0,0,4.8,3.6,0.97,Very committed and reliable,0.65,4.1,0.79,0.95,2.98
14,10,2,2.9,3.5,0.95,Good but not consistent,0.69,3.6,0.85,0.53,3.55
13,6,0,3.7,3.2,0.65,Excellent performance and teamwork,0.81,3.5,0.84,0.52,3.1
10,2,2,2.2,4.6,0.82,Excellent performance and teamwork,0.83,4.1,0.55,0.61,2.89
17,8,7,2.4,3.9,0.68,Outstanding contribution,0.95,4.6,0.82,0.69,3.23
11,6,3,2.7,2.9,0.79,Outstanding contribution,0.98,4.2,0.77,0.95,3.17
6,0,6,2.0,2.7,0.96,Excellent performance and teamwork,0.45,3.3,0.86,0.51,2.08
14,10,1,3.9,2.8,0.84,Outstanding contribution,0.45,4.4,0.93,0.76,3.71
10,6,3,4.9,4.5,0.89,Needs improvement in deadlines,0.58,2.9,0.67,0.7,3.8
15,1,7,3.9,3.8,0.68,Late submission and weak teamwork,0.99,2.7,0.64,0.69,2.52
18,18,0,4.3,4.9,0.88,Outstanding contribution,0.75,4.1,0.32,0.6,4.6
14,2,12,4.9,3.0,0.92,Outstanding contribution,0.53,4.7,0.91,0.53,3.19
17,14,0,4.6,4.7,0.96,Needs improvement in deadlines,0.45,2.6,0.47,0.92,4.1
7,1,2,4.2,4.2,0.75,Excellent performance and teamwork,0.76,2.8,0.3,0.76,2.83
16,2,2,3.8,2.9,0.79,Late submission and weak teamwork,0.71,3.7,0.99,0.75,2.66
16,0,7,2.9,2.4,0.85,Good but not consistent,0.56,3.2,0.73,0.97,2.12
6,4,2,4.7,2.3,0.76,Very committed and reliable,0.48,3.5,0.97,0.69,3.48
19,13,3,2.9,4.7,0.88,Outstanding contribution,0.85,3.9,0.44,0.48,3.77
5,4,1,2.3,3.8,0.98,Outstanding contribution,0.66,4.4,0.94,0.45,3.79
18,14,0,4.2,3.3,0.91,Needs improvement in deadlines,0.93,4.8,0.41,0.49,4.08
12,9,1,3.3,3.5,0.72,Excellent performance and teamwork,0.57,5.0,0.88,0.79,3.85
14,11,2,4.3,2.3,0.67,Very committed and reliable,0.82,4.2,0.51,0.59,3.67
10,1,1,3.0,3.5,0.85,Outstanding contribution,0.83,3.1,0.35,0.52,2.5
15,14,0,4.1,4.1,0.69,Outstanding contribution,0.76,3.1,0.34,0.91,4.0
16,14,0,4.2,3.0,0.97,Very committed and reliable,0.54,3.8,0.95,0.72,4.0
13,1,4,3.9,2.9,0.76,Good but not consistent,0.87,3.8,0.77,0.8,2.62
8,4,0,3.7,2.6,0.62,Good but not consistent,0.51,3.5,0.52,0.8,3.02
18,13,5,4.3,3.0,0.78,Good but not consistent,0.42,4.6,0.78,0.55,3.85
19,0,12,3.0,3.0,0.85,Excellent performance and teamwork,0.7,4.8,0.51,0.45,2.58
18,18,0,4.8,4.1,0.6,Outstanding contribution,0.91,2.8,0.34,0.62,4.14
10,8,2,4.1,4.0,0.63,Needs improvement in deadlines,0.54,2.7,0.57,0.89,3.68
14,6,3,4.0,4.0,0.93,Late submission and weak teamwork,0.45,2.7,0.43,0.79,3.25
13,9,0,4.8,3.5,0.8,Excellent performance and teamwork,0.86,4.7,0.43,0.76,4.04
12,0,7,4.5,2.8,0.99,Needs improvement in deadlines,0.68,2.6,0.55,0.73,2.48
9,6,3,4.1,3.2,0.97,Late submission and weak teamwork,0.72,3.6,0.77,0.88,3.67
12,4,6,3.4,4.0,0.69,Needs improvement in deadlines,0.91,3.0,0.66,0.76,2.93
19,5,5,2.7,3.2,0.95,Good but not consistent,0.99,4.4,0.54,0.65,2.93
18,1,2,4.5,2.3,0.83,Outstanding contribution,0.85,3.4,0.43,0.46,2.54
15,7,6,3.1,4.2,0.68,Good but not consistent,0.58,4.4,0.65,0.47,3.38
6,5,0,2.6,4.1,0.83,Needs improvement in deadlines,0.55,4.4,0.76,0.94,3.88
11,10,1,2.3,2.9,0.68,Excellent performance and teamwork,0.89,4.0,0.95,0.59,3.54
18,9,5,3.8,4.1,0.94,Outstanding contribution,0.94,4.4,0.91,0.46,3.68
19,3,14,3.5,4.0,0.82,Needs improvement in deadlines,0.65,3.9,0.43,0.78,2.93
16,3,6,4.6,3.1,0.68,Needs improvement in deadlines,0.58,3.0,0.32,0.92,2.76
11,1,8,2.7,4.4,0.61,Late submission and weak teamwork,0.41,4.0,0.77,0.77,2.66
12,7,0,4.6,2.2,0.94,Needs improvement in deadlines,0.97,4.3,0.6,0.51,3.56
10,1,7,2.0,4.4,0.7,Excellent performance and teamwork,0.89,3.0,0.52,0.65,2.38
19,2,3,4.1,2.2,0.62,Outstanding contribution,0.57,3.0,0.83,0.64,2.33
8,2,5,3.3,3.3,0.87,Late submission and weak teamwork,0.91,4.7,0.85,0.72,3.07
5,4,0,4.5,3.5,0.74,Outstanding contribution,0.95,4.2,0.83,0.85,4.01
12,2,7,2.3,4.4,0.9,Excellent performance and teamwork,0.55,2.6,0.87,0.94,2.56
10,4,4,4.0,3.5,0.8,Good but not consistent,0.92,3.6,0.59,0.97,3.22
5,3,1,2.0,4.3,0.65,Late submission and weak teamwork,0.82,3.6,0.78,0.97,3.21
8,6,1,4.6,3.7,0.68,Good but not consistent,0.8,2.5,0.61,0.43,3.62
13,4,9,4.1,3.1,0.99,Late submission and weak teamwork,0.92,2.8,0.82,0.45,2.96
9,5,3,2.1,2.1,0.82,Good but not consistent,0.67,4.2,0.55,0.86,2.92
5,1,1,3.7,4.1,0.63,Outstanding contribution,0.97,3.4,0.53,0.68,2.85
12,5,6,3.2,2.4,0.72,Needs improvement in deadlines,0.68,3.2,0.79,0.48,2.75
13,5,3,2.5,2.5,0.66,Needs improvement in deadlines,0.67,4.7,0.94,0.8,2.85
11,6,3,3.4,3.1,0.82,Good but not consistent,0.64,3.3,0.57,0.67,3.19
16,2,10,3.4,2.5,0.78,Good but not consistent,0.47,3.9,0.97,0.98,2.54
15,15,0,2.9,3.0,0.64,Good but not consistent,0.75,4.7,0.53,0.4,3.94
20,4,4,3.2,3.4,0.93,Late submission and weak teamwork,0.71,4.5,0.5,0.81,2.98
13,0,4,4.3,3.1,0.75,Outstanding contribution,0.82,2.7,0.95,0.79,2.4
17,15,2,4.9,3.1,0.61,Needs improvement in deadlines,0.9,4.4,0.46,0.72,4.11
19,13,3,2.7,2.3,0.79,Very committed and reliable,0.41,4.2,0.49,0.65,3.26
8,4,1,3.8,3.4,0.96,Late submission and weak teamwork,0.97,4.1,0.58,0.4,3.49
12,4,8,2.2,4.9,0.96,Very committed and reliable,0.53,2.9,0.6,0.64,2.98
13,3,2,2.9,2.6,0.73,Excellent performance and teamwork,0.4,4.9,0.44,0.58,2.79
9,2,0,3.7,2.3,0.87,Excellent performance and teamwork,0.65,4.8,0.51,0.8,2.93
9,6,3,3.6,3.4,0.86,Outstanding contribution,0.92,3.4,0.81,0.88,3.51
16,7,8,2.4,3.6,0.85,Late submission and weak teamwork,0.99,3.3,0.93,0.45,2.94
12,0,6,4.6,4.7,0.8,Very committed and reliable,1.0,3.8,0.85,0.94,3.02
6,5,0,4.1,2.9,0.85,Excellent performance and teamwork,0.95,3.6,0.89,0.52,3.8
17,14,1,2.6,4.1,0.63,Outstanding contribution,0.49,4.8,0.38,0.76,3.85
14,5,4,4.5,4.3,0.74,Very committed and reliable,0.41,4.7,0.59,0.89,3.61
14,2,8,3.5,2.2,0.94,Good but not consistent,0.56,4.5,0.51,0.99,2.72
18,15,3,3.7,4.3,0.99,Outstanding contribution,0.44,4.3,0.57,0.53,4.21
8,0,3,3.9,3.5,0.92,Good but not consistent,0.5,3.9,0.37,0.47,2.72
11,9,1,3.4,2.8,0.62,Very committed and reliable,0.65,3.1,0.35,0.56,3.4
8,8,0,3.1,2.3,0.63,Late submission and weak teamwork,0.46,4.9,0.6,0.74,3.88
6,1,0,3.6,3.7,0.99,Good but not consistent,0.73,4.8,0.52,0.82,3.17
5,2,2,3.3,3.0,0.78,Outstanding contribution,0.88,4.8,0.87,0.48,3.21
12,8,2,3.8,3.9,0.71,Needs improvement in deadlines,0.58,4.1,0.5,0.79,3.71
18,10,5,3.3,3.3,0.77,Excellent performance and teamwork,0.78,3.1,0.36,0.5,3.16
9,1,4,2.7,3.3,0.77,Late submission and weak teamwork,0.9,4.6,0.58,0.87,2.67
17,7,10,3.4,3.9,0.95,Needs improvement in deadlines,0.64,3.1,0.71,0.99,3.17
5,2,1,4.3,3.4,0.83,Very committed and reliable,0.85,2.7,0.92,0.48,3.1
12,5,2,3.8,4.3,0.84,Late submission and weak teamwork,0.94,2.7,0.96,0.94,3.21
16,7,0,4.5,3.8,0.87,Excellent performance and teamwork,0.55,2.7,0.86,0.84,3.29
5,2,2,3.7,3.3,0.73,Needs improvement in deadlines,0.7,3.7,0.76,0.69,3.11
14,12,2,2.7,4.9,0.81,Needs improvement in deadlines,0.88,3.3,0.33,0.71,3.87
10,3,7,4.5,3.6,0.67,Excellent performance and teamwork,0.52,3.0,0.53,0.44,3.01
19,10,6,3.2,3.3,0.8,Late submission and weak teamwork,0.5,3.2,0.43,0.78,3.13
18,11,5,4.9,3.9,0.72,Excellent performance and teamwork,0.65,4.9,0.64,0.88,4.02
8,5,2,3.0,4.7,0.66,Excellent performance and teamwork,0.42,3.5,0.63,0.87,3.51
10,6,1,2.8,3.6,0.96,Outstanding contribution,0.4,2.7,0.92,0.85,3.2
13,0,12,3.9,2.5,0.72,Very committed and reliable,0.78,3.3,0.92,0.4,2.3
9,4,5,4.9,3.3,1.0,Late submission and weak teamwork,0.54,3.2,0.51,0.58,3.45
18,10,1,2.9,3.0,0.99,Needs improvement in deadlines,0.83,4.3,0.78,0.68,3.37
9,3,2,2.2,3.7,0.62,Very committed and reliable,0.61,3.5,0.98,0.54,2.69
7,2,5,2.7,2.9,0.87,Outstanding contribution,0.66,4.2,0.36,0.6,2.82
9,3,2,4.8,2.4,0.93,Good but not consistent,0.55,2.7,0.34,0.41,2.95
7,6,0,5.0,3.3,0.65,Late submission and weak teamwork,0.47,4.0,0.67,0.67,4.07
12,11,0,3.7,4.5,0.77,Good but not consistent,0.42,2.8,0.98,0.65,3.96
15,1,6,4.0,2.5,0.87,Very committed and reliable,0.74,3.6,0.87,0.48,2.56
15,7,1,3.8,2.8,0.74,Very committed and reliable,0.54,4.1,0.6,0.93,3.21
7,6,1,2.4,4.6,0.85,Good but not consistent,0.58,2.6,0.45,0.95,3.63
20,5,8,4.9,3.0,0.88,Excellent performance and teamwork,0.52,2.6,0.75,0.7,2.92
17,14,1,2.7,4.9,0.75,Good but not consistent,0.59,4.0,0.52,0.46,3.93
13,11,2,2.3,2.8,0.96,Excellent performance and teamwork,0.67,4.4,0.94,0.46,3.65
13,8,1,4.3,2.4,0.73,Late submission and weak teamwork,0.85,3.4,0.77,0.97,3.31
15,4,0,3.7,3.8,0.61,Late submission and weak teamwork,0.46,3.8,0.73,0.84,2.96
10,2,1,4.1,3.4,0.76,Needs improvement in deadlines,0.78,4.0,0.97,0.49,2.98
17,8,8,4.5,3.2,0.78,Late submission and weak teamwork,0.41,3.2,0.61,0.95,3.28
15,15,0,2.6,3.5,0.9,Excellent performance and teamwork,0.79,3.7,0.97,0.7,3.91
11,2,8,4.9,2.5,0.87,Late submission and weak teamwork,0.93,3.8,0.54,0.72,2.95
14,7,2,3.9,2.3,0.87,Excellent performance and teamwork,0.62,3.2,0.44,0.85,3.06
14,2,0,2.2,4.7,0.86,Needs improvement in deadlines,0.42,3.0,0.37,0.87,2.62
7,1,2,3.2,2.4,0.8,Excellent performance and teamwork,0.67,2.6,0.75,0.71,2.25
5,2,0,2.8,3.2,0.72,Excellent performance and teamwork,0.78,2.9,0.72,0.77,2.74
12,2,2,4.2,4.7,0.82,Very committed and reliable,0.84,3.6,0.48,0.55,3.16
11,2,1,4.8,4.1,0.65,Excellent performance and teamwork,0.79,2.9,0.92,0.43,2.96
16,4,1,3.3,4.7,0.77,Needs improvement in deadlines,0.54,3.5,0.6,0.49,3.06
16,7,5,2.4,3.7,0.71,Outstanding contribution,0.41,4.9,0.55,0.92,3.21
8,1,4,3.1,2.1,0.62,Very committed and reliable,0.65,4.7,0.62,0.96,2.48
17,10,5,4.0,2.8,0.92,Excellent performance and teamwork,0.84,4.5,0.41,0.86,3.6
18,6,4,3.7,4.1,0.97,Outstanding contribution,0.52,3.6,0.98,0.83,3.27
13,3,1,3.5,3.8,0.74,Very committed and reliable,0.5,3.4,0.67,0.45,2.86
11,1,4,3.9,2.5,0.99,Excellent performance and teamwork,0.95,3.2,0.31,0.56,2.55
18,18,0,2.2,3.9,0.8,Good but not consistent,0.86,3.7,0.36,0.73,3.86
20,2,5,4.2,2.3,0.79,Very committed and reliable,0.92,4.8,0.56,0.94,2.81
18,2,2,2.0,3.0,0.9,Excellent performance and teamwork,0.63,4.7,0.68,0.69,2.56
13,4,3,4.7,3.1,0.73,Late submission and weak teamwork,0.95,4.4,0.6,0.72,3.27
20,8,5,2.6,4.2,0.99,Excellent performance and teamwork,0.8,4.3,0.88,0.58,3.31
19,18,1,2.2,2.7,0.6,Late submission and weak teamwork,0.95,2.6,0.31,0.67,3.22
5,5,0,3.8,4.0,0.94,Excellent performance and teamwork,0.51,3.0,0.73,0.73,4.13
19,8,6,4.9,4.4,0.6,Outstanding contribution,0.44,2.9,0.45,1.0,3.37
16,10,0,2.3,3.0,0.99,Good but not consistent,0.99,3.7,0.4,0.84,3.23
18,13,5,4.8,3.7,0.61,Very committed and reliable,0.83,3.1,0.98,0.69,3.71
15,10,1,4.0,2.9,0.97,Late submission and weak teamwork,0.51,2.5,0.85,0.48,3.36
12,0,3,2.8,2.4,0.72,Outstanding contribution,0.76,2.6,0.83,0.43,1.92
9,5,1,2.2,4.2,0.68,Excellent performance and teamwork,0.64,3.4,0.46,0.97,3.13
18,13,5,3.0,3.6,0.66,Excellent performance and teamwork,0.68,4.6,0.4,0.62,3.65
19,10,3,4.5,4.1,0.63,Good but not consistent,0.64,3.8,0.82,0.41,3.58
10,1,0,2.2,3.0,0.62,Good but not consistent,0.77,3.6,0.55,0.5,2.22
11,9,0,2.8,2.2,0.62,Outstanding contribution,0.42,4.1,0.98,0.85,3.36
13,0,7,4.0,2.6,0.7,Late submission and weak teamwork,0.96,4.3,0.35,0.99,2.53
12,9,0,4.7,3.5,0.99,Outstanding contribution,0.81,3.6,0.67,0.92,3.98
16,3,4,2.6,4.9,0.83,Excellent performance and teamwork,0.7,4.2,0.91,0.44,3.04
12,4,5,3.0,3.1,0.62,Excellent performance and teamwork,0.47,4.3,0.88,0.68,2.89
12,0,6,3.3,2.5,0.73,Outstanding contribution,0.9,3.9,0.36,0.81,2.31
20,8,0,4.7,3.8,0.9,Needs improvement in deadlines,0.55,3.3,0.96,0.97,3.41
10,10,0,3.7,3.8,0.97,Needs improvement in deadlines,0.62,4.9,0.78,0.75,4.46
7,0,5,3.5,2.8,0.99,Needs improvement in deadlines,0.98,4.4,0.62,0.53,2.63
20,14,3,3.8,3.8,0.75,Excellent performance and teamwork,0.69,3.3,0.95,0.75,3.61
17,5,7,3.5,3.5,0.8,Very committed and reliable,0.64,4.1,0.52,0.44,3.06
16,16,0,4.1,4.3,0.77,Good but not consistent,0.87,4.7,0.95,0.9,4.5
7,1,6,2.8,2.4,0.96,Late submission and weak teamwork,1.0,4.4,0.31,0.89,2.61
16,15,1,3.8,4.3,0.68,Late submission and weak teamwork,0.78,4.4,0.59,0.44,4.25
13,1,3,3.1,3.1,0.91,Late submission and weak teamwork,0.98,3.9,0.98,0.66,2.59
12,5,7,3.6,4.9,0.99,Excellent performance and teamwork,0.99,4.7,0.72,0.46,3.76
8,7,1,2.6,2.0,0.6,Late submission and weak teamwork,0.92,2.6,0.39,0.81,3.05
11,2,8,4.7,2.5,0.71,Excellent performance and teamwork,0.89,2.6,0.44,0.91,2.59
14,3,8,2.6,3.7,0.84,Needs improvement in deadlines,0.74,2.9,0.85,0.7,2.58
6,3,0,4.2,4.2,0.64,Excellent performance and teamwork,0.52,3.6,0.62,0.7,3.47
7,0,7,2.6,3.9,0.63,Needs improvement in deadlines,0.92,2.9,0.67,0.52,2.19
18,6,9,2.1,2.8,0.61,Excellent performance and teamwork,0.6,3.3,0.53,0.8,2.44
8,0,1,3.7,3.4,0.65,Good but not consistent,0.51,4.4,0.52,0.66,2.62
13,9,2,2.7,3.0,0.64,Very committed and reliable,0.89,4.5,0.7,0.83,3.4
13,0,3,4.0,4.7,0.82,Good but not consistent,0.66,3.3,0.83,0.4,2.81
18,0,16,3.9,3.8,0.77,Outstanding contribution,0.76,3.0,0.3,0.56,2.53
8,2,6,3.4,3.2,0.98,Very committed and reliable,0.71,3.0,0.8,0.93,2.79
10,5,4,2.2,3.2,0.94,Excellent performance and teamwork,0.63,4.0,0.61,0.73,3.1
8,4,3,3.3,4.1,0.63,Very committed and reliable,0.84,2.7,0.5,0.47,3.08
9,2,2,4.4,2.3,0.96,Late submission and weak teamwork,0.77,3.9,0.79,0.51,2.93
5,3,1,5.0,2.1,0.81,Late submission and weak teamwork,0.62,4.9,0.9,0.63,3.71
19,17,0,4.9,4.5,0.96,Outstanding contribution,0.74,3.5,0.58,0.64,4.4
15,13,0,3.6,2.5,0.96,Outstanding contribution,0.94,3.6,0.58,0.82,3.72
18,4,4,2.2,2.2,0.69,Late submission and weak teamwork,0.46,3.0,0.81,0.5,2.16
18,15,0,3.4,4.1,0.66,Needs improvement in deadlines,0.7,4.5,0.82,0.66,3.98
10,9,1,4.7,4.2,0.91,Good but not consistent,0.46,3.6,0.35,0.42,4.3
18,2,12,2.0,4.3,0.91,Very committed and reliable,0.81,3.6,0.85,0.79,2.6
14,8,4,2.4,4.9,0.75,Outstanding contribution,0.56,4.2,0.67,0.82,3.53
6,2,3,2.7,3.0,0.86,Late submission and weak teamwork,0.79,4.6,0.39,0.89,2.99
16,10,3,3.6,4.6,0.84,Good but not consistent,0.63,2.7,0.53,0.93,3.54
8,1,6,4.4,5.0,0.63,Late submission and weak teamwork,0.65,3.7,0.73,0.94,3.12
20,18,0,4.4,4.4,0.76,Excellent performance and teamwork,0.43,4.2,0.44,0.88,4.33
14,14,0,4.6,4.0,0.84,Excellent performance and teamwork,0.42,5.0,0.5,0.57,4.64
15,15,0,3.9,4.8,0.89,Good but not consistent,0.43,4.5,0.39,0.59,4.59
19,17,2,3.4,3.5,0.92,Outstanding contribution,0.99,4.7,0.52,0.63,4.12
7,6,1,2.3,3.2,0.62,Outstanding contribution,0.4,5.0,0.34,0.62,3.7
15,5,7,4.4,2.8,0.95,Very committed and reliable,0.82,2.6,0.47,1.0,2.94
8,2,0,2.7,2.4,0.77,Excellent performance and teamwork,0.88,4.3,0.72,0.61,2.64
5,5,0,2.2,3.1,0.94,Needs improvement in deadlines,0.99,2.6,0.84,0.41,3.55
10,4,2,3.0,4.6,0.93,Very committed and reliable,0.83,3.9,0.76,0.49,3.37
11,11,0,2.3,3.4,0.85,Needs improvement in deadlines,0.62,4.7,0.69,0.75,4.01
20,19,1,2.8,3.0,0.8,Good but not consistent,0.99,2.6,0.86,0.94,3.5
12,2,1,3.4,4.3,0.76,Needs improvement in deadlines,0.93,3.1,0.98,0.85,2.79
8,5,1,4.9,4.0,0.76,Excellent performance and teamwork,0.78,4.9,0.35,0.91,4.08
16,16,0,3.6,3.3,0.77,Outstanding contribution,0.71,3.5,0.67,0.49,3.97
15,1,1,3.0,4.3,0.76,Excellent performance and teamwork,0.97,3.8,0.7,0.62,2.7
20,3,16,4.9,3.5,0.8,Very committed and reliable,0.96,3.7,0.4,0.81,3.05
15,3,1,2.5,4.8,0.82,Excellent performance and teamwork,0.7,4.2,0.96,0.58,3.01
7,6,0,2.9,2.4,0.76,Needs improvement in deadlines,0.7,4.2,0.81,0.79,3.57
7,5,2,4.4,4.9,0.81,Good but not consistent,0.92,4.3,0.62,0.93,4.2
12,11,1,3.8,3.2,0.71,Good but not consistent,0.69,4.7,0.85,0.69,4.07
19,4,2,4.4,4.5,0.74,Outstanding contribution,0.7,3.8,0.92,0.66,3.23
15,0,12,5.0,2.4,0.61,Very committed and reliable,0.76,4.3,0.77,0.88,2.65
6,5,0,3.9,4.4,0.72,Late submission and weak teamwork,0.85,3.4,0.61,0.51,3.95
18,17,1,3.0,4.1,0.69,Late submission and weak teamwork,0.87,4.5,0.53,0.96,4.08
9,5,0,4.1,4.1,0.82,Excellent performance and teamwork,0.85,3.9,0.45,0.56,3.66
6,3,0,3.4,3.5,0.69,Excellent performance and teamwork,0.94,3.5,0.42,0.6,3.18
9,8,1,3.6,2.4,0.64,Good but not consistent,0.82,3.1,0.89,0.6,3.47
11,9,1,2.4,4.3,0.8,Excellent performance and teamwork,0.96,3.8,0.4,0.56,3.73
16,5,9,3.3,2.1,0.81,Needs improvement in deadlines,0.58,4.0,0.98,0.76,2.75
18,17,0,4.3,3.8,0.66,Excellent performance and teamwork,0.4,4.9,0.54,0.99,4.35
9,0,8,3.4,2.7,0.64,Outstanding contribution,0.75,3.3,0.56,0.48,2.2
17,14,3,3.2,4.3,0.61,Excellent performance and teamwork,0.89,3.8,0.65,0.55,3.8
18,12,4,3.5,2.4,0.88,Very committed and reliable,0.78,3.0,0.57,0.88,3.22
15,14,1,4.5,2.3,0.62,Very committed and reliable,0.48,4.0,0.88,0.95,3.87
9,1,3,4.2,4.3,0.63,Very committed and reliable,0.56,3.7,0.98,0.89,2.92
19,15,3,3.3,4.2,0.82,Very committed and reliable,0.85,4.0,0.66,0.49,3.89
15,15,0,3.2,2.9,0.84,Outstanding contribution,0.51,4.4,0.77,0.61,4.02
7,1,4,3.9,2.3,0.68,Outstanding contribution,0.84,3.4,1.0,0.89,2.47
14,14,0,4.3,2.8,0.74,Good but not consistent,0.96,4.2,0.5,0.8,4.13
13,2,11,3.4,2.3,0.92,Late submission and weak teamwork,0.52,4.0,0.3,0.92,2.63
15,14,0,2.9,4.9,0.84,Very committed and reliable,0.41,3.3,0.7,0.49,4.04
9,9,0,2.8,3.7,0.64,Late submission and weak teamwork,0.92,4.6,0.34,0.98,4.04
11,7,1,2.2,3.9,0.89,Excellent performance and teamwork,0.77,3.4,0.52,0.62,3.3
16,8,5,3.6,4.7,0.88,Needs improvement in deadlines,0.93,4.3,0.53,0.46,3.71
18,13,0,2.5,3.3,0.98,Needs improvement in deadlines,0.77,3.4,0.45,0.74,3.41
11,8,2,4.3,4.7,0.7,Excellent performance and teamwork,0.77,2.6,0.59,0.53,3.76
9,7,1,3.6,3.5,0.91,Late submission and weak teamwork,0.47,4.5,0.7,0.81,3.94
18,0,11,3.4,3.0,0.86,Good but not consistent,0.79,4.6,0.99,0.63,2.63
17,15,1,4.7,4.8,0.61,Needs improvement in deadlines,0.48,3.9,0.65,0.58,4.31
16,16,0,2.0,2.3,0.97,Excellent performance and teamwork,0.97,3.2,0.67,0.65,3.48
5,4,0,3.2,2.2,0.69,Late submission and weak teamwork,0.69,4.7,0.49,0.75,3.56
16,12,1,2.9,3.8,0.97,Outstanding contribution,0.54,4.6,0.41,0.8,3.87
14,4,9,2.5,3.1,0.75,Late submission and weak teamwork,0.96,3.7,0.56,0.63,2.66
16,12,2,3.9,3.5,0.89,Outstanding contribution,0.47,4.4,0.87,0.53,3.93
15,7,3,3.0,2.1,0.84,Needs improvement in deadlines,0.41,3.0,0.94,0.42,2.74
18,11,0,4.7,3.8,0.71,Needs improvement in deadlines,0.72,4.0,0.36,0.41,3.77
5,4,0,3.5,4.1,0.78,Late submission and weak teamwork,0.85,4.6,0.34,0.72,4.03
20,12,6,4.8,3.8,0.94,Outstanding contribution,0.46,3.3,0.96,0.88,3.75
8,3,0,4.8,3.7,0.73,Good but not consistent,0.85,3.5,0.35,0.87,3.33
17,9,7,4.1,2.0,0.72,Excellent performance and teamwork,0.84,3.9,0.99,0.49,3.15
14,14,0,3.9,4.4,0.68,Excellent performance and teamwork,0.45,4.9,0.35,0.93,4.48
12,11,1,4.6,4.4,0.99,Needs improvement in deadlines,0.92,2.7,0.47,0.56,4.21
5,3,0,3.3,3.0,0.79,Very committed and reliable,0.88,3.2,0.41,0.77,3.2
9,4,4,2.2,4.3,0.96,Very committed and reliable,0.44,4.4,0.95,0.62,3.33
12,11,0,3.3,2.3,0.87,Excellent performance and teamwork,0.48,3.1,0.89,0.55,3.55
11,6,2,4.8,3.9,0.96,Excellent performance and teamwork,0.41,4.9,0.91,0.5,4.02
20,15,1,4.5,4.1,0.62,Needs improvement in deadlines,0.77,4.1,0.67,0.56,3.97
12,4,7,2.5,3.9,0.64,Late submission and weak teamwork,0.74,3.2,0.39,0.92,2.74
8,4,0,2.1,3.7,0.67,Late submission and weak teamwork,0.46,3.3,0.8,0.94,2.91
12,11,1,4.4,3.0,0.91,Excellent performance and teamwork,0.99,4.7,0.41,0.48,4.25
11,11,0,4.7,3.7,0.68,Late submission and weak teamwork,0.56,4.1,0.88,0.86,4.34
17,6,4,3.8,3.7,0.99,Excellent performance and teamwork,0.89,3.0,0.5,0.75,3.12
12,9,3,4.6,4.8,0.76,Late submission and weak teamwork,0.93,3.1,0.97,0.68,4.0
9,1,4,4.7,3.3,0.8,Outstanding contribution,0.46,2.8,0.59,0.94,2.73
9,0,7,4.3,5.0,0.95,Very committed and reliable,0.78,4.4,0.56,0.74,3.21
18,15,3,3.9,3.9,0.68,Outstanding contribution,0.42,3.0,0.79,0.62,3.75
15,1,2,3.6,3.5,0.76,Very committed and reliable,0.5,4.7,0.64,1.0,2.84
5,0,0,4.2,4.1,0.98,Needs improvement in deadlines,0.74,4.8,0.5,0.85,3.11
20,18,1,2.9,4.3,0.86,Needs improvement in deadlines,0.6,3.0,0.52,0.71,3.82
20,7,1,4.2,4.2,0.87,Needs improvement in deadlines,0.5,3.8,0.56,0.99,3.4
9,3,4,3.1,4.8,0.91,Needs improvement in deadlines,0.9,3.7,0.84,0.86,3.28
18,3,9,4.4,4.6,0.68,Very committed and reliable,0.77,4.1,0.78,0.91,3.21
18,4,6,3.5,3.5,0.83,Good but not consistent,0.8,4.5,0.7,0.77,3.05
5,4,1,2.9,4.0,0.71,Excellent performance and teamwork,0.92,3.3,0.43,0.97,3.6
17,11,1,2.7,4.0,0.65,Needs improvement in deadlines,0.45,4.2,0.89,0.51,3.48
11,3,2,4.5,3.6,0.86,Very committed and reliable,0.73,3.0,0.6,0.64,3.06
11,8,1,3.6,2.5,0.85,Outstanding contribution,0.47,4.1,0.53,0.57,3.56
7,6,1,4.7,2.0,0.63,Late submission and weak teamwork,0.84,4.8,0.52,0.59,3.9
8,7,1,4.7,4.0,0.84,Excellent performance and teamwork,0.99,2.9,0.79,0.79,4.05
11,1,0,4.1,2.8,0.63,Needs improvement in deadlines,0.74,3.0,0.63,0.87,2.43
10,4,0,3.1,4.4,0.99,Excellent performance and teamwork,0.83,3.4,0.36,0.93,3.28
19,10,1,2.1,2.5,0.8,Late submission and weak teamwork,0.59,3.3,0.6,0.53,2.77
8,8,0,3.7,3.6,0.78,Outstanding contribution,0.49,3.6,0.87,0.91,4.07
6,4,0,2.5,4.7,0.72,Needs improvement in deadlines,0.45,3.1,0.86,0.48,3.42
20,13,3,3.5,5.0,0.69,Very committed and reliable,0.57,2.8,0.81,0.57,3.58
9,2,5,2.8,3.2,0.99,Good but not consistent,0.48,4.8,0.9,0.65,2.99
13,6,2,4.0,3.6,0.6,Good but not consistent,0.87,4.9,0.82,0.43,3.49
11,2,5,3.8,4.3,0.68,Needs improvement in deadlines,0.65,2.8,0.7,0.67,2.79
18,15,0,4.3,4.8,1.0,Very committed and reliable,0.54,3.1,0.9,0.73,4.19
11,7,3,3.0,4.8,0.64,Good but not consistent,0.58,4.8,0.5,0.81,3.79
19,14,5,2.3,3.0,0.67,Very committed and reliable,0.54,4.8,0.4,0.67,3.46
5,3,2,3.5,4.0,0.68,Needs improvement in deadlines,0.82,4.7,0.43,0.81,3.68
9,4,1,2.3,3.9,0.8,Outstanding contribution,0.6,3.2,0.51,0.44,2.95
19,2,16,2.7,5.0,0.72,Outstanding contribution,0.88,3.9,0.99,0.95,2.84
12,3,9,3.3,3.1,0.7,Excellent performance and teamwork,0.77,2.7,0.37,0.84,2.55
14,11,3,3.0,2.6,0.8,Very committed and reliable,0.47,5.0,0.88,0.66,3.7
12,12,0,4.5,2.9,0.78,Good but not consistent,0.72,2.6,0.96,0.78,3.89
17,10,6,4.3,4.4,0.86,Good but not consistent,0.67,2.6,0.75,0.69,3.57
11,9,0,3.0,2.2,0.96,Good but not consistent,0.94,2.7,0.69,0.41,3.29
8,8,0,3.7,4.4,0.98,Late submission and weak teamwork,0.74,4.4,0.99,0.57,4.49
14,5,5,2.6,2.4,0.67,Good but not consistent,0.98,3.1,0.97,0.4,2.49
6,2,0,3.7,3.0,0.73,Good but not consistent,0.41,4.0,0.48,0.71,3.0
14,9,3,4.2,4.2,0.68,Good but not consistent,0.94,3.3,0.86,0.74,3.64
12,4,1,3.7,3.6,0.68,Late submission and weak teamwork,0.67,4.2,0.89,0.72,3.14
12,0,12,3.3,2.8,0.85,Excellent performance and teamwork,0.41,5.0,0.33,0.52,2.65
10,2,3,2.4,2.6,0.92,Late submission and weak teamwork,0.96,3.7,0.79,0.95,2.5
8,4,0,3.9,3.4,0.89,Excellent performance and teamwork,0.52,3.7,0.52,0.85,3.4
16,7,5,4.6,3.8,0.99,Needs improvement in deadlines,0.78,2.7,0.93,0.58,3.37
5,2,3,3.3,4.6,0.81,Good but not consistent,0.4,4.7,0.48,0.45,3.52
14,3,2,3.1,3.3,0.81,Outstanding contribution,0.78,3.7,0.6,0.67,2.75
14,4,2,3.9,4.3,0.95,Excellent performance and teamwork,0.9,2.6,0.88,0.46,3.06
12,1,5,3.9,3.9,0.99,Needs improvement in deadlines,0.44,4.8,0.98,0.66,3.14
8,1,4,2.4,3.9,0.97,Excellent performance and teamwork,0.88,4.1,0.44,0.98,2.75
8,6,1,4.5,2.9,0.96,Outstanding contribution,0.79,3.9,0.52,0.71,3.87
17,5,3,2.2,2.5,0.99,Needs improvement in deadlines,0.8,4.4,0.32,0.52,2.76
5,3,2,3.3,4.7,0.71,Excellent performance and teamwork,0.89,3.2,0.55,0.82,3.5
9,0,1,3.3,3.0,0.6,Late submission and weak teamwork,0.68,4.8,0.61,0.98,2.52
19,14,3,3.3,4.4,0.83,Outstanding contribution,0.73,4.4,0.54,0.44,3.94
12,5,7,3.1,4.1,0.61,Late submission and weak teamwork,1.0,4.3,0.62,0.75,3.23
14,9,2,4.5,3.4,0.6,Needs improvement in deadlines,0.88,3.3,0.68,0.79,3.5
9,0,3,3.7,2.9,0.77,Excellent performance and teamwork,0.71,3.9,0.71,1.0,2.49
19,4,2,4.6,3.4,0.84,Outstanding contribution,0.6,3.8,0.56,0.73,3.1
18,11,0,3.4,2.5,0.66,Late submission and weak teamwork,0.9,3.6,0.46,0.62,3.15
14,5,0,4.8,4.7,0.9,Late submission and weak teamwork,0.55,4.5,0.35,0.76,3.79
20,14,3,3.2,4.5,0.72,Very committed and reliable,0.48,3.8,0.64,0.66,3.71
20,16,1,4.8,4.9,0.66,Excellent performance and teamwork,0.58,4.9,0.36,0.78,4.45
11,11,0,2.5,3.1,0.82,Excellent performance and teamwork,0.95,2.6,0.74,0.7,3.55
6,2,4,2.0,3.3,0.94,Very committed and reliable,0.6,2.8,0.98,0.64,2.59
8,3,1,4.1,4.9,0.95,Good but not consistent,0.65,3.5,0.45,0.82,3.54
11,4,2,3.7,2.7,0.91,Late submission and weak teamwork,0.45,4.9,0.6,0.55,3.26
16,3,9,3.0,3.1,0.65,Needs improvement in deadlines,0.53,4.7,0.48,0.94,2.77
11,8,3,3.9,2.7,0.84,Good but not consistent,0.46,4.7,0.37,0.65,3.77
8,5,2,3.5,2.0,0.99,Good but not consistent,0.67,3.4,0.42,0.85,3.21
20,7,7,3.1,4.4,0.93,Needs improvement in deadlines,0.87,4.1,0.72,0.46,3.31
20,6,13,2.2,4.8,0.96,Outstanding contribution,0.5,3.1,0.98,0.41,2.95
17,13,1,4.5,4.1,0.71,Very committed and reliable,0.57,3.1,0.72,0.76,3.84
17,3,13,3.5,4.9,0.95,Late submission and weak teamwork,0.65,3.9,0.53,0.53,3.2
16,1,13,4.9,4.2,0.92,Late submission and weak teamwork,0.9,4.7,0.75,0.72,3.31
7,3,2,3.5,4.0,1.0,Outstanding contribution,0.6,4.0,0.42,0.88,3.44
5,5,0,3.1,3.7,0.88,Needs improvement in deadlines,0.65,4.7,0.89,0.83,4.24
5,0,5,4.2,4.0,0.95,Good but not consistent,0.56,2.9,0.4,0.71,2.7
14,12,2,3.6,2.7,0.93,Late submission and weak teamwork,0.97,3.7,0.93,0.46,3.75
9,6,1,3.7,4.1,0.7,Needs improvement in deadlines,0.53,4.9,0.68,0.63,3.89
16,14,1,4.5,4.1,0.61,Needs improvement in deadlines,0.79,3.7,0.54,0.88,4.08
17,4,3,2.9,4.8,0.66,Very committed and reliable,0.58,4.5,0.55,0.56,3.12
13,13,0,4.2,3.1,0.91,Excellent performance and teamwork,0.82,3.9,0.52,0.45,4.2
9,9,0,4.4,3.1,0.75,Outstanding contribution,0.72,4.7,0.32,0.81,4.32
10,3,0,4.5,2.4,0.66,Good but not consistent,0.78,3.4,0.84,0.4,2.84
7,2,2,3.7,3.0,0.87,Good but not consistent,0.66,3.2,0.93,0.84,2.84
9,6,1,3.5,2.3,0.84,Good but not consistent,0.49,3.0,0.59,0.76,3.18
10,3,1,3.2,2.1,0.67,Late submission and weak teamwork,0.68,4.5,0.35,0.67,2.75
12,2,7,2.4,3.6,0.71,Needs improvement in deadlines,0.61,3.0,0.67,0.78,2.41
15,5,5,3.9,4.0,0.98,Good but not consistent,0.95,4.6,0.7,0.72,3.49
5,4,0,4.7,2.8,0.63,Late submission and weak teamwork,0.88,5.0,0.91,0.74,4.02
5,2,1,2.5,3.3,0.63,Excellent performance and teamwork,0.61,3.4,0.32,0.99,2.76
7,5,0,4.7,2.0,0.81,Needs improvement in deadlines,0.57,3.3,0.72,0.95,3.48
8,6,2,3.0,2.8,0.9,Needs improvement in deadlines,0.6,2.6,0.79,0.78,3.26
6,2,1,4.1,4.8,0.78,Good but not consistent,0.86,5.0,0.84,0.66,3.67
11,10,1,2.7,2.6,0.8,Excellent performance and teamwork,0.54,4.1,0.31,0.44,3.64
17,16,1,4.5,3.1,0.98,Excellent performance and teamwork,0.58,2.7,0.94,0.52,3.96
10,8,2,2.6,4.0,0.62,Late submission and weak teamwork,0.54,4.6,0.78,0.95,3.75
15,0,2,4.6,3.3,0.76,Needs improvement in deadlines,0.88,4.7,0.33,0.62,2.9
19,11,0,4.2,4.5,0.79,Outstanding contribution,0.44,5.0,0.78,0.81,4.0
6,1,2,4.6,3.5,0.95,Excellent performance and teamwork,0.51,4.2,0.85,0.7,3.19
7,3,2,2.7,2.9,0.81,Excellent performance and teamwork,0.8,3.0,0.91,0.79,2.77
19,5,0,4.5,4.7,0.72,Late submission and weak teamwork,0.81,4.8,0.51,0.73,3.55
11,8,0,2.2,2.1,0.7,Good but not consistent,0.44,4.7,0.34,0.63,3.24
8,1,1,2.6,2.5,0.78,Good but not consistent,0.75,3.6,0.68,0.48,2.32
7,5,2,3.0,4.1,0.84,Excellent performance and teamwork,0.69,4.7,0.95,0.52,3.85
12,6,5,3.1,4.1,0.68,Outstanding contribution,0.79,4.1,0.67,0.55,3.35
15,14,1,4.0,3.9,0.64,Needs improvement in deadlines,0.55,2.6,0.68,1.0,3.82
5,1,4,2.3,2.8,0.98,Excellent performance and teamwork,0.84,4.0,0.83,0.69,2.61
5,5,0,4.8,3.9,0.74,Outstanding contribution,0.63,4.0,0.78,0.69,4.41
20,8,6,2.5,3.8,0.86,Good but not consistent,0.89,3.6,0.58,0.54,3.01
20,19,1,2.0,4.6,0.62,Outstanding contribution,0.42,3.2,0.32,0.99,3.69
16,12,3,4.8,3.5,0.86,Late submission and weak teamwork,0.47,3.1,0.72,0.64,3.84
14,2,1,4.2,4.8,0.7,Very committed and reliable,0.97,2.5,0.37,0.42,2.86
12,8,3,3.3,2.7,0.62,Outstanding contribution,1.0,3.3,0.84,0.44,3.17
5,4,1,4.4,2.5,0.85,Late submission and weak teamwork,0.86,3.1,0.55,0.61,3.62
8,3,0,2.4,4.6,0.79,Very committed and reliable,0.71,3.9,0.48,0.48,3.14
11,0,4,4.2,4.1,0.87,Very committed and reliable,0.87,4.6,0.81,0.41,3.02
8,0,4,4.5,3.4,0.67,Late submission and weak teamwork,0.91,4.1,0.39,0.68,2.73
16,8,1,2.5,4.4,0.6,Very committed and reliable,0.85,4.9,0.34,0.91,3.41
10,4,4,2.2,3.4,0.82,Late submission and weak teamwork,0.77,4.2,0.77,0.99,2.97
19,12,0,3.1,4.3,0.98,Very committed and reliable,0.5,2.5,0.66,0.48,3.42
8,1,7,3.4,3.9,0.82,Late submission and weak teamwork,0.87,3.1,0.84,0.7,2.68
18,6,5,2.0,2.2,0.64,Very committed and reliable,0.62,3.6,0.53,0.68,2.38
8,3,5,3.6,2.9,0.98,Late submission and weak teamwork,0.75,4.3,0.52,0.9,3.21
19,7,3,3.2,4.4,1.0,Very committed and reliable,0.7,4.7,0.43,0.73,3.51
17,9,0,2.2,4.0,0.85,Good but not consistent,0.85,2.7,0.37,0.9,3.0
14,1,11,2.2,2.5,0.65,Excellent performance and teamwork,0.6,4.7,0.66,0.76,2.31
11,1,4,2.9,3.7,0.65,Excellent performance and teamwork,0.52,3.8,0.44,0.83,2.54
10,1,9,2.6,2.6,0.77,Needs improvement in deadlines,0.81,4.1,0.79,0.77,2.4
5,1,0,4.7,3.5,0.92,Late submission and weak teamwork,0.69,4.6,0.42,0.61,3.32
9,5,4,4.2,2.4,0.91,Excellent performance and teamwork,0.69,4.6,0.86,0.73,3.53
9,5,2,3.8,4.1,0.79,Excellent performance and teamwork,0.89,4.9,0.74,0.51,3.79
7,3,4,2.7,4.0,0.65,Late submission and weak teamwork,0.41,4.1,0.43,0.56,3.13
7,5,1,4.6,3.7,0.75,Needs improvement in deadlines,0.46,3.2,0.85,0.45,3.75
13,12,1,2.9,2.9,0.67,Late submission and weak teamwork,0.55,3.9,0.94,0.73,3.66
14,14,0,2.6,2.4,0.69,Good but not consistent,0.77,3.8,0.98,0.79,3.6
10,7,0,2.7,3.0,0.86,Outstanding contribution,0.53,4.9,0.69,0.61,3.6
12,2,1,5.0,4.3,0.69,Needs improvement in deadlines,0.82,4.4,0.71,0.89,3.33
18,8,7,3.1,3.6,0.79,Very committed and reliable,0.91,3.5,0.79,0.81,3.1
11,5,4,3.7,2.9,0.61,Very committed and reliable,0.73,3.8,0.64,0.93,3.07
15,12,0,2.3,3.5,0.7,Very committed and reliable,0.93,3.1,0.52,0.53,3.33
20,5,14,2.7,4.8,0.86,Very committed and reliable,0.64,4.5,0.93,0.55,3.21
17,7,8,3.8,2.0,0.7,Late submission and weak teamwork,0.53,3.0,0.89,0.94,2.73
14,0,14,2.4,4.2,0.7,Excellent performance and teamwork,0.56,5.0,0.39,0.44,2.67
5,0,1,2.2,2.5,0.76,Very committed and reliable,0.8,3.5,0.63,0.43,2.02
8,6,1,4.7,4.7,0.86,Outstanding contribution,0.63,3.5,0.8,0.41,4.13
7,2,2,4.8,3.8,0.85,Good but not consistent,0.72,4.6,0.91,0.54,3.49
19,10,2,4.3,4.3,0.82,Needs improvement in deadlines,0.4,4.4,0.54,0.8,3.8
13,8,3,2.6,4.3,0.89,Very committed and reliable,0.72,3.7,0.81,0.95,3.49
19,5,1,2.3,4.9,0.75,Good but not consistent,0.76,3.4,0.8,0.5,2.89
5,2,2,2.9,4.5,0.68,Very committed and reliable,0.99,4.0,0.49,0.95,3.22
15,13,1,3.7,3.7,0.9,Outstanding contribution,0.56,4.7,0.76,0.57,4.17
7,7,0,2.8,4.0,0.71,Excellent performance and teamwork,0.81,2.8,0.94,0.72,3.78
8,5,1,3.3,2.4,0.78,Excellent performance and teamwork,0.76,4.6,0.47,0.6,3.39
9,4,4,4.8,3.4,0.7,Good but not consistent,0.93,3.4,0.35,0.73,3.34
11,3,6,4.7,3.2,0.75,Outstanding contribution,0.87,3.7,0.87,0.77,3.1
6,5,1,2.8,3.9,0.65,Very committed and reliable,0.43,2.8,0.58,0.81,3.48
8,5,3,4.4,3.7,0.88,Outstanding contribution,0.63,4.0,0.42,0.58,3.8
7,5,0,2.9,2.5,0.69,Excellent performance and teamwork,0.64,4.9,0.33,0.56,3.48
19,18,0,5.0,2.1,0.78,Excellent performance and teamwork,0.5,4.5,0.89,0.44,4.13
20,13,4,2.1,4.7,0.91,Very committed and reliable,0.42,3.7,0.45,0.73,3.53
13,3,4,3.5,4.6,1.0,Needs improvement in deadlines,0.56,3.3,0.68,0.99,3.13
20,8,7,3.8,4.5,0.96,Good but not consistent,0.74,3.2,0.83,0.92,3.38
20,19,1,4.2,3.6,0.69,Outstanding contribution,0.5,3.3,0.66,0.72,3.99
15,9,2,4.9,2.2,0.64,Good but not consistent,0.71,3.9,0.54,0.95,3.42
16,7,3,4.9,4.6,0.79,Very committed and reliable,0.5,2.5,0.85,0.98,3.45
9,7,1,3.3,2.4,0.72,Good but not consistent,0.74,5.0,0.75,0.98,3.67
9,3,0,4.0,3.2,1.0,Needs improvement in deadlines,0.56,4.9,0.58,0.41,3.42
8,7,0,2.1,3.3,0.84,Very committed and reliable,0.88,2.5,0.52,0.9,3.31
10,7,2,3.5,4.8,0.94,Excellent performance and teamwork,0.53,2.5,0.54,0.64,3.68
10,7,1,2.5,2.2,0.88,Outstanding contribution,0.76,2.6,0.41,0.93,2.95
7,7,0,2.1,4.0,0.95,Very committed and reliable,0.63,2.7,0.53,0.65,3.73
17,0,13,3.7,2.4,0.79,Good but not consistent,0.76,3.7,0.45,0.9,2.36
8,0,5,2.0,3.6,0.99,Outstanding contribution,0.77,3.1,0.94,0.82,2.24
15,9,3,3.4,4.1,0.88,Good but not consistent,1.0,4.5,0.76,0.59,3.74
5,3,1,4.2,2.3,0.73,Needs improvement in deadlines,0.45,3.8,0.63,0.73,3.33
17,14,0,4.4,2.8,0.92,Late submission and weak teamwork,0.51,4.4,0.58,0.68,4.02
5,1,2,4.1,4.6,0.67,Outstanding contribution,0.57,2.5,0.67,0.44,2.88
10,5,0,2.5,4.4,0.91,Good but not consistent,0.71,3.8,0.8,0.54,3.34
9,9,0,3.6,4.3,0.74,Outstanding contribution,0.53,3.2,0.74,0.85,4.09
18,15,3,4.9,2.6,0.62,Needs improvement in deadlines,0.88,3.3,0.54,0.58,3.72
6,4,1,2.6,3.9,1.0,Good but not consistent,0.8,4.7,0.96,0.87,3.74
12,9,1,4.1,3.1,0.68,Very committed and reliable,0.57,2.9,0.64,0.91,3.48
17,2,8,3.2,4.1,0.86,Outstanding contribution,0.9,3.2,0.8,0.78,2.71
5,1,1,3.2,4.7,0.86,Very committed and reliable,0.9,3.9,0.48,0.92,3.09
16,0,12,4.2,4.5,0.66,Excellent performance and teamwork,0.63,3.1,0.62,0.66,2.69
18,7,2,3.0,4.6,0.69,Good but not consistent,0.53,4.2,0.93,0.51,3.29
13,6,1,3.9,4.6,0.82,Outstanding contribution,0.42,2.8,0.32,0.77,3.36
11,8,3,2.1,4.5,0.85,Outstanding contribution,0.69,3.0,0.63,0.63,3.44
20,18,1,3.8,4.0,0.61,Outstanding contribution,0.62,3.8,0.85,0.85,3.98
10,4,1,3.0,4.5,0.97,Late submission and weak teamwork,0.82,4.0,0.36,0.48,3.38
13,2,0,3.1,4.0,0.95,Good but not consistent,0.55,4.8,0.46,0.53,3.09
8,8,0,4.2,4.7,0.95,Excellent performance and teamwork,0.93,2.8,0.77,0.79,4.31
11,6,1,3.9,4.7,0.79,Good but not consistent,0.69,3.4,0.9,0.42,3.61
13,3,10,2.4,3.6,0.86,Outstanding contribution,0.71,2.5,0.46,0.75,2.48
18,16,1,3.9,4.2,0.79,Outstanding contribution,0.94,4.4,0.76,0.93,4.23
18,1,8,4.6,4.9,0.9,Good but not consistent,0.67,3.9,0.44,0.53,3.21
18,5,3,2.4,3.8,0.76,Good but not consistent,0.98,3.8,0.32,0.86,2.8
5,0,2,4.7,2.4,0.73,Outstanding contribution,0.78,3.3,0.9,0.94,2.44
13,9,3,2.4,3.8,0.96,Good but not consistent,0.69,3.4,0.55,0.59,3.44
5,2,3,4.9,4.9,0.96,Late submission and weak teamwork,0.86,2.5,0.66,0.79,3.54
18,2,15,4.7,3.7,0.61,Good but not consistent,0.55,3.4,0.32,0.59,2.83
15,6,1,2.9,3.0,0.8,Excellent performance and teamwork,0.94,4.8,0.76,0.88,3.14
8,1,1,4.7,2.6,0.82,Late submission and weak teamwork,0.89,3.9,0.74,0.62,2.84
20,10,7,4.6,3.2,0.62,Needs improvement in deadlines,0.61,2.9,0.71,0.43,3.2
9,6,0,2.7,2.7,0.74,Outstanding contribution,0.64,4.5,0.72,1.0,3.35
11,5,4,2.4,2.3,0.61,Outstanding contribution,0.48,2.6,0.5,0.77,2.45
9,6,2,3.6,4.5,0.85,Excellent performance and teamwork,0.87,2.5,0.54,0.84,3.54
6,3,2,2.6,5.0,0.95,Late submission and weak teamwork,0.64,3.1,0.74,0.95,3.37
19,11,5,3.9,2.7,0.8,Excellent performance and teamwork,0.52,4.6,0.7,0.7,3.51
9,9,0,4.3,2.5,0.65,Late submission and weak teamwork,0.46,4.0,0.41,0.79,3.99
6,1,5,3.0,4.5,0.67,Outstanding contribution,0.88,4.8,0.37,0.94,3.04
11,0,9,2.1,4.7,0.93,Good but not consistent,0.68,4.0,0.32,0.62,2.62
7,6,0,3.4,3.2,0.96,Good but not consistent,0.75,3.5,0.57,0.55,3.79
18,14,3,2.3,2.3,0.68,Late submission and weak teamwork,0.68,4.5,0.31,0.63,3.33
19,5,9,4.6,4.4,0.88,Outstanding contribution,0.62,4.2,0.83,0.86,3.47
7,7,0,4.2,2.5,0.81,Very committed and reliable,0.63,3.3,0.84,0.86,3.91
14,5,3,4.3,3.2,0.74,Very committed and reliable,0.48,3.3,0.81,0.57,3.07
7,7,0,3.7,3.4,0.62,Needs improvement in deadlines,0.56,3.0,0.39,0.81,3.83
12,4,5,4.3,2.1,0.75,Good but not consistent,0.63,4.8,0.67,0.56,3.11
12,6,1,2.3,2.6,0.95,Very committed and reliable,0.56,3.1,0.75,0.94,2.83
12,5,2,4.4,4.1,0.8,Very committed and reliable,0.7,2.7,0.7,0.84,3.27
7,0,1,2.3,4.9,0.71,Needs improvement in deadlines,0.42,4.1,0.72,0.8,2.61
12,2,4,2.5,3.1,0.91,Excellent performance and teamwork,0.69,2.5,0.46,0.44,2.33
8,1,6,2.8,2.6,0.97,Good but not consistent,0.69,4.6,0.58,0.68,2.67
15,6,2,4.4,3.5,0.63,Outstanding contribution,0.47,3.7,0.6,0.76,3.24
7,4,2,2.4,2.9,0.74,Very committed and reliable,0.7,3.2,0.92,0.64,2.93
20,12,3,4.2,3.9,0.93,Outstanding contribution,0.95,3.3,0.77,0.95,3.65
6,6,0,2.4,2.5,0.81,Needs improvement in deadlines,0.87,4.2,0.32,0.53,3.73
7,6,1,3.4,4.2,0.71,Needs improvement in deadlines,0.81,4.0,0.78,0.59,3.96
20,3,7,2.8,2.7,0.96,Excellent performance and teamwork,1.0,3.2,0.32,0.43,2.45
7,3,1,3.6,3.2,0.84,Needs improvement in deadlines,0.52,3.4,0.67,0.82,3.1
6,5,1,2.2,3.4,0.87,Good but not consistent,0.56,3.7,0.93,0.89,3.55
11,0,7,2.1,3.9,0.74,Very committed and reliable,0.41,3.5,0.44,0.47,2.27
10,3,2,3.5,3.3,0.71,Outstanding contribution,0.93,4.4,0.65,0.88,3.04
12,10,2,4.5,3.4,0.66,Needs improvement in deadlines,0.68,4.5,0.94,0.54,4.06
11,0,4,3.2,2.6,0.93,Very committed and reliable,0.83,2.6,0.62,0.55,2.15
9,1,3,4.4,3.1,0.93,Very committed and reliable,0.98,2.7,0.92,0.68,2.67
12,10,1,3.9,3.2,0.98,Very committed and reliable,0.61,3.5,0.89,0.64,3.86
10,10,0,3.7,3.1,0.85,Excellent performance and teamwork,0.61,3.2,0.35,0.56,3.93
7,3,2,3.4,3.3,0.92,Good but not consistent,0.75,3.5,0.95,0.52,3.14
17,10,3,3.8,2.3,0.9,Outstanding contribution,0.61,3.2,0.49,0.97,3.19
12,7,3,4.5,4.9,0.94,Excellent performance and teamwork,0.59,4.8,0.71,0.45,4.19
12,3,6,2.1,2.3,0.87,Needs improvement in deadlines,0.72,2.9,0.83,0.48,2.27
6,0,6,4.3,4.7,0.64,Excellent performance and teamwork,0.51,4.1,0.59,0.52,2.94
11,9,2,3.1,3.9,0.78,Late submission and weak teamwork,0.63,3.5,0.43,0.93,3.72
11,8,1,2.9,4.6,0.7,Late submission and weak teamwork,0.82,3.8,0.53,0.48,3.7
15,4,2,3.6,3.7,0.9,Excellent performance and teamwork,0.51,3.4,0.76,0.61,2.99
15,3,6,2.2,4.5,0.97,Late submission and weak teamwork,0.62,2.8,0.7,0.52,2.69
10,9,1,2.7,3.0,0.81,Late submission and weak teamwork,0.68,3.3,0.98,0.57,3.56
13,1,8,2.9,4.3,0.89,Needs improvement in deadlines,0.59,4.4,0.82,0.85,2.88
18,8,5,5.0,2.9,0.88,Outstanding contribution,0.53,4.0,0.98,0.68,3.49
9,9,0,2.2,2.4,0.72,Needs improvement in deadlines,0.83,3.5,0.86,0.97,3.48
7,6,1,4.3,2.4,0.71,Very committed and reliable,0.64,4.3,0.92,0.75,3.84
16,11,2,2.4,3.1,0.83,Late submission and weak teamwork,0.82,4.8,0.32,0.61,3.51
5,2,2,3.9,4.2,0.76,Outstanding contribution,0.87,2.7,0.85,0.74,3.14
8,1,7,4.2,3.3,0.9,Outstanding contribution,0.82,4.0,0.59,0.98,2.94
8,3,0,4.0,2.0,0.94,Good but not consistent,0.79,3.7,0.97,0.8,2.97
16,1,7,4.1,3.1,0.65,Good but not consistent,0.42,3.1,0.76,0.95,2.48
16,12,4,4.3,2.7,0.61,Excellent performance and teamwork,1.0,3.1,0.69,0.71,3.45
17,6,6,2.7,4.2,0.77,Excellent performance and teamwork,0.42,4.8,0.44,0.66,3.25
9,4,5,2.8,2.3,0.82,Outstanding contribution,0.83,4.9,0.44,0.43,3.08
16,7,9,3.4,2.3,0.74,Good but not consistent,0.95,4.1,0.94,0.84,2.99
18,6,3,4.6,2.3,0.79,Good but not consistent,0.98,4.7,0.83,0.52,3.21
19,7,1,4.5,4.2,0.81,Good but not consistent,0.73,4.5,0.5,0.49,3.6
17,2,10,2.7,4.6,0.64,Late submission and weak teamwork,0.69,3.1,0.88,0.9,2.58
10,5,0,3.2,4.9,0.9,Needs improvement in deadlines,0.96,2.6,0.92,0.45,3.34
17,9,5,2.1,2.8,0.98,Good but not consistent,0.96,3.4,0.43,0.58,2.94
9,9,0,4.7,4.8,0.9,Excellent performance and teamwork,0.51,2.7,0.69,0.42,4.39
10,4,2,3.1,4.3,0.95,Excellent performance and teamwork,0.92,3.5,0.71,0.59,3.26
9,9,0,2.1,3.3,0.83,Outstanding contribution,0.94,2.5,0.4,0.45,3.5
18,12,5,3.7,4.2,0.99,Very committed and reliable,0.61,3.9,0.38,0.46,3.86
8,7,1,5.0,2.0,0.9,Outstanding contribution,0.91,4.0,0.46,0.91,3.96
10,4,2,2.3,3.8,0.64,Very committed and reliable,0.48,4.2,0.69,0.49,2.98
7,2,4,2.5,4.0,0.78,Very committed and reliable,0.55,4.8,0.5,0.52,3.08
8,5,3,3.0,2.4,0.67,Very committed and reliable,0.68,2.9,0.48,0.83,2.93
14,6,7,4.0,4.3,0.92,Excellent performance and teamwork,0.7,3.2,0.89,0.96,3.4
6,0,0,4.8,2.7,0.77,Excellent performance and teamwork,0.67,4.7,0.84,0.68,2.83
20,14,0,2.7,3.2,0.91,Needs improvement in deadlines,0.71,5.0,0.51,0.57,3.69
14,1,8,3.2,3.9,0.62,Good but not consistent,0.58,4.5,0.95,0.86,2.74
6,3,1,2.4,4.5,0.79,Very committed and reliable,0.85,2.7,0.78,0.5,3.06
14,14,0,4.8,3.7,0.67,Excellent performance and teamwork,0.88,4.4,0.76,0.72,4.42
15,12,1,4.9,2.3,0.85,Needs improvement in deadlines,0.65,2.8,0.9,0.75,3.63
12,8,0,2.8,4.2,0.72,Excellent performance and teamwork,0.44,4.2,0.59,0.62,3.6
6,5,0,4.5,4.1,0.6,Good but not consistent,0.88,3.2,0.4,0.8,3.91
6,3,1,2.4,2.6,0.88,Excellent performance and teamwork,0.76,3.7,0.9,0.41,2.93
7,1,6,2.2,2.9,0.81,Excellent performance and teamwork,0.88,4.5,0.63,0.43,2.54
13,10,2,4.6,2.8,0.97,Excellent performance and teamwork,0.42,3.1,0.47,0.71,3.74
11,6,1,2.7,3.5,0.64,Outstanding contribution,0.42,2.6,0.38,0.5,2.9
18,7,2,3.8,3.6,0.82,Needs improvement in deadlines,0.41,4.1,0.76,0.47,3.29
17,1,14,4.4,4.3,0.7,Outstanding contribution,0.92,3.7,0.31,0.88,2.92
8,1,1,3.5,4.0,0.76,Very committed and reliable,0.58,3.9,0.73,0.44,2.85
7,5,1,4.0,3.4,0.9,Outstanding contribution,0.43,3.8,0.87,0.46,3.76
6,1,0,2.9,2.8,0.7,Needs improvement in deadlines,0.58,3.8,0.66,0.79,2.5
7,5,0,2.6,4.7,0.85,Excellent performance and teamwork,0.67,4.6,0.38,0.59,3.88
15,8,1,2.3,2.5,0.74,Late submission and weak teamwork,0.74,4.0,0.49,0.78,2.93
6,6,0,4.3,4.7,0.87,Excellent performance and teamwork,0.62,2.9,0.76,0.6,4.31
12,3,8,4.6,2.5,0.69,Excellent performance and teamwork,0.61,4.4,0.84,0.49,3.02
10,10,0,2.5,3.1,0.99,Excellent performance and teamwork,0.78,2.6,0.86,0.44,3.64
15,3,9,3.0,4.4,0.79,Needs improvement in deadlines,0.57,3.7,0.41,0.78,2.92
5,0,5,2.1,4.3,0.79,Outstanding contribution,0.45,3.3,0.42,0.73,2.33
10,10,0,2.5,3.2,0.65,Outstanding contribution,0.61,4.9,0.72,0.5,3.95
13,12,0,3.8,4.5,0.73,Late submission and weak teamwork,0.76,4.5,1.0,0.52,4.31
15,14,0,5.0,4.8,0.61,Late submission and weak teamwork,0.53,3.4,0.82,0.7,4.34
12,0,10,4.2,2.9,0.95,Very committed and reliable,0.47,2.7,0.38,0.42,2.44
17,2,12,3.8,4.3,0.91,Good but not consistent,0.85,3.1,0.83,0.69,2.87
13,7,3,3.4,3.2,0.98,Very committed and reliable,0.71,3.7,0.8,0.74,3.36
6,6,0,2.8,3.0,0.85,Good but not consistent,0.57,4.0,0.39,0.68,3.88
15,1,11,3.4,2.4,0.7,Outstanding contribution,0.75,3.5,0.42,0.83,2.31
17,0,13,2.2,2.4,0.76,Needs improvement in deadlines,0.42,3.9,0.98,0.7,2.08
12,12,0,3.0,3.2,0.73,Excellent performance and teamwork,0.48,3.6,0.49,0.41,3.83
19,16,1,3.2,2.7,0.75,Excellent performance and teamwork,0.78,2.8,0.35,0.58,3.38
8,8,0,2.4,2.4,0.81,Needs improvement in deadlines,0.55,4.6,0.7,0.59,3.79
14,6,7,3.4,3.5,0.61,Very committed and reliable,0.41,4.6,0.98,0.73,3.25
6,0,0,3.7,4.0,0.78,Good but not consistent,0.46,3.6,0.73,0.73,2.65
9,6,3,2.9,2.2,0.88,Outstanding contribution,0.55,3.3,0.88,0.47,3.12
7,3,2,4.2,4.2,0.86,Needs improvement in deadlines,0.88,3.6,0.54,0.92,3.47
10,9,0,4.3,4.3,0.96,Excellent performance and teamwork,0.44,4.7,0.94,0.53,4.49
8,3,3,2.1,3.6,0.8,Outstanding contribution,0.65,4.9,0.51,0.63,3.08
9,0,1,2.7,3.4,0.67,Needs improvement in deadlines,0.67,4.3,0.59,0.65,2.42
7,5,2,3.8,2.9,0.79,Very committed and reliable,0.42,2.6,0.89,0.54,3.33
19,13,2,4.1,4.1,0.73,Excellent performance and teamwork,0.66,4.2,0.8,0.6,3.87
14,7,1,3.6,2.2,0.71,Very committed and reliable,0.73,3.5,0.78,0.41,2.97
17,2,15,3.5,4.3,0.87,Late submission and weak teamwork,0.97,4.3,0.88,0.85,3.03
16,2,5,4.1,4.7,0.96,Good but not consistent,0.86,4.0,0.52,0.88,3.23
10,2,0,4.8,4.1,0.94,Very committed and reliable,0.81,4.0,0.82,0.75,3.35
19,10,3,3.6,2.0,0.77,Good but not consistent,0.99,3.2,0.7,0.63,2.93
19,17,1,2.1,4.0,0.94,Outstanding contribution,0.46,4.1,0.37,0.86,3.85
10,4,5,2.8,4.3,0.63,Outstanding contribution,0.64,3.7,0.57,0.45,3.08
20,5,7,3.0,2.8,0.74,Excellent performance and teamwork,0.8,4.8,0.4,0.53,2.87
7,7,0,4.5,3.3,0.86,Very committed and reliable,0.7,3.7,0.33,0.9,4.23
17,5,12,3.7,2.2,0.94,Late submission and weak teamwork,0.54,4.9,0.85,0.72,3.07
10,1,6,2.3,2.5,0.83,Excellent performance and teamwork,0.76,3.0,0.81,0.6,2.12
9,2,0,3.6,4.0,0.92,Excellent performance and teamwork,0.64,3.6,0.98,0.56,3.03
6,5,0,2.2,4.8,0.81,Late submission and weak teamwork,0.5,2.8,0.66,0.99,3.62
19,5,10,3.6,4.2,0.77,Very committed and reliable,0.85,3.4,0.87,0.85,3.02
12,10,1,3.7,2.1,0.95,Outstanding contribution,0.66,3.1,0.54,0.86,3.51
11,3,1,3.9,3.7,0.8,Excellent performance and teamwork,0.54,4.8,0.81,0.4,3.29
10,2,4,3.8,3.7,0.64,Outstanding contribution,0.67,4.2,0.65,0.6,2.96
10,10,0,2.8,2.9,0.94,Late submission and weak teamwork,0.71,3.0,0.77,0.55,3.71
8,8,0,3.3,3.2,0.68,Needs improvement in deadlines,0.54,4.4,0.96,0.54,4.02
9,3,0,2.7,3.3,0.66,Very committed and reliable,0.82,4.1,0.84,0.76,2.85
20,5,14,4.0,4.7,0.95,Very committed and reliable,0.79,3.8,0.61,0.71,3.35
12,9,2,4.2,3.0,0.78,Excellent performance and teamwork,0.92,4.5,0.38,0.43,3.86
16,13,0,4.0,2.3,0.74,Outstanding contribution,0.95,2.9,0.44,0.74,3.43
10,10,0,4.7,2.5,0.74,Needs improvement in deadlines,0.99,3.5,0.41,0.68,4.01
8,2,0,3.7,3.0,0.8,Good but not consistent,0.55,3.1,0.9,0.75,2.74
12,11,1,4.8,2.1,0.81,Needs improvement in deadlines,0.67,4.0,0.81,0.54,3.96
9,3,5,3.8,3.1,0.78,Late submission and weak teamwork,0.75,2.6,0.52,0.65,2.79
9,0,2,2.9,2.8,0.73,Good but not consistent,0.64,2.9,0.36,0.5,2.08
8,0,6,4.1,3.0,0.98,Good but not consistent,0.92,2.7,0.38,0.59,2.45
10,8,1,2.3,2.7,0.82,Late submission and weak teamwork,0.73,4.8,0.93,0.83,3.57
5,1,0,4.3,3.3,0.67,Excellent performance and teamwork,0.65,3.8,0.54,0.77,2.92
13,7,2,3.3,4.1,0.62,Excellent performance and teamwork,0.93,4.1,0.82,0.46,3.42
19,5,10,2.5,2.1,0.85,Very committed and reliable,0.88,4.8,0.31,0.73,2.7
8,4,2,2.9,4.6,0.78,Excellent performance and teamwork,0.43,3.2,0.62,0.97,3.28
11,2,7,2.1,4.2,0.67,Needs improvement in deadlines,0.48,3.0,0.53,0.43,2.47
18,14,4,4.7,2.5,0.85,Needs improvement in deadlines,0.54,4.5,0.3,0.84,3.93
5,4,1,2.1,3.9,0.73,Good but not consistent,0.51,4.1,0.54,0.7,3.59
20,7,11,3.3,4.1,0.75,Outstanding contribution,0.99,2.9,0.76,0.91,2.96
16,10,6,4.0,3.0,0.73,Needs improvement in deadlines,0.55,4.2,0.89,0.79,3.54
11,1,9,2.9,2.3,0.82,Very committed and reliable,0.86,2.8,0.62,0.42,2.15
9,7,2,3.8,2.9,0.75,Good but not consistent,0.7,4.7,0.59,0.58,3.82
5,3,0,4.6,2.2,0.66,Good but not consistent,0.61,2.6,0.51,0.42,3.11
20,1,2,4.8,2.9,0.85,Excellent performance and teamwork,0.73,3.5,0.49,0.56,2.74
5,0,1,4.4,3.9,0.85,Excellent performance and teamwork,0.44,3.0,0.84,0.72,2.69
18,16,0,4.3,5.0,0.91,Good but not consistent,0.62,4.0,0.41,0.98,4.45
6,3,0,2.1,4.6,0.72,Good but not consistent,0.58,2.6,0.31,0.83,2.97
20,19,1,4.4,4.6,0.98,Outstanding contribution,0.47,2.8,0.39,0.66,4.27
19,3,8,4.9,2.9,0.87,Late submission and weak teamwork,0.83,3.2,0.56,0.45,2.87
18,8,5,2.5,2.2,0.95,Excellent performance and teamwork,0.96,2.9,0.58,0.66,2.66
14,2,3,3.9,2.4,0.7,Needs improvement in deadlines,0.86,3.6,0.3,0.95,2.54
18,4,12,4.8,3.4,0.73,Needs improvement in deadlines,0.52,2.7,0.77,0.6,2.88
7,6,1,4.3,3.3,0.9,Outstanding contribution,0.73,3.3,0.8,0.74,3.92
9,6,1,4.3,4.8,0.85,Very committed and reliable,0.61,3.2,0.89,0.88,3.89
16,16,0,3.9,3.4,0.71,Very committed and reliable,0.4,2.6,0.45,0.54,3.84
14,0,2,3.8,2.7,0.84,Excellent performance and teamwork,0.92,5.0,0.95,0.47,2.72
10,3,4,4.0,3.2,0.74,Very committed and reliable,0.95,4.4,0.42,0.75,3.14
19,14,4,2.9,4.5,0.68,Late submission and weak teamwork,0.73,3.4,0.88,0.69,3.61
18,5,6,4.8,4.1,0.77,Outstanding contribution,0.47,3.1,0.64,0.87,3.2
8,5,0,4.1,2.6,0.77,Late submission and weak teamwork,0.71,2.7,0.81,0.58,3.2
15,4,10,3.5,2.4,0.71,Good but not consistent,0.68,4.7,0.91,0.85,2.88
14,1,4,3.6,2.9,0.63,Outstanding contribution,0.51,3.4,0.55,0.95,2.4
11,2,7,2.9,3.1,0.66,Late submission and weak teamwork,0.55,3.1,0.81,0.89,2.42
9,8,1,4.2,4.7,0.79,Very committed and reliable,0.69,4.7,0.81,0.59,4.45
5,5,0,4.3,3.8,0.6,Needs improvement in deadlines,0.59,3.5,0.91,0.85,4.12
9,6,3,2.6,2.1,0.92,Excellent performance and teamwork,0.92,3.0,0.63,0.76,3.0
13,1,3,4.4,3.5,0.82,Very committed and reliable,0.84,2.8,0.94,0.61,2.67
16,12,4,2.7,2.3,0.62,Very committed and reliable,0.65,2.7,0.55,1.0,2.98
19,1,2,4.3,2.5,0.81,Good but not consistent,0.42,2.6,0.63,0.44,2.36
9,9,0,3.8,3.2,0.65,Very committed and reliable,0.9,4.2,0.47,0.74,4.07
20,10,0,4.2,3.7,0.81,Needs improvement in deadlines,0.86,4.5,0.78,0.69,3.64
6,6,0,2.7,3.9,0.65,Late submission and weak teamwork,0.5,3.6,0.87,0.44,3.87
9,9,0,3.8,3.7,0.81,Very committed and reliable,0.43,2.9,0.82,0.46,3.99
14,14,0,3.8,2.7,0.71,Late submission and weak teamwork,0.88,3.8,0.99,0.44,3.92
10,6,2,3.3,2.3,0.87,Outstanding contribution,0.59,4.2,0.6,0.65,3.29
16,7,5,3.1,3.3,0.75,Outstanding contribution,0.91,3.2,0.35,0.44,2.95
7,0,0,4.4,2.5,0.84,Very committed and reliable,0.7,3.6,0.31,0.92,2.52
18,13,2,4.8,2.3,0.65,Good but not consistent,0.44,4.6,0.52,0.9,3.75
18,18,0,4.8,2.8,0.94,Needs improvement in deadlines,0.44,3.0,0.96,0.62,4.09
19,17,2,2.3,2.1,0.64,Late submission and weak teamwork,0.88,3.6,0.59,0.76,3.26
14,9,4,4.1,2.9,0.83,Outstanding contribution,0.93,3.7,0.56,0.49,3.52
18,6,12,3.5,4.2,0.67,Good but not consistent,0.63,3.0,0.74,0.68,2.98
20,15,1,4.9,5.0,0.81,Late submission and weak teamwork,0.62,4.8,0.83,0.54,4.47
8,1,7,4.4,2.3,0.96,Late submission and weak teamwork,0.81,2.7,0.32,0.64,2.55
19,12,0,4.7,3.0,0.75,Good but not consistent,0.42,3.8,0.79,0.81,3.62
10,5,1,4.1,2.4,0.84,Needs improvement in deadlines,0.45,3.9,0.41,0.79,3.25
15,5,10,2.1,2.8,0.78,Late submission and weak teamwork,0.68,3.2,0.35,0.83,2.51
11,8,3,4.7,4.6,0.62,Very committed and reliable,0.56,3.7,0.58,0.71,4.0
15,7,3,4.4,4.0,0.78,Late submission and weak teamwork,0.86,3.1,0.54,0.65,3.39
18,18,0,2.4,2.3,0.81,Excellent performance and teamwork,0.87,4.0,0.6,0.61,3.65
14,11,0,3.4,4.2,0.93,Outstanding contribution,0.95,4.5,0.4,0.51,4.06
13,6,5,3.5,2.6,0.99,Late submission and weak teamwork,0.52,3.8,0.86,0.69,3.17
10,3,4,3.6,4.3,0.69,Late submission and weak teamwork,0.88,4.0,0.91,0.59,3.17
20,19,0,2.0,4.0,0.71,Late submission and weak teamwork,0.47,2.6,0.4,0.53,3.5
19,19,0,4.1,4.2,0.69,Good but not consistent,0.8,3.4,0.68,0.92,4.18
15,10,0,3.1,4.5,0.99,Late submission and weak teamwork,0.76,4.1,0.51,0.8,3.83
14,4,2,2.1,4.8,0.73,Very committed and reliable,0.78,4.0,0.58,0.53,2.97
5,4,0,3.7,4.2,0.96,Good but not consistent,0.54,2.7,0.59,0.46,3.8
11,9,2,3.9,4.2,0.8,Good but not consistent,0.89,3.8,0.57,0.87,4.01
10,1,1,4.7,3.0,0.81,Good but not consistent,0.43,4.6,0.37,0.59,3.02
14,11,3,4.9,4.2,0.78,Needs improvement in deadlines,0.58,3.9,0.37,0.64,4.17
19,13,5,3.3,4.4,0.63,Very committed and reliable,0.73,3.1,0.8,0.68,3.5
17,2,13,4.0,2.6,0.95,Very committed and reliable,0.58,4.3,0.88,0.42,2.83
17,8,0,4.9,2.6,0.78,Good but not consistent,0.51,4.1,0.63,0.79,3.42
13,12,0,2.1,2.9,0.85,Very committed and reliable,0.62,5.0,0.59,0.56,3.81
11,9,0,4.2,4.1,0.83,Outstanding contribution,0.83,4.4,0.97,0.46,4.18
6,6,0,3.4,2.9,0.75,Good but not consistent,0.94,4.8,0.91,0.81,4.1
8,5,2,2.3,2.7,0.74,Excellent performance and teamwork,0.61,4.0,0.56,0.76,3.11
6,3,2,4.0,2.6,0.6,Outstanding contribution,0.87,4.7,0.98,0.79,3.31
11,10,1,3.0,3.5,0.93,Late submission and weak teamwork,1.0,4.1,0.95,0.74,3.95
20,8,4,2.3,4.3,0.82,Outstanding contribution,0.7,2.9,0.58,0.74,2.91
13,3,8,4.6,4.4,0.63,Very committed and reliable,0.6,3.1,0.46,0.92,3.08
17,0,7,4.0,2.1,0.85,Outstanding contribution,0.42,5.0,0.36,0.63,2.65
8,5,0,3.6,4.6,0.93,Excellent performance and teamwork,0.49,3.9,0.6,0.53,3.82
20,11,7,4.0,2.1,0.74,Needs improvement in deadlines,0.92,4.9,0.95,0.68,3.4
5,5,0,2.0,2.7,0.98,Outstanding contribution,0.66,3.3,0.31,0.77,3.59
20,14,0,4.8,3.2,0.66,Outstanding contribution,0.9,3.0,0.76,0.58,3.58
15,0,15,2.4,3.1,0.81,Excellent performance and teamwork,0.48,5.0,0.65,0.95,2.5
5,3,2,4.6,2.1,0.8,Needs improvement in deadlines,0.44,4.1,0.57,0.87,3.46
18,3,9,4.1,2.7,0.62,Outstanding contribution,0.9,2.8,0.93,0.61,2.48
19,9,3,3.5,2.7,0.72,Excellent performance and teamwork,0.48,4.5,0.57,0.78,3.21
8,6,0,4.7,3.4,0.6,Very committed and reliable,0.5,2.5,0.98,0.92,3.54
13,5,4,2.5,2.2,0.94,Good but not consistent,0.55,4.1,0.63,0.99,2.81
16,6,7,3.3,3.5,0.86,Excellent performance and teamwork,0.7,3.4,0.34,0.75,3.03
19,13,0,3.5,2.7,0.87,Late submission and weak teamwork,0.85,3.1,0.33,0.61,3.32
17,1,8,4.6,3.8,0.96,Late submission and weak teamwork,0.48,2.6,0.49,0.51,2.77
14,14,0,3.9,3.6,0.83,Good but not consistent,0.95,3.8,0.42,0.59,4.18
17,5,5,2.1,5.0,0.91,Needs improvement in deadlines,0.49,3.7,0.49,0.88,3.06
6,2,1,2.1,2.2,0.96,Very committed and reliable,0.82,3.4,0.86,0.96,2.52
7,1,0,2.9,4.1,0.85,Good but not consistent,0.9,2.9,0.86,0.69,2.62
9,3,6,4.9,4.5,0.67,Good but not consistent,0.77,3.2,0.73,0.47,3.35
10,7,3,3.6,3.2,0.75,Excellent performance and teamwork,0.84,2.5,0.77,0.82,3.29
7,4,3,2.5,4.5,0.82,Needs improvement in deadlines,0.81,2.7,0.57,0.54,3.21
6,3,0,3.9,4.8,0.8,Needs improvement in deadlines,0.52,4.0,0.72,0.63,3.69
9,7,2,4.4,4.2,0.89,Excellent performance and teamwork,0.95,3.8,0.86,0.51,4.09
11,10,0,2.8,3.7,0.89,Outstanding contribution,0.73,4.5,0.88,0.86,4.01
19,10,2,3.2,4.7,0.74,Good but not consistent,0.97,4.2,0.63,0.54,3.58
11,0,7,4.6,3.6,0.98,Needs improvement in deadlines,0.46,4.0,0.74,0.66,2.93
20,16,4,4.8,4.3,0.7,Needs improvement in deadlines,0.92,4.5,0.65,0.63,4.27
9,8,0,3.7,2.0,0.74,Outstanding contribution,0.96,4.1,0.41,0.62,3.66
18,3,9,2.3,4.2,0.7,Needs improvement in deadlines,0.65,4.2,0.43,0.73,2.74
6,3,0,4.2,3.1,0.71,Late submission and weak teamwork,0.6,4.9,0.83,0.99,3.54
16,14,2,5.0,2.6,0.8,Good but not consistent,0.6,4.0,0.96,0.56,4.03
11,9,2,2.9,4.2,0.63,Outstanding contribution,0.56,4.1,0.52,0.5,3.78
9,9,0,4.9,2.1,0.89,Late submission and weak teamwork,0.86,3.1,0.72,0.44,3.96
20,0,6,4.8,3.7,0.76,Very committed and reliable,0.41,2.6,0.86,0.65,2.6
18,3,3,3.0,4.1,0.62,Outstanding contribution,0.55,3.3,0.37,0.69,2.64
18,1,16,4.6,5.0,0.97,Late submission and weak teamwork,0.49,2.8,0.6,0.88,3.05
14,1,2,4.3,2.3,0.86,Excellent performance and teamwork,0.64,4.9,0.9,0.85,2.84
5,1,2,3.2,3.2,0.94,Very committed and reliable,0.97,3.9,0.65,0.41,2.83
10,1,9,2.1,2.2,0.85,Excellent performance and teamwork,0.89,5.0,0.46,0.95,2.44
11,2,8,4.3,4.7,0.77,Very committed and reliable,0.5,4.0,0.46,0.87,3.26
17,3,9,2.0,2.9,0.97,Outstanding contribution,0.45,4.4,0.57,0.96,2.61
14,13,0,3.5,4.1,0.61,Needs improvement in deadlines,0.9,4.5,0.58,0.88,4.12
7,4,1,4.7,2.5,0.88,Late submission and weak teamwork,0.61,3.2,0.67,0.58,3.38
6,2,3,4.6,3.1,0.72,Very committed and reliable,0.79,4.1,0.86,0.51,3.22
19,13,6,3.0,2.9,0.78,Needs improvement in deadlines,0.92,4.9,0.98,0.74,3.58
10,1,0,2.5,2.7,0.8,Good but not consistent,0.48,4.8,0.72,0.5,2.55
14,11,3,4.9,3.8,0.81,Very committed and reliable,0.68,4.3,0.85,0.89,4.18
7,5,0,3.6,4.2,0.85,Good but not consistent,0.75,3.7,0.87,0.57,3.8
9,3,3,2.6,3.8,0.95,Good but not consistent,0.99,3.5,0.43,0.49,2.96
19,14,2,2.2,4.3,0.94,Outstanding contribution,0.88,4.8,0.39,0.51,3.84
15,0,14,2.8,4.6,0.86,Outstanding contribution,0.68,4.4,0.68,0.46,2.79
16,7,2,2.3,2.7,0.82,Outstanding contribution,0.66,2.9,0.39,0.92,2.65
12,12,0,3.3,2.2,0.68,Good but not consistent,0.93,4.3,0.57,0.53,3.8
15,3,8,3.2,3.2,0.83,Good but not consistent,0.73,3.1,0.94,0.81,2.62
6,5,1,2.9,4.8,0.93,Good but not consistent,0.8,3.3,0.54,0.6,3.92
19,3,6,3.6,3.5,0.97,Very committed and reliable,0.59,4.2,0.45,0.86,2.98
20,17,3,4.2,2.7,0.75,Outstanding contribution,0.66,3.5,0.44,0.45,3.73
11,7,0,4.4,2.8,0.62,Needs improvement in deadlines,0.56,3.1,0.81,0.45,3.32
7,5,2,2.0,4.5,0.77,Very committed and reliable,0.45,3.4,0.8,0.97,3.44
6,4,0,4.7,3.4,0.88,Needs improvement in deadlines,0.93,3.9,0.33,0.71,3.84
7,1,3,3.3,2.6,0.7,Needs improvement in deadlines,0.89,4.7,0.6,0.4,2.68
15,3,1,2.7,2.2,0.7,Very committed and reliable,0.88,3.9,0.55,0.97,2.41
17,14,2,2.1,3.4,0.62,Good but not consistent,0.62,3.5,0.63,0.56,3.35
18,18,0,3.1,2.6,0.72,Excellent performance and teamwork,0.64,3.4,0.67,0.45,3.68
7,1,0,2.5,2.4,0.91,Needs improvement in deadlines,0.56,4.3,0.92,0.51,2.51
14,6,6,2.4,2.5,0.84,Outstanding contribution,0.62,3.5,0.75,0.82,2.74
6,4,1,3.8,3.4,0.88,Needs improvement in deadlines,0.92,3.4,0.93,0.88,3.56
19,16,2,3.8,2.0,0.99,Late submission and weak teamwork,0.52,4.1,0.73,0.7,3.74
15,8,7,3.7,3.8,0.67,Late submission and weak teamwork,0.71,4.3,0.74,0.76,3.49
16,3,9,2.6,4.8,0.73,Outstanding contribution,0.63,3.0,0.6,0.61,2.73
18,18,0,3.0,4.4,0.77,Excellent performance and teamwork,0.76,4.6,0.7,0.71,4.29
8,3,2,2.8,4.4,0.6,Excellent performance and teamwork,0.41,4.1,0.4,0.5,3.12
16,15,0,3.9,3.0,0.83,Outstanding contribution,0.72,3.3,0.5,0.82,3.86
8,8,0,3.8,3.9,0.82,Needs improvement in deadlines,0.55,4.1,0.85,0.82,4.27
10,6,2,3.1,4.6,0.7,Very committed and reliable,0.81,3.7,0.53,0.51,3.53
18,5,1,3.0,3.6,0.69,Outstanding contribution,0.66,3.2,0.58,0.63,2.72
17,1,1,3.5,4.3,0.75,Late submission and weak teamwork,0.89,3.5,0.68,0.7,2.72
11,2,9,4.2,4.8,0.65,Excellent performance and teamwork,0.75,3.2,0.47,0.81,3.04
8,1,7,3.2,2.2,0.91,Needs improvement in deadlines,0.4,3.7,0.66,0.4,2.46
9,4,4,2.2,4.6,0.89,Excellent performance and teamwork,0.66,3.3,1.0,0.7,3.13
20,15,3,4.1,3.8,0.93,Needs improvement in deadlines,0.81,3.2,0.77,0.75,3.81
11,9,2,3.8,2.6,0.72,Late submission and weak teamwork,0.68,4.5,0.63,0.66,3.77
14,3,2,3.3,3.3,0.91,Excellent performance and teamwork,0.61,4.1,0.69,0.99,2.92
16,10,5,2.5,3.5,0.81,Good but not consistent,0.46,4.2,0.35,0.49,3.38
18,1,14,4.9,3.0,0.99,Very committed and reliable,0.7,3.7,0.71,0.8,2.9
9,5,4,4.3,4.8,0.65,Excellent performance and teamwork,0.81,4.6,0.71,0.59,3.9
16,1,3,4.0,3.0,0.99,Excellent performance and teamwork,0.52,4.0,0.38,0.68,2.79
8,7,1,2.6,4.7,0.99,Very committed and reliable,0.53,4.2,0.68,0.58,4.11
15,13,1,4.3,2.9,0.67,Needs improvement in deadlines,0.64,4.7,0.37,0.96,4.02
9,2,3,2.9,3.5,0.7,Excellent performance and teamwork,0.48,3.3,0.51,0.77,2.62
7,5,1,3.6,4.0,0.76,Very committed and reliable,0.59,2.6,0.42,0.98,3.49
15,10,0,3.5,2.2,0.93,Outstanding contribution,0.58,2.7,0.74,0.9,3.15
11,10,0,4.9,3.5,0.7,Excellent performance and teamwork,0.84,4.6,0.31,0.58,4.31
15,4,5,3.2,3.0,0.63,Good but not consistent,0.9,4.6,0.95,1.0,2.88
14,3,0,4.2,4.0,0.82,Outstanding contribution,0.8,4.3,0.5,0.48,3.23
5,0,4,4.3,2.3,0.67,Outstanding contribution,0.71,3.7,0.53,0.59,2.4
18,13,0,4.9,2.7,0.96,Needs improvement in deadlines,0.51,3.9,0.7,0.54,3.86
5,1,1,4.6,2.1,1.0,Excellent performance and teamwork,0.82,4.6,0.73,0.9,3.06
12,11,0,2.3,4.5,0.93,Good but not consistent,0.56,3.4,0.68,0.49,3.88
6,5,0,4.2,3.4,0.62,Good but not consistent,0.72,4.3,0.78,0.59,3.94
16,11,1,2.4,2.7,0.87,Late submission and weak teamwork,0.44,2.9,0.76,0.67,3.07
10,8,2,3.6,4.1,0.97,Outstanding contribution,0.61,3.5,0.38,0.65,3.92
10,9,1,4.5,3.7,0.67,Outstanding contribution,0.75,4.4,0.54,0.8,4.21
5,1,2,3.8,3.8,0.72,Good but not consistent,0.48,3.1,0.96,0.82,2.8
8,0,6,3.0,2.5,0.93,Outstanding contribution,0.49,4.7,0.57,0.45,2.51
7,0,2,2.5,4.5,1.0,Outstanding contribution,0.5,3.0,0.7,0.71,2.5
11,5,1,4.3,3.1,0.71,Late submission and weak teamwork,0.41,4.6,0.47,0.71,3.44
20,11,9,4.1,2.9,0.69,Excellent performance and teamwork,0.54,4.2,0.46,0.46,3.41
18,8,4,2.7,2.6,0.74,Excellent performance and teamwork,0.92,3.7,0.95,0.92,2.84
15,7,5,2.8,4.6,0.84,Good but not consistent,0.45,4.9,0.99,0.81,3.58
12,3,7,4.8,2.6,0.62,Very committed and reliable,0.52,4.7,0.61,0.94,3.1
18,12,0,3.5,2.8,0.68,Needs improvement in deadlines,0.79,3.7,0.8,0.64,3.34
5,0,4,3.9,4.1,0.61,Late submission and weak teamwork,0.64,4.0,0.32,0.43,2.71
17,8,1,2.8,4.0,0.78,Late submission and weak teamwork,0.79,2.8,0.52,0.83,3.02
9,7,1,3.0,3.0,0.7,Outstanding contribution,0.65,3.2,0.94,0.54,3.36
8,1,7,4.3,3.0,0.96,Late submission and weak teamwork,0.87,2.6,0.46,0.86,2.65
9,2,5,4.6,2.4,0.9,Needs improvement in deadlines,0.49,4.2,0.95,0.51,3.02
6,2,3,4.0,4.0,0.67,Late submission and weak teamwork,0.56,4.5,0.38,0.86,3.33
9,8,1,2.5,3.4,0.99,Excellent performance and teamwork,0.88,3.9,0.94,0.48,3.79
18,7,4,4.5,2.4,0.77,Very committed and reliable,0.82,2.6,0.92,0.68,2.87
20,19,0,4.1,3.9,1.0,Late submission and weak teamwork,0.82,3.1,0.55,0.9,4.14
5,0,5,3.5,4.4,0.87,Excellent performance and teamwork,0.7,4.4,0.52,0.7,2.9
5,3,1,3.4,2.2,0.98,Late submission and weak teamwork,0.7,4.3,0.96,0.52,3.37
5,3,1,2.6,2.2,0.74,Very committed and reliable,0.56,3.8,0.79,0.99,2.99
6,2,2,4.6,4.9,0.85,Outstanding contribution,0.59,3.8,0.75,0.97,3.58
12,12,0,4.3,2.5,0.73,Excellent performance and teamwork,0.74,2.9,0.45,0.74,3.8
18,3,6,2.2,4.5,0.72,Outstanding contribution,0.98,2.6,0.34,0.47,2.47
6,4,1,2.1,2.2,0.99,Very committed and reliable,0.77,4.4,0.83,0.67,3.24
20,8,7,2.7,4.6,0.77,Very committed and reliable,0.65,3.6,0.92,0.95,3.17
15,15,0,4.0,2.5,0.7,Needs improvement in deadlines,0.45,4.7,0.88,0.62,4.09
13,5,4,4.0,4.7,0.64,Very committed and reliable,0.73,4.7,0.64,0.61,3.58
14,8,2,3.2,2.9,0.86,Excellent performance and teamwork,0.82,2.7,0.7,0.41,3.05
14,4,0,2.5,3.5,0.66,Late submission and weak teamwork,0.55,3.1,0.55,0.69,2.58
14,9,0,2.9,3.5,0.65,Needs improvement in deadlines,0.75,3.0,0.46,0.78,3.17
5,3,0,4.3,2.9,0.69,Excellent performance and teamwork,0.7,3.2,0.46,0.77,3.32
5,3,1,2.4,4.3,0.74,Late submission and weak teamwork,0.75,5.0,0.61,0.75,3.61
19,9,6,2.5,3.6,0.69,Outstanding contribution,0.51,3.4,0.71,0.48,2.96
6,0,5,4.0,3.9,0.7,Late submission and weak teamwork,0.85,4.2,0.67,0.6,2.77
16,11,3,3.6,3.4,0.78,Excellent performance and teamwork,0.66,2.5,0.99,0.83,3.32
18,13,3,3.5,2.2,0.96,Very committed and reliable,0.91,4.6,0.55,0.77,3.62
5,2,1,3.9,3.2,0.97,Very committed and reliable,0.98,3.0,0.9,0.82,3.1
8,4,2,2.0,2.9,0.93,Outstanding contribution,0.84,3.7,0.96,0.71,2.94
8,0,8,4.6,3.7,0.92,Good but not consistent,0.91,4.1,0.48,0.77,2.94
20,11,0,3.2,3.4,0.83,Late submission and weak teamwork,0.92,4.4,0.85,0.9,3.44
20,3,11,3.1,5.0,0.63,Outstanding contribution,0.55,2.7,0.76,0.45,2.7
10,2,8,4.8,3.1,0.72,Good but not consistent,0.44,4.4,0.9,0.48,3.12
15,12,1,2.2,3.7,0.69,Very committed and reliable,0.91,4.7,0.45,0.86,3.67
17,12,4,4.2,2.1,0.77,Late submission and weak teamwork,0.42,4.8,0.35,0.56,3.66
6,2,2,3.6,4.6,0.81,Late submission and weak teamwork,1.0,2.9,0.69,0.45,3.12
8,1,3,2.3,2.1,0.92,Late submission and weak teamwork,0.86,4.0,0.98,0.83,2.33
16,12,1,4.7,4.4,0.87,Good but not consistent,0.73,3.9,0.49,0.93,4.16
10,9,1,3.0,3.0,0.95,Late submission and weak teamwork,0.69,3.0,0.59,0.95,3.63
12,7,0,3.2,5.0,0.69,Very committed and reliable,0.47,4.1,0.92,0.48,3.68
10,4,0,4.0,4.8,0.89,Excellent performance and teamwork,0.42,3.8,0.36,0.93,3.56
18,4,10,4.5,4.4,0.77,Late submission and weak teamwork,0.77,4.6,0.52,0.94,3.42
12,11,1,2.7,3.2,0.92,Late submission and weak teamwork,0.62,3.1,0.97,0.89,3.63
9,5,1,4.5,2.2,0.77,Outstanding contribution,0.92,4.1,0.67,0.95,3.38
20,17,0,2.8,4.2,0.98,Late submission and weak teamwork,0.69,3.4,0.4,0.48,3.85
16,9,7,2.8,3.4,0.88,Good but not consistent,0.86,4.4,0.64,0.78,3.4
16,12,1,4.3,4.9,0.78,Needs improvement in deadlines,0.86,4.4,0.63,0.94,4.24
18,11,3,4.7,3.7,0.85,Needs improvement in deadlines,0.62,3.1,0.97,0.8,3.64
19,3,0,4.8,2.6,0.86,Outstanding contribution,0.41,4.1,0.49,0.59,2.97
19,5,13,2.7,2.2,0.74,Excellent performance and teamwork,0.89,3.1,0.82,0.46,2.36
12,3,5,3.6,3.1,0.77,Late submission and weak teamwork,0.75,4.7,0.91,0.44,3.04
17,0,15,4.0,3.1,0.98,Needs improvement in deadlines,0.61,3.7,0.64,0.75,2.65
11,1,7,4.2,3.2,0.62,Good but not consistent,0.85,2.6,0.41,0.44,2.45
12,5,3,2.5,2.0,0.82,Outstanding contribution,0.89,2.5,0.86,0.91,2.44
20,0,16,3.9,4.2,0.97,Outstanding contribution,0.42,4.5,0.58,0.5,3.0
19,2,17,4.1,3.1,0.78,Needs improvement in deadlines,0.58,4.3,0.96,0.59,2.85
12,7,3,3.0,3.1,0.82,Very committed and reliable,0.92,4.5,0.56,0.85,3.41
12,1,2,4.0,3.0,0.63,Outstanding contribution,0.96,4.0,0.59,0.77,2.64
11,5,5,4.8,2.8,0.73,Good but not consistent,0.62,3.4,0.98,0.9,3.25
19,4,12,4.1,2.0,1.0,Good but not consistent,0.54,4.4,0.68,0.63,2.92
12,1,5,4.6,3.8,0.99,Good but not consistent,0.99,3.5,0.38,0.89,3.0
14,6,7,5.0,3.4,0.71,Excellent performance and teamwork,0.74,3.1,0.72,0.81,3.3
14,14,0,4.7,4.8,0.68,Very committed and reliable,0.41,4.7,0.99,0.99,4.68
18,3,1,2.2,4.9,0.74,Good but not consistent,0.64,4.4,0.77,0.78,2.92
16,5,1,4.9,2.1,0.64,Outstanding contribution,0.9,3.7,0.31,0.86,2.93
16,16,0,3.5,2.7,1.0,Very committed and reliable,0.79,4.9,0.84,0.46,4.22
18,2,8,4.4,4.5,0.75,Very committed and reliable,0.44,4.9,0.77,0.83,3.3
7,1,2,4.6,4.2,0.91,Excellent performance and teamwork,0.96,3.3,0.99,0.63,3.09
6,5,0,2.3,2.5,0.74,Excellent performance and teamwork,0.87,3.6,0.88,0.63,3.3
5,0,4,4.7,2.9,0.73,Outstanding contribution,0.83,3.9,0.36,0.52,2.67
14,1,9,3.3,3.0,0.61,Excellent performance and teamwork,0.67,2.7,0.67,0.75,2.21
19,18,0,2.6,3.6,0.98,Outstanding contribution,0.76,4.6,0.34,0.8,4.07
14,11,1,4.1,2.5,0.83,Excellent performance and teamwork,0.5,3.8,0.7,0.83,3.67
17,5,5,3.8,3.7,0.85,Very committed and reliable,0.9,3.4,0.64,0.92,3.05
8,7,0,4.1,3.9,0.64,Good but not consistent,0.83,3.7,0.31,0.71,3.97
14,4,9,3.1,2.3,0.82,Good but not consistent,0.6,4.3,0.4,0.52,2.78
16,13,1,4.2,2.4,1.0,Good but not consistent,0.59,4.5,0.99,0.8,3.94
15,6,6,3.4,4.7,0.86,Excellent performance and teamwork,0.72,3.8,0.51,0.9,3.41
10,6,1,3.1,3.2,0.89,Very committed and reliable,0.77,4.7,0.66,0.98,3.55
18,16,1,3.9,3.8,0.7,Outstanding contribution,0.48,4.2,0.92,0.74,4.06
11,11,0,3.3,2.0,0.86,Late submission and weak teamwork,0.5,4.1,0.98,0.49,3.81
13,9,3,2.1,2.1,0.91,Late submission and weak teamwork,0.5,3.2,0.42,0.85,2.97
20,7,10,2.6,3.0,0.8,Very committed and reliable,0.93,3.2,0.96,0.44,2.69
7,5,0,4.7,2.6,1.0,Good but not consistent,0.74,3.3,0.45,0.99,3.69
14,2,0,2.4,3.7,0.9,Good but not consistent,0.81,4.2,0.63,0.74,2.72
12,3,1,4.6,3.3,0.65,Late submission and weak teamwork,0.86,4.6,0.52,0.94,3.2
10,9,1,2.9,4.3,0.96,Late submission and weak teamwork,0.84,3.6,0.77,0.98,3.99
19,14,2,2.1,3.0,0.89,Needs improvement in deadlines,0.95,3.5,1.0,0.6,3.27
15,4,4,2.2,3.5,0.84,Outstanding contribution,0.92,4.6,0.63,0.54,2.88
8,1,1,3.8,3.2,0.66,Good but not consistent,0.93,3.5,0.43,0.53,2.62
9,9,0,4.9,2.9,0.65,Good but not consistent,0.79,3.8,0.95,0.73,4.15
13,11,2,3.4,2.3,0.71,Excellent performance and teamwork,0.42,3.4,0.66,0.56,3.44
5,5,0,3.2,4.9,0.78,Outstanding contribution,0.74,2.8,0.92,0.9,4.07
15,6,4,2.3,3.5,0.77,Excellent performance and teamwork,0.56,4.2,0.77,0.89,2.99
15,0,12,2.2,3.5,0.9,Outstanding contribution,0.97,3.6,0.39,0.51,2.31
20,8,3,2.4,4.4,0.74,Late submission and weak teamwork,0.44,2.6,0.6,0.99,2.85
12,5,0,2.5,2.8,0.71,Good but not consistent,0.58,4.6,0.51,0.83,2.96
8,7,1,2.8,4.1,0.67,Excellent performance and teamwork,0.66,3.9,0.44,0.45,3.81
19,5,7,4.1,2.4,0.75,Outstanding contribution,0.78,4.0,0.58,0.6,2.87
9,3,4,3.5,3.2,0.7,Excellent performance and teamwork,0.58,3.9,0.89,0.73,2.97
5,1,0,2.9,2.9,0.8,Needs improvement in deadlines,0.6,3.5,0.75,0.97,2.56
5,1,2,3.0,2.3,0.78,Late submission and weak teamwork,0.4,3.1,0.6,0.66,2.37
12,6,1,4.2,3.1,0.86,Late submission and weak teamwork,0.94,5.0,0.57,0.56,3.64
19,1,0,2.2,4.4,0.74,Outstanding contribution,0.78,3.1,0.76,0.96,2.39
17,17,0,2.6,3.6,0.8,Needs improvement in deadlines,0.43,4.2,0.75,0.44,3.98
6,2,2,4.5,4.9,0.69,Late submission and weak teamwork,0.76,4.7,0.5,1.0,3.66
7,3,1,3.4,3.7,0.6,Needs improvement in deadlines,0.81,3.5,0.72,0.43,3.06
6,3,2,4.0,2.8,0.67,Needs improvement in deadlines,0.56,3.6,0.51,0.6,3.17
10,6,4,3.7,3.1,0.62,Very committed and reliable,0.47,2.9,0.35,0.66,3.15
8,6,0,4.7,4.8,0.97,Excellent performance and teamwork,0.5,3.3,0.67,0.49,4.17
15,4,1,2.1,3.2,0.78,Very committed and reliable,0.94,4.0,0.62,0.58,2.65
8,6,2,4.8,4.0,0.85,Very committed and reliable,0.53,2.7,0.77,0.92,3.85
18,11,6,3.8,3.4,0.86,Outstanding contribution,0.55,2.9,0.49,0.43,3.37
19,8,6,4.4,3.6,0.78,Very committed and reliable,0.88,3.2,0.89,0.43,3.26
14,8,0,2.2,3.3,0.61,Very committed and reliable,0.53,4.9,0.71,0.82,3.24
7,7,0,4.3,3.8,0.88,Good but not consistent,0.5,2.7,0.41,0.88,4.1
20,9,4,3.9,3.3,0.75,Very committed and reliable,0.42,5.0,0.61,0.96,3.49
16,16,0,4.7,4.6,0.92,Needs improvement in deadlines,0.96,2.6,0.45,0.94,4.34
20,19,0,2.3,2.7,0.88,Needs improvement in deadlines,0.9,2.5,0.8,0.99,3.36
7,7,0,3.2,3.3,0.61,Outstanding contribution,0.51,2.6,0.81,0.79,3.63
19,10,2,2.3,2.4,1.0,Good but not consistent,0.64,3.8,0.39,1.0,2.99
9,1,7,2.9,2.6,0.98,Late submission and weak teamwork,0.46,4.3,0.32,0.53,2.62
9,6,0,3.9,3.5,0.62,Late submission and weak teamwork,0.9,4.0,0.44,0.49,3.59
19,2,13,3.6,3.5,0.63,Outstanding contribution,0.54,3.1,0.83,0.69,2.51
15,1,7,4.5,4.8,0.92,Good but not consistent,0.51,5.0,0.78,0.68,3.42
10,4,6,3.0,2.7,0.92,Good but not consistent,0.84,4.9,0.32,0.77,3.18
20,20,0,2.9,2.7,0.69,Needs improvement in deadlines,0.5,4.5,0.38,0.51,3.86
12,1,2,3.5,4.3,0.98,Good but not consistent,0.85,4.7,0.35,0.92,3.11
7,5,1,3.6,2.8,0.65,Outstanding contribution,0.66,4.6,0.4,0.46,3.6
5,0,0,2.4,3.6,0.61,Late submission and weak teamwork,0.79,3.4,0.95,0.67,2.19
6,5,1,4.7,4.4,0.78,Late submission and weak teamwork,0.44,4.4,0.65,0.77,4.34
5,2,3,2.3,2.9,0.98,Good but not consistent,0.85,4.9,0.81,0.45,3.11
5,4,0,4.8,2.7,0.71,Needs improvement in deadlines,0.7,3.8,0.44,0.68,3.82
11,1,0,3.3,2.6,0.69,Late submission and weak teamwork,0.52,4.7,0.94,0.47,2.6
10,0,3,4.8,3.1,0.69,Very committed and reliable,0.65,4.0,0.4,0.43,2.73
19,9,8,3.6,3.3,0.76,Excellent performance and teamwork,0.92,2.9,0.58,0.8,3.05
19,0,4,4.2,3.6,0.83,Excellent performance and teamwork,0.92,3.6,0.35,0.89,2.7
8,2,2,3.8,3.0,0.87,Late submission and weak teamwork,0.62,2.8,0.47,0.55,2.73
6,5,1,3.1,3.3,0.85,Late submission and weak teamwork,0.75,4.7,0.9,0.65,3.9
9,0,4,4.9,2.3,0.71,Late submission and weak teamwork,0.85,4.9,0.31,0.69,2.77
20,0,15,3.2,4.9,0.62,Very committed and reliable,0.83,3.5,0.81,0.47,2.63
7,0,2,4.3,3.5,0.88,Needs improvement in deadlines,0.7,4.5,0.59,0.96,2.9
11,5,3,4.4,3.1,0.77,Outstanding contribution,0.4,4.3,0.37,0.77,3.43
6,6,0,4.6,3.8,0.71,Needs improvement in deadlines,0.53,3.4,0.61,0.93,4.21
10,3,4,3.9,4.3,0.77,Late submission and weak teamwork,0.97,2.7,0.51,0.75,3.02
9,7,0,4.6,4.5,0.67,Excellent performance and teamwork,0.78,4.6,0.78,0.47,4.24
13,13,0,3.7,2.2,0.72,Very committed and reliable,0.8,3.9,0.63,0.48,3.82
17,5,2,2.3,2.6,1.0,Needs improvement in deadlines,0.77,3.7,0.55,0.84,2.66
13,11,1,4.1,2.9,0.7,Outstanding contribution,0.65,4.4,0.92,0.65,3.9
15,2,5,4.9,4.2,0.91,Needs improvement in deadlines,0.56,3.5,0.5,0.68,3.18
12,0,2,2.5,3.9,0.63,Excellent performance and teamwork,0.67,4.4,0.75,0.67,2.48
8,3,1,4.7,4.6,0.78,Outstanding contribution,0.63,2.7,0.58,0.69,3.35
8,8,0,4.2,3.2,0.97,Needs improvement in deadlines,0.55,3.6,0.44,0.69,4.18
15,1,5,3.4,4.9,0.91,Late submission and weak teamwork,0.41,4.5,0.65,0.59,3.12
9,5,3,4.5,4.1,0.69,Needs improvement in deadlines,0.41,4.2,0.66,0.45,3.74
18,17,0,2.1,4.6,0.79,Needs improvement in deadlines,0.43,2.8,0.46,0.85,3.71
8,2,2,3.8,2.5,0.93,Late submission and weak teamwork,0.53,3.1,0.96,0.6,2.72
19,7,12,4.0,3.4,0.71,Outstanding contribution,0.86,3.4,0.63,0.8,3.07
5,2,1,3.2,3.3,1.0,Needs improvement in deadlines,0.81,3.5,0.52,0.51,3.1
9,8,1,3.4,2.5,0.75,Very committed and reliable,0.82,4.6,0.77,0.72,3.81
9,5,1,2.7,2.6,0.85,Late submission and weak teamwork,0.92,2.7,0.34,0.67,2.86
6,4,0,2.9,4.6,0.66,Excellent performance and teamwork,0.59,4.3,0.85,0.67,3.69
12,7,4,3.0,4.1,0.91,Late submission and weak teamwork,0.53,3.2,0.94,0.84,3.39
8,0,4,3.9,3.4,0.7,Good but not consistent,0.64,4.7,0.89,0.43,2.75
18,6,1,3.8,3.2,0.84,Late submission and weak teamwork,0.74,4.8,0.74,0.66,3.28
19,14,2,4.6,2.4,0.74,Needs improvement in deadlines,0.62,4.9,0.68,0.41,3.86
5,3,1,3.2,2.1,0.65,Needs improvement in deadlines,0.84,3.7,0.82,0.62,3.03
18,10,6,3.8,3.5,0.9,Very committed and reliable,0.86,2.6,0.8,0.53,3.26
13,13,0,3.3,4.5,0.77,Good but not consistent,0.57,3.7,0.97,0.41,4.19
7,0,1,4.5,3.2,0.64,Very committed and reliable,0.41,2.8,0.99,0.44,2.42
17,13,0,2.9,3.0,0.69,Excellent performance and teamwork,0.94,4.2,0.5,0.62,3.51
16,14,1,2.1,3.3,0.72,Late submission and weak teamwork,0.97,4.5,0.33,0.42,3.65
16,10,2,3.8,3.8,0.62,Outstanding contribution,0.42,4.6,0.4,0.94,3.69
13,0,0,4.7,4.1,0.77,Late submission and weak teamwork,0.83,4.1,0.7,0.88,2.96
14,13,0,3.8,3.2,0.65,Good but not consistent,0.61,4.5,0.83,0.73,4.02
19,11,1,3.7,4.8,0.86,Good but not consistent,0.76,3.4,0.75,0.74,3.68
17,12,1,4.1,3.6,0.89,Needs improvement in deadlines,0.74,3.9,0.57,0.43,3.82
14,3,4,4.7,2.8,0.71,Needs improvement in deadlines,0.67,3.1,0.35,0.47,2.8
6,6,0,3.6,3.7,0.61,Outstanding contribution,0.72,3.4,0.32,0.66,3.95
6,0,3,4.2,4.9,0.7,Needs improvement in deadlines,0.65,3.1,0.72,0.99,2.79
15,4,9,4.4,4.6,0.95,Outstanding contribution,0.9,2.6,0.51,0.67,3.2
13,1,10,3.1,4.0,0.83,Good but not consistent,0.75,3.8,0.74,0.5,2.71
10,6,3,3.9,3.8,0.93,Outstanding contribution,0.92,3.0,0.43,0.9,3.51
15,8,1,2.2,2.3,0.76,Needs improvement in deadlines,0.68,2.8,0.44,0.42,2.64
14,10,3,3.3,4.0,0.73,Needs improvement in deadlines,0.96,4.6,0.47,0.94,3.82
6,0,0,2.9,4.3,0.72,Good but not consistent,0.44,3.3,0.87,0.87,2.46
13,12,1,3.0,3.0,0.79,Needs improvement in deadlines,0.94,3.4,0.57,0.41,3.66
17,14,1,2.9,4.6,0.73,Outstanding contribution,0.62,3.8,0.42,0.65,3.86
6,3,1,4.5,3.0,0.67,Excellent performance and teamwork,0.64,2.6,0.33,0.88,3.1
9,2,4,2.4,2.4,0.82,Needs improvement in deadlines,0.91,2.7,0.54,0.45,2.24
14,10,3,3.4,3.1,0.66,Needs improvement in deadlines,0.86,3.8,0.74,0.92,3.46
12,7,0,2.2,4.8,0.64,Outstanding contribution,0.63,4.9,0.78,0.72,3.58
16,2,3,4.2,2.9,0.62,Very committed and reliable,0.58,4.9,0.37,0.76,2.9
17,17,0,2.1,3.0,0.89,Outstanding contribution,0.83,4.5,0.48,0.61,3.86
7,1,0,2.4,2.4,0.9,Very committed and reliable,0.76,4.5,0.97,0.97,2.52
11,0,9,2.8,3.7,0.71,Outstanding contribution,0.97,3.7,0.75,0.59,2.4
12,12,0,4.2,2.4,0.86,Excellent performance and teamwork,0.85,3.8,0.58,0.9,4.01
8,8,0,2.2,3.4,0.86,Late submission and weak teamwork,0.98,4.5,0.48,0.53,3.95
20,16,1,2.6,3.1,0.8,Excellent performance and teamwork,0.73,4.5,0.97,0.84,3.64
18,17,1,4.7,2.2,0.73,Excellent performance and teamwork,0.76,4.7,0.49,0.43,4.1
6,2,1,4.3,2.5,0.75,Very committed and reliable,0.77,3.0,0.71,0.43,2.83
5,0,1,3.2,2.9,0.8,Outstanding contribution,0.54,3.5,0.53,0.8,2.32
15,2,6,4.7,2.4,0.84,Late submission and weak teamwork,0.74,3.0,0.5,0.77,2.64
5,2,3,3.5,4.4,0.93,Very committed and reliable,0.97,4.5,0.39,0.41,3.55
10,1,3,4.3,3.5,0.93,Late submission and weak teamwork,0.48,2.7,0.8,0.5,2.71
10,4,2,4.6,2.0,0.85,Outstanding contribution,0.91,3.5,0.46,0.6,3.04
11,8,2,3.1,3.0,0.82,Good but not consistent,0.42,4.4,0.92,0.53,3.6
7,6,1,3.4,3.8,0.64,Outstanding contribution,0.72,3.7,0.62,0.58,3.79
10,2,0,2.8,3.0,0.64,Good but not consistent,0.72,4.9,0.32,0.67,2.76
9,4,2,4.0,4.2,0.76,Needs improvement in deadlines,0.83,3.9,0.49,0.6,3.47
6,4,0,3.8,3.7,0.84,Outstanding contribution,0.82,2.6,0.44,0.62,3.44
6,2,4,4.2,3.1,0.69,Good but not consistent,0.54,3.3,0.53,0.79,2.97
11,9,1,3.3,3.9,1.0,Very committed and reliable,0.43,3.4,0.55,0.67,3.85
11,3,6,3.9,2.4,0.9,Very committed and reliable,0.61,4.7,0.3,0.41,3.06
14,9,0,3.0,4.7,0.95,Good but not consistent,0.57,2.6,0.45,0.59,3.5
16,9,5,3.1,3.0,0.86,Excellent performance and teamwork,0.65,4.3,0.83,0.46,3.35
7,6,0,2.6,3.4,0.95,Excellent performance and teamwork,0.73,3.0,0.75,0.78,3.56
8,3,0,2.3,2.7,0.88,Outstanding contribution,0.51,3.5,0.37,0.81,2.7
20,6,12,3.5,2.9,0.91,Outstanding contribution,0.68,5.0,0.88,0.48,3.19
9,6,1,4.0,4.3,0.99,Needs improvement in deadlines,0.95,3.4,0.92,0.87,3.83
7,0,2,2.3,2.8,0.84,Good but not consistent,0.63,2.5,0.74,0.92,1.94
15,14,1,3.5,2.0,0.65,Excellent performance and teamwork,1.0,4.5,0.84,0.66,3.73
7,7,0,2.4,2.6,0.63,Outstanding contribution,0.76,2.6,0.83,0.77,3.33
16,13,1,2.1,4.6,0.62,Outstanding contribution,0.97,3.4,0.89,0.64,3.55
8,8,0,3.8,2.2,0.82,Excellent performance and teamwork,0.93,3.4,0.85,0.98,3.79
9,1,1,3.5,3.2,0.7,Needs improvement in deadlines,0.44,3.0,0.68,0.65,2.46
16,10,6,4.4,4.5,0.61,Very committed and reliable,0.65,2.8,0.63,0.86,3.58
20,16,4,2.9,4.7,0.91,Excellent performance and teamwork,0.95,4.6,0.43,0.41,4.09
16,12,1,3.1,4.6,0.99,Needs improvement in deadlines,0.87,3.6,0.72,0.41,3.88
7,1,2,3.6,4.3,0.6,Needs improvement in deadlines,0.81,3.3,0.7,0.91,2.75
8,0,4,3.6,3.7,0.68,Very committed and reliable,0.79,3.7,0.55,0.97,2.54
17,3,10,4.4,3.6,0.81,Late submission and weak teamwork,0.5,3.0,1.0,0.99,2.87
10,2,5,3.8,4.2,0.66,Excellent performance and teamwork,0.97,4.4,0.57,0.51,3.11
6,0,4,2.9,2.4,0.97,Very committed and reliable,0.7,3.4,0.94,0.76,2.23
10,6,0,3.0,3.4,0.84,Good but not consistent,0.98,3.1,0.68,0.89,3.22
17,3,1,3.6,4.8,0.71,Late submission and weak teamwork,0.59,4.2,0.72,0.57,3.14
10,7,0,3.7,5.0,0.86,Late submission and weak teamwork,0.72,4.8,0.34,0.45,4.18
7,2,2,4.9,3.7,0.7,Late submission and weak teamwork,0.71,4.2,0.77,0.71,3.34
14,12,2,4.8,4.3,0.84,Outstanding contribution,0.4,3.2,0.68,0.81,4.17
10,4,0,2.8,2.6,0.83,Late submission and weak teamwork,0.92,2.7,0.86,0.59,2.63
10,4,1,2.4,4.2,0.6,Excellent performance and teamwork,0.75,4.4,0.53,0.47,3.1
18,1,5,4.7,2.7,0.88,Good but not consistent,0.52,4.7,0.84,0.96,2.94
11,4,6,3.3,4.1,0.85,Excellent performance and teamwork,0.51,2.5,0.52,0.6,2.95
12,8,1,3.5,3.9,0.64,Outstanding contribution,1.0,3.4,0.83,0.57,3.48
17,11,4,3.9,3.8,0.78,Needs improvement in deadlines,0.97,4.9,0.84,0.69,3.88
10,8,1,2.4,4.6,0.85,Needs improvement in deadlines,0.46,3.3,0.79,0.6,3.68
18,0,11,3.7,4.7,0.69,Late submission and weak teamwork,0.42,4.3,0.31,0.74,2.89
8,8,0,2.6,3.6,0.76,Late submission and weak teamwork,0.53,3.0,0.71,0.55,3.72
17,11,4,4.3,5.0,0.78,Outstanding contribution,0.86,3.5,0.88,0.95,3.92
15,11,2,3.9,3.7,0.92,Good but not consistent,0.58,4.0,0.71,0.64,3.88
14,3,5,4.3,4.3,0.97,Very committed and reliable,0.64,2.6,0.69,0.69,3.05
15,2,7,2.0,4.9,0.83,Outstanding contribution,0.97,2.8,0.39,0.91,2.56
12,2,5,3.4,4.2,0.67,Excellent performance and teamwork,0.82,4.2,0.78,0.67,2.95
20,19,0,2.9,2.1,0.75,Needs improvement in deadlines,0.84,5.0,0.36,0.99,3.8
10,1,1,4.3,4.3,0.78,Excellent performance and teamwork,0.52,4.2,0.74,0.86,3.1
17,15,2,2.4,4.6,0.97,Late submission and weak teamwork,0.9,2.7,0.82,0.82,3.75
13,13,0,4.0,3.3,0.81,Excellent performance and teamwork,0.71,4.2,0.93,0.91,4.21
5,4,0,4.6,4.5,0.61,Late submission and weak teamwork,0.76,4.2,0.32,0.54,4.17
5,4,1,2.1,3.7,0.86,Needs improvement in deadlines,0.73,4.9,0.33,0.48,3.77
19,2,15,5.0,4.9,0.89,Outstanding contribution,0.88,3.8,0.48,0.63,3.34
16,7,5,2.2,3.1,0.89,Late submission and weak teamwork,0.91,4.6,0.71,0.97,3.08
13,11,0,4.6,2.9,0.75,Late submission and weak teamwork,0.78,3.9,0.69,0.89,3.92
16,14,2,2.5,2.0,0.91,Very committed and reliable,0.42,2.9,0.48,0.41,3.25
19,8,8,4.3,3.0,0.65,Good but not consistent,0.52,3.3,0.93,0.89,3.08
16,5,2,3.9,3.4,0.87,Outstanding contribution,0.49,2.6,0.84,0.47,2.88
6,1,0,2.3,3.6,0.66,Late submission and weak teamwork,0.77,3.6,0.35,0.97,2.48
12,2,2,4.7,4.1,0.79,Needs improvement in deadlines,0.94,4.8,0.89,0.81,3.36
18,0,14,4.3,5.0,0.95,Very committed and reliable,0.96,3.4,0.43,0.44,3.02
11,8,3,4.6,4.0,0.97,Outstanding contribution,0.95,4.0,0.67,0.65,4.1
20,17,0,4.6,3.6,0.67,Needs improvement in deadlines,0.73,3.6,0.58,0.46,3.97
14,14,0,4.0,2.2,0.67,Very committed and reliable,0.88,3.9,0.62,0.77,3.85
9,6,0,4.9,4.7,0.77,Outstanding contribution,0.86,4.6,0.7,0.6,4.22
18,7,0,4.6,2.1,0.61,Late submission and weak teamwork,0.6,3.5,0.31,0.75,2.93
14,10,0,2.7,4.2,0.63,Outstanding contribution,0.9,4.2,0.55,1.0,3.61
19,15,4,3.1,2.4,0.89,Very committed and reliable,0.88,3.4,0.44,0.54,3.41
9,5,4,3.1,2.5,0.99,Very committed and reliable,0.93,4.5,0.34,0.59,3.35
20,16,3,4.4,2.1,0.75,Outstanding contribution,0.44,4.1,0.73,0.98,3.69
11,10,1,3.2,4.0,0.8,Very committed and reliable,0.89,4.5,0.66,0.63,4.1
5,4,1,4.9,3.7,0.92,Very committed and reliable,0.5,3.5,0.88,0.7,4.08
13,10,0,4.6,2.7,0.71,Excellent performance and teamwork,0.43,3.3,0.95,0.75,3.63
19,17,2,4.5,5.0,0.8,Late submission and weak teamwork,0.85,3.0,0.73,0.73,4.24
16,6,3,2.2,4.6,0.74,Late submission and weak teamwork,0.71,4.2,0.97,0.97,3.13
12,0,4,3.0,2.5,0.6,Outstanding contribution,0.97,3.5,0.87,0.66,2.1
6,6,0,4.3,4.8,0.86,Needs improvement in deadlines,0.91,2.7,0.33,0.75,4.29
12,8,0,2.2,3.2,0.78,Needs improvement in deadlines,0.94,3.2,0.39,0.93,3.11
13,13,0,2.3,3.7,0.96,Very committed and reliable,0.95,4.6,0.8,0.49,4.1
10,8,2,4.9,2.0,0.66,Late submission and weak teamwork,0.95,3.4,0.52,0.55,3.59
8,0,1,2.7,2.7,0.72,Excellent performance and teamwork,0.54,4.7,0.32,0.42,2.38
14,4,10,4.1,2.5,0.92,Outstanding contribution,0.69,3.0,0.67,0.44,2.81
10,4,6,3.4,3.0,0.82,Needs improvement in deadlines,0.95,2.8,0.53,0.73,2.85
7,3,0,3.2,3.8,0.63,Outstanding contribution,0.89,3.4,0.88,0.64,3.04
5,1,2,2.5,4.1,0.92,Good but not consistent,0.57,4.3,0.96,0.55,2.94
11,10,1,4.4,4.2,1.0,Late submission and weak teamwork,0.56,4.3,0.67,0.86,4.44
12,4,2,3.9,4.7,0.71,Late submission and weak teamwork,0.87,3.1,0.39,0.75,3.2
7,1,6,3.1,4.5,0.88,Outstanding contribution,0.91,3.1,0.48,0.67,2.79
16,1,10,4.7,3.2,0.61,Excellent performance and teamwork,0.96,3.5,0.79,0.86,2.68
20,20,0,3.9,3.0,0.71,Very committed and reliable,0.76,4.6,0.79,0.9,4.16
7,6,0,4.2,3.6,0.67,Late submission and weak teamwork,0.94,3.8,0.45,0.65,3.94
15,10,4,4.6,3.7,0.84,Very committed and reliable,0.56,3.9,0.74,0.67,3.86
8,2,2,4.0,4.5,0.81,Outstanding contribution,1.0,2.6,0.46,0.67,3.0
13,4,8,3.7,3.1,0.71,Needs improvement in deadlines,0.76,4.5,0.32,0.5,3.08
13,13,0,4.0,3.2,0.84,Outstanding contribution,0.94,3.7,0.92,0.7,4.1
18,8,4,4.5,4.0,0.74,Good but not consistent,0.77,3.3,0.92,0.48,3.4
19,5,13,3.6,3.5,0.68,Outstanding contribution,0.82,3.4,0.58,0.52,2.83
15,6,7,4.3,3.9,0.61,Good but not consistent,0.7,3.9,0.45,0.72,3.33
11,1,3,4.4,2.7,0.61,Excellent performance and teamwork,0.74,3.7,0.94,0.53,2.6
19,3,1,3.9,4.7,0.6,Needs improvement in deadlines,0.42,2.7,0.34,0.52,2.8
20,1,9,3.3,2.6,0.86,Late submission and weak teamwork,0.53,4.1,0.55,0.55,2.5
20,6,4,4.7,3.5,0.71,Very committed and reliable,0.69,3.3,0.65,0.64,3.11
13,11,1,4.8,4.1,0.67,Excellent performance and teamwork,0.9,5.0,0.59,0.66,4.38
18,7,6,2.7,2.3,0.98,Very committed and reliable,0.61,3.0,0.63,1.0,2.67
18,0,15,4.7,3.9,0.87,Outstanding contribution,0.92,3.0,0.51,0.7,2.76
6,4,1,2.7,2.2,0.63,Needs improvement in deadlines,0.81,3.3,0.87,0.71,2.96
6,3,3,3.8,3.9,0.68,Late submission and weak teamwork,0.8,2.8,0.79,0.85,3.19
11,3,1,4.0,3.4,0.78,Outstanding contribution,0.79,4.5,0.73,0.59,3.18
20,1,16,2.6,3.6,0.81,Needs improvement in deadlines,0.52,2.8,0.36,0.54,2.28
14,13,0,2.5,3.2,0.9,Late submission and weak teamwork,0.57,4.0,0.46,0.55,3.78
13,11,1,2.5,4.5,0.71,Very committed and reliable,0.45,4.1,0.88,0.93,3.84
13,11,1,4.0,3.8,1.0,Very committed and reliable,0.47,5.0,0.59,0.79,4.33
13,10,2,2.8,2.0,0.82,Good but not consistent,0.59,4.7,0.45,0.59,3.46
19,10,3,4.2,2.5,0.71,Good but not consistent,0.86,3.5,0.72,0.65,3.18
7,1,5,2.6,2.5,0.77,Excellent performance and teamwork,0.98,3.7,0.99,0.51,2.36
20,18,1,4.2,2.7,0.8,Good but not consistent,0.66,3.7,0.68,0.62,3.87
13,10,3,4.4,2.4,0.71,Very committed and reliable,0.53,4.6,0.76,0.92,3.79
15,1,0,3.3,2.1,0.86,Needs improvement in deadlines,0.81,4.7,0.71,0.62,2.55
10,3,6,4.0,3.6,0.99,Excellent performance and teamwork,0.63,2.6,0.55,0.85,2.99
5,2,0,3.5,3.9,0.71,Excellent performance and teamwork,0.56,3.6,0.32,0.69,3.16
14,5,1,3.9,3.9,0.65,Needs improvement in deadlines,0.76,4.1,0.69,0.92,3.24
20,4,3,2.1,3.7,0.79,Late submission and weak teamwork,0.54,2.9,0.9,0.46,2.44
19,4,13,3.9,3.5,0.97,Needs improvement in deadlines,0.5,3.1,0.83,0.55,2.9
16,6,8,3.2,3.2,0.72,Outstanding contribution,0.68,4.9,0.45,0.85,3.18
19,12,7,3.7,3.9,0.96,Good but not consistent,0.48,4.0,0.37,0.85,3.75
7,3,4,3.3,2.4,0.75,Very committed and reliable,0.69,3.0,0.74,0.65,2.76
12,2,8,3.2,3.0,0.9,Very committed and reliable,0.93,4.2,0.37,0.98,2.78
14,9,5,4.8,4.2,0.83,Very committed and reliable,0.97,4.8,0.55,0.6,4.14
20,11,7,2.8,2.2,0.9,Very committed and reliable,0.57,2.7,0.37,0.93,2.82
7,1,2,2.0,2.2,0.88,Excellent performance and teamwork,0.72,3.0,0.58,0.81,2.09
15,13,1,3.7,2.3,0.63,Outstanding contribution,0.79,3.3,0.9,0.75,3.48
17,15,0,4.5,4.6,0.92,Needs improvement in deadlines,0.66,4.2,0.52,0.46,4.44
10,4,1,4.2,3.4,0.9,Good but not consistent,0.81,4.8,0.58,0.86,3.53
11,1,7,4.1,3.5,0.63,Very committed and reliable,0.73,3.1,0.4,0.74,2.59
15,13,2,3.3,3.2,0.72,Outstanding contribution,0.41,3.8,0.72,0.93,3.72
17,16,0,4.3,4.3,0.75,Outstanding contribution,0.57,3.7,0.32,0.73,4.25
14,4,2,4.0,2.2,0.87,Very committed and reliable,0.84,3.0,0.5,0.84,2.7
7,6,1,2.0,3.7,0.94,Very committed and reliable,0.55,3.0,0.71,0.6,3.5
5,5,0,3.9,3.4,0.68,Very committed and reliable,0.64,3.7,0.91,0.46,4.04
7,6,0,4.5,3.4,0.76,Excellent performance and teamwork,0.83,4.9,0.96,0.8,4.23
14,11,3,4.7,2.8,0.9,Late submission and weak teamwork,0.69,3.2,0.91,0.77,3.77
6,2,1,4.6,5.0,0.87,Late submission and weak teamwork,0.72,3.7,0.84,0.97,3.6
10,5,3,4.4,4.6,0.72,Good but not consistent,0.57,3.0,0.63,0.56,3.51
14,4,2,2.7,2.8,0.67,Late submission and weak teamwork,0.87,3.5,0.32,0.42,2.56
5,4,0,2.7,3.8,0.85,Late submission and weak teamwork,0.99,3.1,0.9,0.63,3.54
5,0,4,3.2,4.1,0.99,Needs improvement in deadlines,0.73,4.0,0.88,0.46,2.75
16,16,0,2.4,2.8,0.96,Outstanding contribution,0.96,3.4,0.77,0.59,3.7
9,4,2,4.0,2.1,0.89,Excellent performance and teamwork,0.59,3.6,0.65,0.51,3.05
19,2,16,2.6,2.4,0.97,Excellent performance and teamwork,0.52,3.2,0.5,0.72,2.28
13,8,1,3.0,4.5,0.75,Needs improvement in deadlines,0.68,3.2,0.95,0.41,3.44
15,3,3,4.5,3.8,0.9,Needs improvement in deadlines,0.85,4.0,0.64,0.8,3.21
19,16,2,4.0,4.5,0.77,Needs improvement in deadlines,0.7,3.2,0.61,0.86,3.99
7,3,1,3.8,4.9,0.73,Very committed and reliable,0.51,3.0,0.68,0.98,3.35
18,11,3,2.3,4.0,0.74,Very committed and reliable,0.8,4.5,0.58,0.99,3.45
16,12,1,4.8,3.1,0.85,Excellent performance and teamwork,0.64,4.7,0.93,0.93,4.07
17,17,0,2.5,3.7,0.71,Good but not consistent,0.78,3.5,0.89,0.48,3.8
6,1,1,2.3,5.0,0.98,Outstanding contribution,0.84,3.1,0.98,0.9,2.82
15,10,1,4.1,4.9,0.98,Excellent performance and teamwork,0.52,4.7,0.93,0.54,4.23
15,2,5,3.1,4.4,1.0,Very committed and reliable,0.92,3.4,0.76,1.0,2.88
7,5,1,3.3,2.9,0.88,Excellent performance and teamwork,0.98,3.3,0.56,0.66,3.41
14,9,2,3.2,2.2,0.86,Needs improvement in deadlines,0.88,4.1,0.72,0.42,3.29
6,1,3,3.2,3.3,0.94,Excellent performance and teamwork,0.62,3.5,0.91,0.77,2.72
10,3,0,3.5,3.4,0.94,Good but not consistent,0.97,4.1,0.67,0.74,3.12
16,6,7,3.4,2.0,0.86,Excellent performance and teamwork,0.82,4.3,0.73,0.88,2.93
5,1,0,3.2,2.7,0.88,Needs improvement in deadlines,0.53,4.6,0.61,0.73,2.84
20,8,7,2.6,2.9,0.95,Outstanding contribution,0.45,4.9,0.88,0.7,3.16
13,13,0,2.4,3.7,0.67,Good but not consistent,0.53,2.7,0.43,0.52,3.6
6,0,6,3.0,4.9,0.73,Late submission and weak teamwork,0.73,2.9,0.38,0.42,2.52
20,3,16,2.3,3.3,0.72,Outstanding contribution,0.41,4.3,0.91,0.7,2.56
11,5,3,4.7,2.3,0.96,Needs improvement in deadlines,0.63,4.1,0.97,0.81,3.38
14,3,1,3.3,4.9,0.77,Excellent performance and teamwork,0.53,3.2,0.67,0.41,2.99
11,8,1,3.8,2.1,0.92,Outstanding contribution,0.63,3.7,0.82,0.66,3.47
12,2,10,2.8,2.3,0.68,Very committed and reliable,0.95,4.9,0.97,0.76,2.59
12,4,2,2.7,2.1,0.73,Very committed and reliable,0.57,4.9,0.89,0.91,2.81
13,0,10,3.0,2.2,0.94,Excellent performance and teamwork,0.47,4.9,0.84,0.59,2.49
6,2,2,3.0,4.7,0.63,Outstanding contribution,0.72,3.2,0.72,0.6,3.0
17,13,1,4.2,3.1,0.9,Good but not consistent,0.95,4.9,0.7,0.43,4.04
10,1,1,2.9,2.0,0.89,Good but not consistent,0.51,4.5,0.97,0.94,2.48
20,2,2,2.9,4.7,0.62,Needs improvement in deadlines,0.44,4.0,0.98,0.47,2.78
6,0,3,3.0,2.6,0.9,Good but not consistent,0.46,4.8,0.96,0.63,2.53
20,7,3,3.5,4.0,0.99,Good but not consistent,0.57,4.7,0.86,0.64,3.46
11,8,2,4.6,4.2,0.7,Outstanding contribution,0.86,3.2,0.36,0.87,3.84
8,3,4,3.1,3.5,0.75,Needs improvement in deadlines,0.54,3.5,0.43,0.64,2.96
16,12,4,2.1,2.7,0.99,Outstanding contribution,0.89,3.6,0.74,0.9,3.3
14,13,0,2.7,2.6,0.84,Excellent performance and teamwork,0.87,3.6,0.44,0.56,3.59
7,4,2,3.3,2.8,0.74,Good but not consistent,0.76,4.6,0.58,0.43,3.37
14,9,4,2.3,2.2,0.81,Excellent performance and teamwork,0.75,2.8,0.6,0.92,2.83
16,4,8,4.5,2.2,0.71,Needs improvement in deadlines,0.45,3.5,0.32,0.81,2.77
16,1,13,4.4,4.3,0.86,Outstanding contribution,0.9,3.0,0.49,0.71,2.86
11,7,2,4.7,2.9,0.85,Late submission and weak teamwork,0.54,4.5,0.45,0.94,3.8
5,4,1,2.9,4.3,0.73,Outstanding contribution,0.68,3.3,0.92,0.87,3.67
9,7,2,3.7,3.8,0.96,Good but not consistent,0.79,4.2,0.82,0.63,3.99
13,6,0,4.6,4.4,0.92,Needs improvement in deadlines,0.59,2.8,0.58,0.49,3.51
13,11,1,4.2,4.2,0.62,Very committed and reliable,0.65,3.2,0.69,0.69,3.9
18,7,8,4.3,2.6,0.76,Late submission and weak teamwork,0.46,4.3,0.9,0.91,3.2
13,1,12,4.2,2.7,0.87,Needs improvement in deadlines,0.63,3.1,0.51,0.45,2.55
18,16,0,4.9,3.8,0.63,Late submission and weak teamwork,0.94,3.5,0.9,0.52,4.09
6,2,4,2.2,4.2,0.9,Needs improvement in deadlines,0.5,3.0,0.53,0.6,2.83
5,0,2,4.7,4.9,0.9,Very committed and reliable,0.88,3.7,0.37,0.94,3.11
6,6,0,3.8,4.4,0.86,Late submission and weak teamwork,0.67,3.2,0.53,0.51,4.21
7,0,1,4.9,3.7,0.95,Good but not consistent,0.93,4.9,0.38,0.84,3.18
13,12,0,3.2,4.1,0.63,Late submission and weak teamwork,0.86,3.1,0.9,0.8,3.78
14,7,3,4.8,4.4,1.0,Excellent performance and teamwork,0.54,3.0,0.74,0.71,3.69
14,0,5,3.0,3.5,0.87,Excellent performance and teamwork,0.54,3.2,0.84,0.6,2.38
11,4,4,4.8,4.7,0.91,Excellent performance and teamwork,0.66,4.9,0.33,0.85,3.88
8,3,1,2.2,4.8,0.74,Outstanding contribution,0.52,4.2,0.83,0.78,3.17
8,2,6,2.4,2.1,0.62,Outstanding contribution,0.61,4.6,0.73,0.54,2.5
5,4,1,3.9,4.2,0.98,Outstanding contribution,0.73,2.8,0.79,0.95,3.87
9,9,0,3.1,3.4,0.74,Late submission and weak teamwork,0.4,3.5,0.71,0.58,3.87
13,6,6,4.3,4.4,0.92,Very committed and reliable,0.52,3.8,0.93,0.92,3.65
9,4,1,4.5,2.4,0.69,Very committed and reliable,0.82,4.0,0.55,0.68,3.19
17,16,1,3.0,4.7,0.71,Needs improvement in deadlines,0.46,4.7,0.58,0.78,4.25
11,9,0,4.2,3.7,0.64,Excellent performance and teamwork,0.76,3.7,0.72,0.97,3.87
13,2,11,4.6,4.9,0.61,Needs improvement in deadlines,0.64,2.6,0.89,0.54,2.96
11,8,2,4.1,2.3,0.63,Very committed and reliable,0.84,4.5,0.81,0.81,3.59
15,1,5,4.0,3.4,0.84,Needs improvement in deadlines,0.74,5.0,0.88,0.72,3.0
18,12,4,3.8,2.2,0.86,Outstanding contribution,0.7,4.5,0.55,0.88,3.53
6,0,1,2.2,4.4,0.82,Good but not consistent,0.61,2.5,0.5,0.79,2.23
9,4,4,3.3,4.4,0.84,Late submission and weak teamwork,0.99,2.8,0.62,0.59,3.19
11,3,0,2.4,3.8,0.69,Needs improvement in deadlines,0.56,2.7,0.62,0.96,2.53
14,5,8,4.9,4.0,0.66,Needs improvement in deadlines,0.43,5.0,0.97,0.59,3.65
9,8,0,3.8,3.6,0.88,Good but not consistent,0.57,3.3,0.42,0.44,3.91
13,0,12,2.9,4.7,0.91,Needs improvement in deadlines,0.84,2.5,0.38,0.53,2.48
10,6,0,2.0,2.8,0.65,Very committed and reliable,0.45,4.6,0.5,0.99,3.1
18,9,9,3.2,3.0,0.87,Outstanding contribution,0.56,3.7,0.34,0.67,3.17
9,5,2,3.9,4.4,0.86,Good but not consistent,0.73,3.1,0.7,0.78,3.54
17,7,1,3.2,2.9,1.0,Outstanding contribution,0.68,3.4,0.43,0.89,3.02
10,1,7,4.9,4.9,0.75,Very committed and reliable,0.58,3.2,0.96,0.61,3.13
5,3,0,4.9,2.1,0.72,Needs improvement in deadlines,0.51,4.6,0.66,0.98,3.58
12,0,3,3.3,2.2,0.87,Late submission and weak teamwork,0.76,3.6,0.71,0.93,2.26
9,0,4,3.6,3.8,0.68,Very committed and reliable,0.71,3.2,0.48,0.58,2.46
18,11,6,3.3,4.1,0.71,Needs improvement in deadlines,0.89,4.0,0.45,0.44,3.55
12,0,10,4.6,4.9,0.91,Late submission and weak teamwork,0.51,3.9,0.93,0.67,3.13
10,3,3,4.7,2.2,0.65,Very committed and reliable,0.69,4.4,0.88,0.42,3.04
8,4,1,3.6,3.1,0.73,Late submission and weak teamwork,0.55,3.3,0.8,0.43,3.12
13,0,1,3.4,3.8,0.6,Outstanding contribution,0.6,3.8,0.38,0.74,2.5
10,7,1,3.5,2.8,0.61,Needs improvement in deadlines,0.9,4.7,0.67,0.41,3.56
8,6,2,3.2,3.4,0.92,Good but not consistent,0.65,4.9,0.54,0.99,3.89
16,12,2,3.7,3.8,0.77,Outstanding contribution,0.75,3.3,0.31,0.58,3.67
18,10,1,2.0,3.6,0.84,Outstanding contribution,0.71,3.1,0.47,0.7,2.99
6,4,1,2.5,2.9,0.74,Needs improvement in deadlines,0.48,3.6,0.64,0.48,3.17
16,7,7,4.8,2.8,0.85,Very committed and reliable,0.88,4.9,0.85,0.96,3.58
13,2,9,4.5,3.0,0.99,Late submission and weak teamwork,0.96,4.3,0.38,0.77,3.09
17,9,5,4.2,4.6,0.77,Late submission and weak teamwork,0.72,4.6,0.34,0.9,3.86
10,4,1,2.6,4.8,0.96,Good but not consistent,0.69,3.1,0.79,0.48,3.18
17,7,0,2.1,3.1,0.84,Good but not consistent,0.63,3.0,0.99,0.73,2.68
7,3,2,3.5,4.6,0.72,Good but not consistent,0.74,4.8,0.62,0.48,3.58
17,12,0,3.3,4.1,0.68,Good but not consistent,0.54,5.0,0.54,0.96,3.88
15,2,9,3.4,2.5,0.62,Excellent performance and teamwork,0.96,4.5,0.62,0.81,2.59
16,1,14,3.6,3.2,0.93,Outstanding contribution,0.41,3.7,0.83,0.92,2.66
8,8,0,4.0,4.8,0.79,Late submission and weak teamwork,0.75,4.0,0.99,0.68,4.46
9,1,8,4.0,2.6,0.7,Needs improvement in deadlines,0.47,4.8,0.83,0.72,2.8
6,0,0,4.8,3.4,0.96,Very committed and reliable,0.51,2.8,0.62,0.67,2.68
8,0,6,2.1,4.0,0.75,Needs improvement in deadlines,0.92,3.1,0.53,0.5,2.22
20,8,8,4.4,4.5,0.69,Late submission and weak teamwork,0.82,3.4,0.63,0.81,3.4
13,2,8,3.2,2.8,0.81,Needs improvement in deadlines,0.49,4.2,0.85,0.7,2.68
11,3,3,2.6,2.7,0.82,Needs improvement in deadlines,0.63,4.1,0.74,0.98,2.7
10,5,5,3.8,2.2,0.93,Good but not consistent,0.58,4.7,0.95,0.87,3.35
20,3,4,3.5,2.4,0.93,Needs improvement in deadlines,0.83,4.5,0.39,0.94,2.77
11,2,3,3.2,3.1,0.88,Outstanding contribution,0.43,3.2,0.83,0.51,2.61
13,11,0,3.4,2.2,0.84,Very committed and reliable,0.71,3.1,0.72,0.74,3.43
9,4,5,4.5,2.7,0.91,Excellent performance and teamwork,0.77,3.7,0.36,0.46,3.3
10,0,8,2.0,2.6,0.67,Very committed and reliable,0.6,3.4,0.62,0.82,1.94
20,16,0,3.7,4.1,0.97,Late submission and weak teamwork,0.59,4.0,0.88,0.86,4.04
18,14,1,4.6,4.7,0.75,Late submission and weak teamwork,0.71,4.6,0.93,0.95,4.32
11,6,1,3.1,5.0,0.94,Very committed and reliable,0.68,3.1,0.7,0.59,3.53
16,2,8,4.7,2.1,0.87,Very committed and reliable,0.56,3.4,0.62,0.43,2.66
15,6,6,4.2,3.4,0.67,Good but not consistent,0.98,2.7,0.65,0.94,3.0
7,0,6,3.7,2.5,0.93,Needs improvement in deadlines,0.76,4.8,0.89,0.75,2.67
16,13,3,2.5,4.9,0.89,Outstanding contribution,0.7,2.6,0.91,0.9,3.66
9,3,2,4.5,2.3,0.72,Outstanding contribution,0.64,3.0,0.36,0.46,2.82
14,9,2,2.0,3.7,0.98,Good but not consistent,0.54,2.7,0.68,0.77,3.13
14,1,4,2.7,2.9,0.93,Excellent performance and teamwork,0.48,2.7,0.79,0.52,2.23
5,0,4,4.2,3.6,0.62,Good but not consistent,0.61,4.5,0.65,0.5,2.77
11,2,7,2.3,3.4,0.62,Good but not consistent,0.47,4.9,0.84,0.72,2.7
17,0,14,2.6,3.7,0.82,Very committed and reliable,0.66,4.1,0.33,0.55,2.49
15,13,0,4.8,3.7,0.62,Outstanding contribution,0.55,5.0,0.34,0.6,4.31
15,7,5,4.7,2.4,0.84,Very committed and reliable,0.48,4.6,0.77,0.54,3.46
18,16,0,3.8,4.6,0.8,Good but not consistent,0.91,2.9,0.8,0.4,3.99
12,1,6,4.7,2.0,0.66,Excellent performance and teamwork,0.73,3.7,0.47,0.52,2.54
18,14,3,3.0,4.0,0.65,Very committed and reliable,0.57,4.2,0.74,0.7,3.73
9,8,0,4.6,2.6,0.72,Outstanding contribution,0.83,3.5,0.53,0.7,3.83
8,5,1,2.9,3.6,0.62,Outstanding contribution,0.58,3.6,0.56,0.72,3.27
9,7,2,2.3,3.2,0.73,Good but not consistent,0.5,3.0,0.69,0.6,3.23
18,1,1,2.5,4.6,0.92,Needs improvement in deadlines,0.86,3.8,0.9,0.9,2.72
18,18,0,4.6,2.6,0.75,Excellent performance and teamwork,0.76,4.4,0.36,0.83,4.2
14,6,4,3.2,2.5,1.0,Late submission and weak teamwork,0.71,2.7,0.54,1.0,2.82
8,5,3,4.7,2.3,0.69,Needs improvement in deadlines,0.58,4.0,1.0,0.45,3.48
9,5,4,2.9,4.2,0.82,Late submission and weak teamwork,0.68,4.2,0.3,0.72,3.5
19,19,0,4.4,3.4,0.83,Excellent performance and teamwork,0.7,3.3,0.97,0.68,4.13
11,1,2,3.9,4.0,0.78,Late submission and weak teamwork,0.68,3.7,0.39,0.91,2.85
15,0,15,4.5,2.9,0.63,Needs improvement in deadlines,0.7,3.7,0.53,0.83,2.54
9,2,0,3.0,3.2,1.0,Very committed and reliable,0.72,4.8,0.34,0.87,3.03
11,6,2,2.2,4.4,0.67,Late submission and weak teamwork,0.64,4.9,0.91,0.83,3.45
7,5,1,4.8,4.8,0.86,Very committed and reliable,0.97,4.6,0.97,0.85,4.34
18,6,1,3.1,4.8,0.81,Good but not consistent,0.73,4.8,0.53,0.57,3.45
17,7,5,2.2,3.9,0.7,Good but not consistent,0.9,3.5,0.52,0.75,2.89
10,6,0,3.0,2.3,0.79,Outstanding contribution,1.0,4.7,0.48,0.45,3.29
8,1,3,3.8,4.6,0.8,Excellent performance and teamwork,0.63,4.3,0.88,0.88,3.13
16,7,8,3.8,3.4,0.96,Outstanding contribution,0.71,3.7,0.7,0.74,3.32
14,11,2,4.4,3.2,0.88,Outstanding contribution,0.74,4.7,0.65,0.82,4.08
18,8,3,4.9,4.6,0.89,Excellent performance and teamwork,0.62,3.5,0.74,0.58,3.71
16,7,1,2.7,4.1,0.76,Outstanding contribution,0.45,4.2,0.73,0.77,3.24
8,3,2,2.5,4.4,0.98,Needs improvement in deadlines,0.95,4.2,0.97,0.54,3.27
16,11,1,2.1,4.5,0.89,Excellent performance and teamwork,0.67,3.5,0.83,0.58,3.5
13,7,0,2.0,2.5,0.74,Late submission and weak teamwork,0.85,2.6,0.96,0.7,2.6
13,7,2,3.1,2.8,0.68,Outstanding contribution,0.77,3.3,0.47,0.68,2.99
6,6,0,3.7,3.5,0.65,Excellent performance and teamwork,0.7,3.5,0.74,0.61,3.97
15,8,2,4.7,2.6,0.77,Needs improvement in deadlines,0.42,3.9,0.42,0.98,3.43
6,0,5,2.3,4.5,0.78,Very committed and reliable,0.97,4.6,0.81,0.66,2.67
9,9,0,4.1,4.5,0.75,Late submission and weak teamwork,0.65,3.8,0.65,0.62,4.35
15,12,0,2.8,2.2,0.7,Needs improvement in deadlines,0.74,3.6,0.83,0.51,3.27
16,14,0,3.7,4.0,0.78,Outstanding contribution,0.44,3.5,0.53,0.87,3.94
16,14,0,3.7,4.1,0.82,Late submission and weak teamwork,1.0,2.6,0.58,0.81,3.8
12,4,7,2.8,4.9,0.99,Very committed and reliable,0.75,2.7,0.53,0.87,3.08
18,7,11,2.4,3.0,0.67,Excellent performance and teamwork,0.97,2.8,0.88,0.5,2.56
10,1,5,4.0,3.8,0.93,Excellent performance and teamwork,0.43,2.7,0.87,0.42,2.71
14,12,0,3.2,3.8,0.76,Needs improvement in deadlines,0.76,4.6,0.52,0.98,3.99
11,9,1,2.3,4.7,0.83,Very committed and reliable,0.49,4.1,0.99,0.45,3.86
15,8,5,3.9,4.9,0.87,Very committed and reliable,0.61,5.0,0.41,0.44,4.0
6,1,4,2.5,2.2,0.92,Needs improvement in deadlines,0.89,5.0,0.93,0.74,2.65
6,0,2,2.4,3.1,0.98,Late submission and weak teamwork,0.96,2.9,0.71,0.41,2.17
12,8,3,3.7,2.8,0.94,Late submission and weak teamwork,0.59,4.6,0.76,0.63,3.69
12,2,6,4.9,2.3,0.95,Late submission and weak teamwork,0.87,3.3,0.51,0.83,2.83
13,8,1,3.7,4.1,0.76,Outstanding contribution,0.73,4.0,0.86,0.59,3.66
6,5,1,4.8,3.2,0.85,Excellent performance and teamwork,0.95,4.0,0.49,0.78,4.08
14,6,8,2.3,3.3,0.77,Good but not consistent,0.7,3.6,0.77,0.94,2.87
14,4,9,3.3,3.0,0.85,Needs improvement in deadlines,0.5,4.3,0.33,0.71,2.97
11,3,7,4.6,4.0,0.79,Needs improvement in deadlines,0.71,3.4,0.36,0.8,3.2
20,5,11,3.7,2.0,0.8,Needs improvement in deadlines,0.5,4.7,0.43,0.65,2.86
19,4,2,4.4,3.4,0.99,Very committed and reliable,0.9,2.6,0.53,0.6,2.89
16,3,2,4.2,2.5,0.8,Good but not consistent,0.63,2.7,0.31,0.4,2.56
9,3,4,4.7,2.6,0.94,Late submission and weak teamwork,0.75,3.7,0.64,0.44,3.17
17,4,8,3.3,3.2,0.94,Excellent performance and teamwork,0.61,4.8,0.85,0.8,3.08
7,1,2,3.5,4.9,0.82,Excellent performance and teamwork,0.62,4.1,0.97,0.51,3.12
9,9,0,2.7,4.3,0.74,Late submission and weak teamwork,0.49,3.8,0.48,0.84,4.03
13,1,0,4.4,5.0,1.0,Excellent performance and teamwork,0.78,4.9,0.45,0.91,3.48
10,7,1,2.2,4.7,0.88,Excellent performance and teamwork,0.47,4.2,0.57,0.6,3.71
14,6,4,3.0,2.2,0.7,Outstanding contribution,0.63,3.9,0.52,0.67,2.81
12,6,0,3.9,3.9,0.93,Excellent performance and teamwork,0.78,3.2,0.63,0.4,3.42
9,2,7,3.8,3.4,0.88,Excellent performance and teamwork,0.98,3.8,0.76,0.65,2.97
5,1,0,3.0,3.8,0.96,Excellent performance and teamwork,0.45,3.8,0.4,0.49,2.9
8,7,0,4.6,3.3,0.66,Good but not consistent,0.77,4.0,0.41,0.59,4.02
5,3,2,4.2,4.0,0.92,Outstanding contribution,0.86,3.2,0.77,0.56,3.64
14,3,0,4.5,4.9,0.8,Outstanding contribution,1.0,3.1,0.57,0.59,3.22
8,6,0,3.4,3.0,0.69,Late submission and weak teamwork,0.74,3.6,0.65,0.69,3.47
20,1,7,4.6,3.0,0.67,Good but not consistent,0.99,3.2,0.6,0.75,2.57
10,2,4,2.1,3.0,0.79,Outstanding contribution,0.83,4.1,0.66,0.82,2.54
20,8,10,3.1,3.3,0.98,Excellent performance and teamwork,0.47,3.2,0.56,0.67,3.01
14,4,0,4.9,3.4,0.84,Very committed and reliable,0.9,2.6,0.87,0.98,3.03
7,4,2,4.6,2.6,0.63,Late submission and weak teamwork,0.41,2.8,0.45,0.97,3.17
9,8,0,4.4,4.2,0.69,Excellent performance and teamwork,0.76,3.9,0.69,0.54,4.18
9,3,6,2.4,2.3,0.69,Needs improvement in deadlines,0.97,3.4,0.55,0.45,2.46
12,5,1,3.2,2.5,0.67,Excellent performance and teamwork,0.82,3.6,0.98,0.62,2.82
15,14,1,4.4,3.8,0.89,Good but not consistent,0.95,3.9,0.63,0.63,4.27
8,3,4,4.6,3.6,0.7,Late submission and weak teamwork,0.77,4.6,0.79,0.82,3.47
9,4,0,2.4,2.8,0.6,Excellent performance and teamwork,0.41,4.2,0.5,0.42,2.85
8,3,3,4.0,3.3,0.95,Very committed and reliable,0.46,3.0,0.47,0.89,3.1
19,15,2,3.4,4.7,0.86,Good but not consistent,0.61,3.1,0.4,0.49,3.85
8,8,0,2.5,4.5,0.93,Good but not consistent,0.56,4.1,0.49,0.99,4.19
9,6,2,3.5,4.5,0.91,Very committed and reliable,0.53,2.8,0.36,0.97,3.62
19,2,8,3.3,3.6,0.79,Outstanding contribution,0.82,4.4,0.72,0.55,2.81
10,0,2,4.9,3.9,0.84,Late submission and weak teamwork,0.94,3.3,0.98,0.64,2.84
7,0,3,3.1,4.7,0.81,Outstanding contribution,0.44,4.7,0.34,0.74,2.91
17,13,2,3.3,4.9,0.77,Very committed and reliable,0.4,3.3,0.57,0.75,3.83
7,4,2,2.3,3.1,0.88,Very committed and reliable,0.63,2.6,0.73,0.65,2.9
5,5,0,2.0,4.8,0.8,Good but not consistent,0.99,2.6,0.73,0.42,3.78
8,8,0,4.3,3.5,0.74,Needs improvement in deadlines,0.5,4.7,0.72,0.67,4.37
13,6,5,3.2,2.9,0.96,Late submission and weak teamwork,0.71,3.4,0.47,0.67,3.07
12,8,1,3.7,2.5,0.69,Very committed and reliable,0.57,2.7,0.73,0.91,3.12
20,12,6,4.7,4.7,0.8,Late submission and weak teamwork,0.83,2.7,0.79,0.66,3.72
13,8,4,4.5,2.1,0.85,Very committed and reliable,0.64,3.4,0.72,0.9,3.35
15,1,3,3.3,3.3,0.76,Good but not consistent,0.42,4.3,0.68,0.78,2.66
15,12,1,4.4,2.1,0.7,Needs improvement in deadlines,0.44,4.7,0.35,0.45,3.79
15,4,10,4.0,4.7,0.96,Needs improvement in deadlines,0.43,4.1,0.64,0.81,3.44
11,0,6,4.5,3.5,0.76,Very committed and reliable,0.45,3.1,0.42,0.51,2.6
16,10,3,2.5,2.2,0.92,Outstanding contribution,0.65,3.6,0.61,0.8,3.06
14,3,8,4.9,4.3,0.86,Outstanding contribution,0.95,3.2,0.88,0.72,3.23
5,4,0,3.7,2.5,0.62,Excellent performance and teamwork,0.74,4.7,0.8,0.46,3.69
11,2,7,3.7,4.4,0.83,Good but not consistent,0.4,4.9,0.71,0.6,3.29
13,5,6,5.0,2.2,0.6,Excellent performance and teamwork,0.86,4.0,0.43,0.71,3.12
18,17,1,2.7,4.3,0.69,Outstanding contribution,0.48,4.8,0.73,0.66,4.12
18,4,1,4.9,3.4,0.72,Late submission and weak teamwork,0.78,4.8,0.36,0.77,3.31
19,1,6,4.1,3.6,0.93,Very committed and reliable,0.9,2.5,0.75,0.66,2.58
7,4,3,3.1,3.9,0.88,Late submission and weak teamwork,0.98,2.5,0.86,0.53,3.2
7,4,3,2.7,3.7,0.63,Outstanding contribution,0.54,2.6,0.33,0.45,2.97
9,7,0,3.7,5.0,0.61,Excellent performance and teamwork,0.56,4.2,0.41,0.73,4.05
5,1,1,4.9,4.7,0.81,Good but not consistent,0.68,3.2,0.56,0.65,3.27
6,1,2,4.9,3.2,0.74,Good but not consistent,0.48,3.4,0.76,0.73,2.92
6,0,2,4.9,2.6,0.82,Good but not consistent,0.96,4.2,0.42,0.54,2.75
15,15,0,2.8,2.4,0.73,Late submission and weak teamwork,0.47,2.7,0.61,0.73,3.45
11,8,1,2.3,2.1,0.87,Late submission and weak teamwork,0.88,2.8,0.33,0.71,2.97
7,7,0,3.6,3.8,0.87,Good but not consistent,0.88,4.1,0.62,0.45,4.24
8,3,5,4.6,4.3,1.0,Excellent performance and teamwork,0.49,3.9,0.75,0.55,3.62
19,10,6,4.8,3.7,0.62,Late submission and weak teamwork,0.94,4.4,0.56,0.73,3.68
11,4,1,2.5,4.6,0.88,Late submission and weak teamwork,0.46,2.9,0.72,0.88,2.99
5,3,1,3.5,3.1,0.91,Excellent performance and teamwork,0.49,4.9,0.9,0.91,3.66
11,0,0,4.6,3.8,0.61,Late submission and weak teamwork,0.56,4.4,0.62,0.49,2.87
12,1,6,4.1,2.0,0.69,Good but not consistent,0.46,4.0,0.69,0.98,2.49
15,5,8,2.6,4.4,0.71,Late submission and weak teamwork,0.71,2.7,0.64,0.4,2.79
7,1,3,4.0,3.7,0.61,Very committed and reliable,0.88,3.5,0.35,0.66,2.76
16,8,0,2.8,5.0,0.63,Excellent performance and teamwork,0.46,3.3,0.58,0.51,3.29
10,5,2,3.5,3.9,0.61,Needs improvement in deadlines,0.85,3.4,0.55,0.56,3.22
9,5,2,2.6,3.9,0.9,Outstanding contribution,0.8,4.6,0.95,0.95,3.5
5,2,2,2.2,3.6,0.95,Excellent performance and teamwork,0.85,3.3,0.73,0.5,2.9
13,6,6,4.3,2.1,0.61,Outstanding contribution,0.52,3.1,0.44,0.86,2.9
9,0,9,4.3,4.3,0.79,Late submission and weak teamwork,0.97,3.7,0.76,0.65,2.86
19,18,1,4.6,3.8,0.68,Outstanding contribution,0.46,3.9,0.9,0.91,4.22
16,0,12,4.8,2.0,0.88,Good but not consistent,0.4,2.9,0.82,0.82,2.38
18,9,7,2.9,3.9,0.98,Very committed and reliable,0.72,3.6,0.89,0.85,3.32
15,1,11,3.7,2.2,0.69,Outstanding contribution,0.66,3.0,0.66,0.8,2.23
13,2,8,4.9,4.6,0.95,Late submission and weak teamwork,0.62,3.2,0.41,0.77,3.25
14,12,2,4.6,2.1,0.82,Excellent performance and teamwork,0.48,4.8,0.92,0.86,4.0
8,8,0,3.2,3.0,0.69,Needs improvement in deadlines,0.93,3.6,0.44,0.99,3.81
16,13,3,2.9,5.0,0.86,Late submission and weak teamwork,0.51,3.4,0.4,0.8,3.91
20,10,8,3.2,4.3,0.74,Late submission and weak teamwork,0.65,4.5,0.41,0.91,3.52
17,11,5,3.2,3.9,0.65,Good but not consistent,0.58,2.8,0.92,0.66,3.28
19,4,15,2.2,2.3,0.83,Outstanding contribution,0.57,3.3,0.31,0.7,2.29
14,10,4,2.8,4.8,0.83,Late submission and weak teamwork,0.83,3.2,0.71,0.51,3.65
9,7,0,2.2,3.2,0.78,Needs improvement in deadlines,0.7,3.5,0.71,0.49,3.34
11,11,0,3.3,2.5,0.87,Late submission and weak teamwork,0.47,3.9,0.73,0.61,3.88
14,13,1,2.1,2.1,0.81,Very committed and reliable,0.74,2.7,0.45,0.77,3.18
6,4,2,3.8,2.3,0.96,Very committed and reliable,0.72,4.5,0.57,0.98,3.6
14,3,10,2.6,2.1,0.61,Very committed and reliable,0.48,2.6,0.47,0.45,2.09
8,2,6,4.8,3.8,0.65,Outstanding contribution,0.55,4.3,0.92,0.75,3.28
10,9,0,4.6,2.3,0.71,Very committed and reliable,0.42,3.8,0.56,0.93,3.84
18,6,1,3.2,3.7,0.7,Good but not consistent,0.97,2.9,0.74,0.9,2.81
14,1,13,4.4,4.1,0.62,Very committed and reliable,0.43,4.4,0.5,0.69,3.0
6,6,0,2.5,2.1,0.61,Outstanding contribution,0.66,2.8,0.33,0.76,3.29
20,1,19,4.2,3.0,0.86,Outstanding contribution,0.78,3.1,0.79,0.66,2.57
14,6,2,3.7,4.8,0.63,Excellent performance and teamwork,0.91,4.1,0.69,0.92,3.48
10,3,7,4.0,2.4,0.84,Very committed and reliable,0.78,4.7,0.72,0.45,3.09
14,2,9,3.0,2.1,0.76,Needs improvement in deadlines,0.65,4.9,0.69,0.96,2.59
20,18,1,2.0,3.1,0.71,Needs improvement in deadlines,0.81,3.6,0.6,0.72,3.45
19,3,11,3.8,2.6,0.8,Very committed and reliable,0.73,2.5,0.33,0.62,2.42
18,6,0,4.0,4.7,0.69,Very committed and reliable,0.61,3.3,0.84,0.87,3.25
9,7,0,2.3,2.9,0.75,Outstanding contribution,0.91,2.7,0.79,0.61,3.12
8,0,0,3.0,4.6,0.76,Needs improvement in deadlines,0.93,4.3,0.58,0.99,2.76
17,10,6,3.5,3.6,0.91,Needs improvement in deadlines,0.96,3.6,0.37,0.51,3.48
20,0,10,2.3,3.7,0.78,Excellent performance and teamwork,0.57,2.6,0.71,0.83,2.11
9,3,3,4.6,4.3,0.88,Very committed and reliable,0.55,3.5,0.69,0.61,3.42
14,9,4,4.8,4.6,0.75,Needs improvement in deadlines,0.7,3.9,0.45,0.89,4.0
19,18,0,4.7,3.7,0.83,Good but not consistent,0.98,3.1,0.77,0.94,4.14
19,18,1,2.8,3.4,0.77,Good but not consistent,0.97,3.5,0.56,0.74,3.75
5,3,1,4.7,3.7,0.96,Very committed and reliable,0.97,4.7,0.58,0.45,4.0
15,9,1,2.6,2.2,0.98,Late submission and weak teamwork,0.91,3.8,0.96,0.79,3.11
14,3,1,4.8,2.9,0.93,Late submission and weak teamwork,0.87,3.4,0.83,0.72,3.01
13,11,1,2.6,4.9,0.9,Good but not consistent,0.79,3.0,0.79,0.95,3.82
20,19,0,3.3,2.5,0.7,Late submission and weak teamwork,0.85,2.6,0.78,0.74,3.46
17,1,15,4.6,2.4,0.86,Excellent performance and teamwork,0.68,4.6,0.77,0.82,2.84
8,4,3,2.5,3.4,0.77,Needs improvement in deadlines,0.64,3.2,0.83,0.5,2.96
14,13,0,2.3,2.9,0.82,Outstanding contribution,0.47,4.5,0.51,0.86,3.74
17,1,14,3.6,4.6,0.95,Good but not consistent,0.49,3.9,0.94,0.51,2.98
15,3,0,4.5,4.1,0.76,Needs improvement in deadlines,0.74,4.2,0.97,0.9,3.24
10,3,0,4.0,2.0,0.98,Excellent performance and teamwork,0.55,4.1,0.48,0.67,2.96
20,3,13,2.7,3.9,0.94,Good but not consistent,0.71,3.4,0.3,0.49,2.69
12,8,2,2.6,2.3,0.63,Outstanding contribution,0.93,3.6,0.47,0.92,3.02
7,7,0,4.2,2.5,0.68,Excellent performance and teamwork,0.59,3.9,0.65,0.44,3.96
14,5,0,4.7,4.9,0.86,Very committed and reliable,0.63,3.3,0.46,0.72,3.55
9,6,1,3.4,2.7,0.88,Outstanding contribution,0.76,4.0,0.38,0.92,3.46
11,0,9,2.6,4.9,0.82,Late submission and weak teamwork,0.78,2.7,0.85,0.77,2.45
11,10,1,4.6,4.6,0.9,Good but not consistent,0.57,2.6,0.77,0.92,4.17
12,11,1,3.2,4.1,0.97,Needs improvement in deadlines,0.45,3.8,0.96,0.43,4.08
11,10,0,3.3,3.3,0.8,Very committed and reliable,0.94,3.1,0.37,0.46,3.7
19,7,10,4.6,2.8,0.98,Good but not consistent,0.76,3.0,0.98,0.62,3.12
12,0,7,4.2,4.4,0.82,Very committed and reliable,0.47,2.6,0.55,0.97,2.65
18,16,1,4.6,4.3,0.94,Excellent performance and teamwork,0.58,3.8,0.4,0.65,4.34
11,5,0,2.9,4.1,0.64,Late submission and weak teamwork,0.54,3.0,0.78,0.42,3.0
5,4,0,2.7,2.1,0.74,Needs improvement in deadlines,0.63,3.9,0.57,0.73,3.31
7,5,0,4.3,4.7,0.75,Outstanding contribution,0.7,4.7,0.85,0.63,4.19
9,1,0,3.8,2.2,0.78,Late submission and weak teamwork,0.45,4.8,0.48,0.75,2.72
17,2,2,3.7,2.9,0.79,Good but not consistent,0.84,3.8,0.59,0.46,2.65
6,0,1,2.4,3.5,0.82,Needs improvement in deadlines,0.75,2.5,0.39,0.98,2.09
17,11,6,3.1,2.3,0.93,Needs improvement in deadlines,0.64,2.8,0.84,0.97,3.08
6,3,2,3.0,3.9,0.88,Excellent performance and teamwork,0.77,4.1,0.78,0.86,3.39
8,2,4,4.4,3.2,0.82,Late submission and weak teamwork,0.83,3.6,0.51,0.85,3.03
13,9,4,4.6,2.9,0.88,Good but not consistent,1.0,3.2,0.42,0.6,3.62
19,15,0,3.2,2.5,0.77,Good but not consistent,0.93,3.1,0.44,0.76,3.33
8,6,1,2.9,4.8,0.97,Very committed and reliable,0.71,2.5,0.44,0.48,3.65
12,12,0,2.5,2.9,0.91,Late submission and weak teamwork,0.92,3.4,0.62,0.52,3.72
16,5,5,4.8,3.7,0.98,Good but not consistent,0.59,4.4,0.48,0.55,3.54
13,0,0,2.9,2.2,0.62,Good but not consistent,0.43,2.7,0.84,0.98,1.87
15,14,0,4.9,2.6,0.88,Very committed and reliable,0.82,3.3,0.61,0.46,4.0
11,10,1,3.8,3.2,0.77,Late submission and weak teamwork,0.86,4.3,0.76,0.5,4.01
16,16,0,4.4,2.5,0.84,Needs improvement in deadlines,0.59,2.7,0.52,0.48,3.84
18,13,1,3.3,2.2,0.72,Late submission and weak teamwork,0.67,4.4,0.45,0.88,3.42
13,8,5,4.6,4.9,0.84,Good but not consistent,0.8,2.7,0.88,0.43,3.78
16,4,7,3.1,2.3,0.68,Late submission and weak teamwork,0.5,4.8,0.77,0.91,2.75
6,6,0,5.0,2.1,0.96,Late submission and weak teamwork,0.72,3.5,0.38,0.75,4.1
10,5,2,2.8,3.9,0.61,Outstanding contribution,0.48,3.9,0.34,0.54,3.17
18,4,10,3.6,3.5,0.94,Excellent performance and teamwork,0.75,4.5,0.87,0.91,3.12
13,5,2,3.9,3.0,0.79,Outstanding contribution,0.48,3.3,0.56,0.98,3.01
12,10,0,2.2,4.9,0.96,Very committed and reliable,0.93,3.5,0.53,0.65,3.85
18,17,1,4.7,3.1,0.62,Good but not consistent,0.59,4.7,0.66,0.69,4.23
15,0,4,2.3,3.3,0.6,Needs improvement in deadlines,0.57,2.8,0.4,1.0,1.98
20,14,3,2.6,4.6,0.94,Needs improvement in deadlines,0.59,3.5,0.89,0.48,3.66
17,11,1,2.4,2.5,0.87,Very committed and reliable,0.89,3.9,0.43,0.66,3.17
16,13,3,3.4,2.5,0.96,Good but not consistent,0.78,3.1,0.37,0.95,3.5
15,1,9,5.0,2.7,0.88,Late submission and weak teamwork,0.73,4.4,0.84,0.48,2.96
5,5,0,4.6,2.3,0.84,Outstanding contribution,0.93,4.3,0.32,0.94,4.16
17,10,1,4.1,2.9,0.7,Late submission and weak teamwork,0.61,4.2,0.98,0.88,3.47
15,8,4,2.0,4.9,0.85,Outstanding contribution,0.52,5.0,0.49,0.99,3.61
6,1,5,2.1,2.7,0.69,Outstanding contribution,0.75,3.6,0.95,0.88,2.27
7,3,1,5.0,2.3,0.66,Very committed and reliable,0.84,4.5,0.32,0.91,3.33
14,2,6,3.5,4.3,0.63,Good but not consistent,0.52,4.1,0.42,0.43,2.91
15,8,4,4.1,3.7,0.87,Good but not consistent,1.0,3.4,0.68,0.76,3.48
18,15,1,5.0,3.0,0.61,Outstanding contribution,0.88,4.5,0.34,0.67,4.06
11,2,2,3.0,4.8,0.62,Needs improvement in deadlines,0.54,2.6,0.68,0.97,2.66
16,6,4,2.3,4.5,0.8,Late submission and weak teamwork,0.45,3.7,0.44,0.87,3.06
16,6,1,2.9,3.0,0.98,Late submission and weak teamwork,0.49,3.2,0.76,0.79,2.87
18,12,5,4.2,4.5,0.94,Needs improvement in deadlines,0.61,4.7,0.73,0.58,4.15
16,0,6,4.8,2.4,0.96,Good but not consistent,0.98,3.3,0.63,0.67,2.58
10,5,5,2.8,5.0,0.97,Late submission and weak teamwork,0.85,3.3,0.6,0.68,3.46
9,3,1,4.6,2.5,0.98,Excellent performance and teamwork,0.41,2.7,0.31,0.89,2.95
13,7,5,4.9,2.9,0.9,Outstanding contribution,0.66,3.1,0.82,0.69,3.44
17,16,1,4.5,2.4,0.67,Needs improvement in deadlines,0.73,2.8,0.77,0.9,3.69
11,9,0,2.2,3.1,0.78,Very committed and reliable,0.92,3.1,0.82,0.7,3.3
11,10,1,2.5,2.3,0.67,Outstanding contribution,0.97,4.1,0.98,1.0,3.48
17,16,1,4.6,3.1,0.83,Outstanding contribution,0.47,2.6,0.5,0.97,3.89
16,0,1,4.9,3.8,0.96,Good but not consistent,0.41,3.2,0.38,0.65,2.86
15,6,7,2.1,5.0,0.66,Very committed and reliable,0.92,4.7,0.42,0.48,3.29
16,13,0,2.1,3.1,0.75,Needs improvement in deadlines,0.75,4.7,0.32,0.8,3.57
12,10,0,4.1,3.6,0.87,Good but not consistent,0.49,4.7,0.37,0.79,4.17
9,6,1,3.4,2.3,0.63,Very committed and reliable,0.64,3.3,0.76,0.65,3.11
7,1,3,3.4,3.4,0.73,Very committed and reliable,0.62,4.6,0.94,0.92,2.86
7,4,2,3.8,2.3,1.0,Needs improvement in deadlines,0.63,4.9,0.51,0.52,3.56
10,8,0,4.9,4.0,0.86,Outstanding contribution,0.86,3.0,0.85,1.0,4.01
10,4,3,3.3,2.6,0.99,Late submission and weak teamwork,0.77,3.2,0.42,0.62,2.92
10,6,4,3.7,4.6,0.7,Very committed and reliable,0.91,3.1,0.55,0.45,3.53
6,5,0,2.1,2.6,0.66,Late submission and weak teamwork,0.46,4.0,0.43,0.78,3.32
16,9,0,4.1,4.5,0.91,Excellent performance and teamwork,0.45,2.7,0.7,0.5,3.56
14,9,2,3.0,4.4,0.78,Late submission and weak teamwork,0.55,3.5,0.44,0.72,3.53
20,3,6,3.8,3.1,0.95,Outstanding contribution,1.0,3.7,0.76,0.72,2.82
18,2,12,2.1,2.9,0.85,Excellent performance and teamwork,0.86,4.3,0.78,0.97,2.45
10,9,1,2.5,4.5,0.6,Late submission and weak teamwork,0.59,3.5,0.83,0.61,3.75
20,9,5,3.0,4.9,0.73,Excellent performance and teamwork,0.89,3.7,0.94,0.66,3.36
11,9,0,2.2,2.1,0.93,Outstanding contribution,0.62,5.0,0.35,0.5,3.55
13,1,2,3.1,4.6,0.65,Late submission and weak teamwork,0.87,4.8,0.38,0.78,2.94
20,14,6,2.5,3.0,1.0,Very committed and reliable,0.68,2.9,0.65,0.87,3.23
10,4,2,3.0,2.9,0.91,Needs improvement in deadlines,0.54,4.1,0.84,0.81,3.06
9,3,1,4.6,4.6,0.79,Good but not consistent,0.7,3.4,0.81,0.9,3.42
12,9,1,3.7,4.9,0.81,Excellent performance and teamwork,0.73,4.9,0.62,0.53,4.23
12,11,1,2.0,3.7,0.7,Good but not consistent,0.49,2.8,0.49,0.65,3.43
6,4,2,3.8,2.2,0.62,Needs improvement in deadlines,0.56,4.3,0.4,0.87,3.37
20,17,1,3.5,3.0,0.62,Excellent performance and teamwork,0.48,3.2,0.32,0.85,3.53
19,9,0,3.1,2.0,0.66,Good but not consistent,0.85,3.0,0.55,0.79,2.66
8,2,3,3.3,2.0,0.92,Outstanding contribution,0.66,3.9,0.82,0.5,2.67
18,0,6,3.8,3.2,0.76,Needs improvement in deadlines,0.61,3.5,0.52,0.47,2.48
17,5,4,2.2,2.0,0.7,Very committed and reliable,0.9,2.7,0.44,0.86,2.17
18,14,0,2.3,3.2,0.97,Outstanding contribution,0.55,3.9,0.36,0.47,3.53
12,0,11,2.4,3.5,0.61,Late submission and weak teamwork,0.99,4.9,0.98,0.5,2.47
5,5,0,4.6,2.6,0.96,Good but not consistent,0.85,3.8,0.6,0.61,4.18
15,7,7,4.7,2.2,0.68,Very committed and reliable,0.51,4.3,0.69,0.59,3.28
10,0,0,2.5,4.9,0.97,Good but not consistent,0.88,3.1,0.61,0.77,2.58
14,12,1,3.7,4.7,0.79,Very committed and reliable,0.67,3.2,0.61,0.88,4.0
14,10,4,4.7,4.7,0.66,Outstanding contribution,1.0,3.6,0.9,0.75,4.0
10,7,3,3.8,3.3,0.9,Very committed and reliable,0.79,2.8,0.78,0.72,3.48
6,3,1,2.3,4.8,0.68,Good but not consistent,1.0,3.7,0.47,1.0,3.25
20,0,1,4.2,2.1,0.78,Excellent performance and teamwork,0.77,3.2,0.99,0.55,2.29
15,9,2,3.8,2.7,0.76,Good but not consistent,0.69,4.4,0.48,0.54,3.46
8,0,2,2.0,2.7,0.84,Needs improvement in deadlines,0.7,3.1,0.32,0.83,1.98
17,0,17,4.2,3.5,0.76,Excellent performance and teamwork,0.62,2.8,0.76,0.77,2.48
6,4,2,2.0,3.7,0.97,Good but not consistent,0.79,3.2,0.45,0.62,3.27
8,3,3,2.8,2.5,0.65,Late submission and weak teamwork,0.95,3.5,0.86,0.45,2.65
16,4,4,4.6,4.5,0.76,Very committed and reliable,0.95,2.8,0.98,0.52,3.13
7,2,3,4.6,2.9,0.7,Outstanding contribution,0.79,4.3,0.86,0.51,3.14
14,13,1,3.4,2.4,0.76,Needs improvement in deadlines,0.97,3.2,0.45,0.95,3.57
7,3,4,2.7,2.8,0.94,Outstanding contribution,0.47,3.3,0.89,0.49,2.87
5,2,2,2.8,2.6,0.87,Late submission and weak teamwork,0.74,2.7,0.43,0.7,2.66
7,5,0,4.3,4.5,0.76,Excellent performance and teamwork,0.63,3.7,0.64,0.4,3.95
12,7,3,4.4,4.6,0.96,Outstanding contribution,0.93,4.6,0.84,0.43,4.08
8,2,0,4.1,4.2,0.65,Outstanding contribution,0.95,4.4,0.56,0.93,3.24
9,9,0,2.0,3.1,0.69,Very committed and reliable,0.48,3.4,0.73,0.79,3.55
9,4,2,4.2,4.9,0.81,Excellent performance and teamwork,0.76,2.7,0.42,0.67,3.43
20,10,4,4.3,3.9,0.94,Outstanding contribution,0.64,2.7,0.75,0.89,3.4
14,9,1,3.3,2.6,0.95,Late submission and weak teamwork,0.86,3.0,0.84,0.68,3.22
11,8,0,3.4,2.1,0.64,Good but not consistent,0.7,5.0,0.58,0.88,3.51
17,0,14,3.0,4.6,0.71,Needs improvement in deadlines,0.41,3.0,0.54,0.7,2.48
8,4,2,2.6,4.5,0.82,Late submission and weak teamwork,0.49,3.6,0.88,0.47,3.3
14,11,2,3.9,2.7,1.0,Late submission and weak teamwork,0.72,3.9,0.59,0.95,3.78
6,1,2,3.8,2.0,0.77,Needs improvement in deadlines,0.55,4.8,0.69,0.93,2.75
13,7,1,4.2,2.2,0.7,Late submission and weak teamwork,0.91,3.2,0.41,0.88,3.08
8,1,1,3.1,4.0,0.87,Needs improvement in deadlines,0.69,4.5,0.35,0.46,2.94
20,5,8,3.1,2.2,0.72,Outstanding contribution,0.58,2.9,0.85,0.84,2.38
6,3,1,2.7,3.1,0.88,Late submission and weak teamwork,0.86,2.9,0.55,0.87,2.93
18,11,0,5.0,3.6,0.64,Needs improvement in deadlines,0.48,4.9,0.89,0.74,3.94
11,0,2,4.7,4.7,0.98,Excellent performance and teamwork,0.62,3.5,0.73,0.96,3.07
8,0,4,2.6,3.0,0.78,Good but not consistent,0.85,3.7,0.54,0.41,2.25
18,15,0,2.5,3.0,0.86,Excellent performance and teamwork,0.7,4.0,0.98,0.58,3.58
6,2,3,4.8,2.3,0.66,Needs improvement in deadlines,0.89,3.7,0.5,0.68,2.99
9,3,4,3.2,4.4,0.7,Very committed and reliable,0.52,4.7,0.59,0.56,3.31
19,12,1,4.2,4.1,0.82,Good but not consistent,0.45,3.9,0.66,0.41,3.8
12,10,2,4.0,3.9,0.63,Excellent performance and teamwork,0.71,2.9,0.42,0.58,3.73
13,4,2,2.7,2.6,0.99,Outstanding contribution,0.88,4.2,0.34,0.87,2.86
10,3,3,4.2,4.0,0.89,Late submission and weak teamwork,0.88,3.5,0.59,0.62,3.24
19,1,6,2.2,2.0,0.67,Good but not consistent,0.67,3.2,1.0,0.55,1.89
8,2,3,4.1,2.4,0.83,Late submission and weak teamwork,0.88,4.1,0.8,0.83,2.91
19,14,3,2.2,2.2,0.94,Late submission and weak teamwork,0.71,3.5,0.41,0.69,3.16
9,8,0,2.8,3.3,0.77,Excellent performance and teamwork,0.78,4.2,0.89,0.94,3.78
10,3,7,3.3,3.1,0.86,Needs improvement in deadlines,0.73,3.0,0.62,0.91,2.76
14,2,0,3.0,4.9,0.88,Late submission and weak teamwork,0.74,3.2,0.51,0.43,2.87
15,5,10,4.1,3.0,0.92,Excellent performance and teamwork,0.93,3.0,0.4,0.53,2.98
8,8,0,2.6,3.0,0.79,Outstanding contribution,0.52,2.7,0.5,0.48,3.56
17,6,0,2.4,3.4,0.77,Good but not consistent,0.93,3.8,0.84,0.54,2.83
12,4,6,3.0,2.4,0.68,Outstanding contribution,0.74,3.2,0.8,0.74,2.56
8,5,0,2.4,4.3,0.81,Very committed and reliable,0.81,4.2,0.93,0.74,3.52
14,7,1,2.2,2.4,0.79,Late submission and weak teamwork,0.59,3.5,0.89,0.8,2.77
17,14,3,4.6,4.6,0.97,Needs improvement in deadlines,0.79,4.9,0.92,0.68,4.54
12,7,3,3.3,4.4,0.74,Very committed and reliable,0.98,3.5,0.8,0.57,3.49
5,3,1,4.2,4.3,0.98,Excellent performance and teamwork,0.92,5.0,0.42,0.59,4.09
11,1,7,2.1,2.7,0.64,Outstanding contribution,0.9,3.0,0.7,0.69,2.02
17,14,2,4.7,4.2,0.66,Very committed and reliable,0.87,4.0,0.57,0.58,4.15
8,4,3,2.8,2.3,0.93,Needs improvement in deadlines,0.56,3.7,0.93,0.8,2.98
6,6,0,3.7,2.1,0.75,Late submission and weak teamwork,0.65,3.7,0.4,0.96,3.78
9,6,0,4.0,4.1,1.0,Outstanding contribution,0.51,2.7,0.42,0.69,3.66
7,3,0,2.3,4.4,0.87,Good but not consistent,0.48,3.8,0.58,0.65,3.18
15,0,1,4.2,3.3,0.97,Late submission and weak teamwork,0.69,4.5,0.83,0.64,2.88
6,1,1,2.8,2.9,0.71,Outstanding contribution,0.47,5.0,0.43,0.68,2.75
13,7,5,5.0,3.2,0.74,Excellent performance and teamwork,0.95,4.6,0.51,0.73,3.74
10,7,2,2.3,3.9,0.94,Outstanding contribution,0.78,4.2,0.39,0.6,3.6
19,18,0,2.2,4.6,0.76,Very committed and reliable,0.9,3.0,0.45,0.99,3.76
19,12,5,2.6,2.2,0.87,Very committed and reliable,0.72,4.6,0.64,0.89,3.26
14,5,3,2.9,2.6,0.9,Good but not consistent,0.48,3.8,0.39,0.82,2.85
6,4,0,3.9,4.4,0.74,Late submission and weak teamwork,0.79,3.6,0.62,0.78,3.75
17,10,0,3.7,2.9,0.92,Late submission and weak teamwork,0.49,2.7,0.7,0.88,3.2
18,14,0,2.6,2.7,0.83,Very committed and reliable,0.66,4.9,0.62,0.87,3.62
16,3,4,2.1,2.2,0.8,Good but not consistent,0.62,3.3,0.48,0.98,2.2
20,15,4,4.3,2.9,0.85,Outstanding contribution,0.56,4.1,0.58,0.77,3.81
9,6,3,2.3,4.3,0.63,Good but not consistent,0.86,2.7,0.32,0.51,3.17
14,9,0,2.4,3.1,0.65,Outstanding contribution,0.89,3.4,0.39,0.53,3.07
7,6,0,4.3,4.7,0.79,Excellent performance and teamwork,0.53,2.7,0.7,0.86,4.02
14,8,5,3.1,4.6,0.79,Late submission and weak teamwork,0.71,3.5,0.46,0.8,3.49
17,8,6,3.7,4.0,0.7,Very committed and reliable,0.81,4.3,0.59,0.42,3.46
6,2,4,4.6,4.7,0.79,Needs improvement in deadlines,0.99,2.8,0.33,0.85,3.31
20,3,15,2.3,4.8,0.92,Good but not consistent,0.89,4.1,0.57,0.51,2.92
11,5,1,3.3,4.4,0.66,Outstanding contribution,0.57,5.0,0.56,0.41,3.55
10,4,6,2.9,2.8,0.86,Needs improvement in deadlines,0.85,4.2,0.44,0.52,3.01
13,11,1,3.7,2.1,0.8,Needs improvement in deadlines,0.43,3.6,0.54,0.7,3.55
7,7,0,3.0,2.7,0.85,Late submission and weak teamwork,0.47,4.3,0.91,0.75,3.93
18,3,15,2.6,3.5,0.93,Needs improvement in deadlines,0.74,4.8,0.41,0.66,2.9
11,6,5,3.5,2.9,0.72,Outstanding contribution,0.67,3.4,0.43,0.41,3.14
15,7,1,3.1,2.4,0.94,Excellent performance and teamwork,0.48,5.0,0.43,0.94,3.27
6,0,5,4.7,2.6,0.89,Late submission and weak teamwork,0.67,4.0,0.87,0.67,2.71
10,2,6,3.9,4.5,0.96,Needs improvement in deadlines,0.89,4.7,0.58,0.93,3.4
8,6,0,4.4,4.6,0.79,Needs improvement in deadlines,0.79,3.6,0.81,0.44,4.04
10,5,4,3.8,4.8,0.81,Excellent performance and teamwork,0.77,3.2,0.7,0.41,3.52
18,17,1,4.5,4.5,0.8,Outstanding contribution,0.98,4.9,0.37,0.99,4.6
16,13,3,3.2,4.1,0.9,Very committed and reliable,0.99,4.9,0.32,0.65,4.11
13,7,3,4.3,3.7,0.83,Good but not consistent,0.6,3.9,0.47,1.0,3.6
10,8,2,2.1,3.8,0.66,Late submission and weak teamwork,0.46,4.0,0.5,0.5,3.51
19,12,3,2.5,2.1,0.73,Good but not consistent,0.83,3.5,0.7,0.55,2.93
20,18,1,3.5,4.9,0.79,Late submission and weak teamwork,0.56,4.9,0.37,0.56,4.41
20,20,0,2.3,4.6,0.68,Outstanding contribution,0.75,3.1,0.4,0.49,3.84
8,5,3,2.8,4.8,0.8,Excellent performance and teamwork,0.84,3.2,0.68,0.73,3.5
17,13,1,3.7,3.4,0.96,Excellent performance and teamwork,0.73,2.6,0.63,0.84,3.57
8,0,1,2.3,3.2,0.95,Very committed and reliable,0.91,4.3,0.55,0.9,2.44
11,11,0,3.1,4.4,0.63,Excellent performance and teamwork,0.54,4.7,0.75,0.43,4.25
14,0,0,2.2,4.9,0.76,Good but not consistent,0.48,3.6,0.73,0.99,2.52
12,2,7,2.4,3.3,0.67,Good but not consistent,0.71,4.0,0.82,0.44,2.53
11,3,5,2.6,3.6,0.64,Excellent performance and teamwork,0.42,4.2,0.31,0.89,2.81
17,6,0,4.3,4.3,0.83,Very committed and reliable,0.89,4.9,0.55,0.83,3.64
16,12,0,2.1,3.1,0.73,Needs improvement in deadlines,0.61,3.8,0.34,0.65,3.29
13,0,12,2.7,2.6,0.87,Good but not consistent,0.73,2.6,0.85,0.74,2.02
13,7,6,4.9,2.5,0.85,Excellent performance and teamwork,0.47,2.7,0.66,0.78,3.25
12,0,0,3.7,4.2,0.82,Good but not consistent,0.92,4.6,0.73,0.71,2.91
15,4,8,5.0,3.4,0.9,Late submission and weak teamwork,0.82,3.7,0.53,0.47,3.27
7,5,1,2.3,3.0,0.98,Late submission and weak teamwork,0.55,3.9,0.54,0.68,3.4
19,15,2,3.6,4.2,0.62,Excellent performance and teamwork,0.96,4.4,0.44,0.91,3.93
10,6,2,4.0,4.5,0.96,Outstanding contribution,0.41,3.6,0.76,0.94,3.8
5,2,1,2.7,2.7,0.86,Excellent performance and teamwork,0.61,4.1,0.77,0.86,2.93
10,10,0,3.4,4.2,0.76,Very committed and reliable,0.82,4.2,0.51,0.66,4.24
9,0,0,4.6,4.9,0.61,Excellent performance and teamwork,0.42,2.6,0.51,0.82,2.73
13,12,1,2.5,2.8,0.99,Late submission and weak teamwork,0.87,3.3,0.81,0.9,3.6
14,7,3,4.4,3.7,0.7,Outstanding contribution,0.54,2.8,0.47,0.92,3.28
16,15,0,4.8,2.0,0.95,Excellent performance and teamwork,0.77,4.8,0.34,0.89,4.2
6,2,2,2.6,4.1,0.91,Outstanding contribution,0.89,4.2,0.34,0.95,3.13
10,2,4,3.9,3.1,0.88,Needs improvement in deadlines,0.54,3.8,0.82,0.79,2.9
12,12,0,3.1,2.8,0.88,Outstanding contribution,0.56,4.1,0.87,0.53,3.94
12,9,1,4.9,2.9,0.68,Needs improvement in deadlines,0.87,4.3,0.66,0.45,3.88
19,4,9,4.2,2.2,0.63,Late submission and weak teamwork,0.88,3.7,0.9,0.63,2.65
6,5,1,3.2,4.2,0.62,Good but not consistent,0.91,4.7,0.33,0.46,3.98
5,5,0,4.8,4.3,0.95,Late submission and weak teamwork,0.86,3.4,0.56,0.63,4.47
13,4,5,3.4,2.9,0.96,Outstanding contribution,0.84,4.3,0.79,0.59,3.06
7,4,2,2.2,2.9,0.71,Excellent performance and teamwork,0.51,4.4,0.3,0.41,3.11
5,1,2,4.5,3.0,0.88,Good but not consistent,0.87,2.7,0.9,0.75,2.78
15,6,0,2.2,2.8,0.86,Outstanding contribution,0.86,3.9,0.34,0.83,2.81
6,0,4,4.7,3.2,0.96,Good but not consistent,0.87,3.6,0.8,0.92,2.78
8,2,2,4.8,2.1,0.71,Outstanding contribution,0.96,3.4,0.32,0.68,2.79
19,9,7,2.8,4.5,0.62,Outstanding contribution,0.4,3.0,0.83,0.65,3.08
11,6,0,4.1,4.9,0.91,Needs improvement in deadlines,0.8,4.9,0.35,0.74,4.05
7,0,0,4.5,4.1,0.74,Late submission and weak teamwork,0.62,2.6,0.95,0.4,2.61
16,4,3,3.5,3.3,0.74,Late submission and weak teamwork,0.58,4.6,0.78,0.59,3.03
20,6,0,2.2,4.6,0.85,Needs improvement in deadlines,0.45,4.5,0.77,0.69,3.14
6,4,1,2.9,4.4,0.85,Very committed and reliable,0.66,4.3,0.53,0.64,3.74
19,0,17,3.2,3.4,0.99,Very committed and reliable,0.46,4.7,0.37,0.67,2.76
8,0,1,3.1,4.3,0.9,Late submission and weak teamwork,0.75,3.7,0.32,0.92,2.67
14,7,5,2.2,3.8,0.75,Outstanding contribution,0.6,4.5,0.49,0.98,3.23
10,10,0,3.4,4.6,0.67,Outstanding contribution,0.56,4.4,0.32,0.93,4.32
8,2,1,2.4,3.0,0.97,Late submission and weak teamwork,0.82,2.6,0.58,0.46,2.46
7,4,3,4.9,2.4,0.72,Needs improvement in deadlines,0.61,4.3,0.89,0.56,3.54
7,7,0,2.5,3.7,0.73,Excellent performance and teamwork,0.54,4.2,0.31,0.6,3.95
11,7,1,2.6,4.1,0.71,Needs improvement in deadlines,0.76,3.6,0.97,0.73,3.37
11,0,8,2.5,2.4,0.89,Outstanding contribution,0.82,4.0,0.86,0.47,2.23
8,8,0,3.5,3.9,0.89,Late submission and weak teamwork,0.54,3.8,0.59,0.66,4.19
8,3,1,4.5,4.8,0.7,Late submission and weak teamwork,0.55,3.4,0.68,0.76,3.45
12,0,9,3.5,2.3,0.91,Good but not consistent,0.49,3.2,0.88,0.41,2.26
7,7,0,3.2,4.7,0.77,Needs improvement in deadlines,0.64,3.1,0.39,0.96,4.09
19,8,2,3.8,4.3,0.78,Needs improvement in deadlines,0.48,4.8,0.99,0.66,3.6
8,7,1,4.5,4.5,0.8,Excellent performance and teamwork,0.89,4.1,0.42,0.6,4.33
15,12,0,2.1,2.7,0.79,Good but not consistent,0.65,3.7,0.47,0.93,3.3
11,7,2,3.6,3.3,0.75,Good but not consistent,0.46,4.3,0.4,0.65,3.57
11,0,11,4.5,3.6,0.68,Excellent performance and teamwork,0.9,3.8,0.88,0.41,2.72
9,0,8,3.0,2.5,0.89,Outstanding contribution,0.99,4.4,0.49,0.92,2.43
8,3,0,3.0,4.6,0.94,Very committed and reliable,0.75,3.7,0.35,0.86,3.29
20,10,10,2.5,3.7,0.88,Late submission and weak teamwork,0.54,3.9,0.58,0.65,3.21
17,12,4,4.8,2.2,0.68,Needs improvement in deadlines,0.92,4.9,0.43,0.45,3.78
7,4,1,4.1,3.7,0.78,Late submission and weak teamwork,0.71,3.2,0.83,0.59,3.45
10,10,0,3.4,4.3,0.72,Late submission and weak teamwork,0.91,4.3,0.55,0.47,4.26
12,8,1,2.3,3.1,0.97,Outstanding contribution,0.56,4.2,0.33,0.53,3.41
11,9,1,2.0,4.8,0.74,Outstanding contribution,0.81,2.7,0.8,0.42,3.5
14,5,4,5.0,3.2,0.83,Very committed and reliable,0.58,4.7,0.65,0.69,3.53
5,2,1,2.3,3.5,0.76,Very committed and reliable,0.41,2.8,0.99,0.42,2.7
9,5,4,2.6,4.4,0.78,Outstanding contribution,0.64,3.2,0.76,0.85,3.26
10,4,0,4.4,4.8,0.98,Very committed and reliable,0.95,3.4,0.78,0.59,3.61
8,1,0,4.5,4.8,0.66,Outstanding contribution,0.59,4.0,0.92,0.56,3.18
14,1,4,4.0,3.1,0.81,Good but not consistent,0.77,4.6,0.41,0.59,2.85
15,4,1,4.0,4.1,0.98,Late submission and weak teamwork,0.58,4.1,0.92,0.75,3.33
15,12,0,3.1,3.0,0.87,Excellent performance and teamwork,0.6,3.3,0.47,0.47,3.52
9,0,7,4.3,4.2,0.86,Good but not consistent,0.7,4.9,0.61,0.5,3.11
16,9,5,4.5,3.3,0.88,Excellent performance and teamwork,0.8,4.7,0.93,0.91,3.78
17,0,7,4.9,4.3,0.74,Needs improvement in deadlines,0.59,2.8,0.76,0.48,2.77
20,11,5,2.6,2.0,0.84,Outstanding contribution,0.69,4.4,0.46,0.99,3.04
11,11,0,5.0,2.8,0.85,Outstanding contribution,0.43,3.9,0.33,0.98,4.27
11,2,5,4.2,4.6,0.7,Late submission and weak teamwork,0.96,3.4,0.63,0.8,3.06
16,11,3,3.0,2.6,0.67,Good but not consistent,0.74,3.8,0.58,0.75,3.25
17,17,0,2.1,4.6,0.86,Very committed and reliable,0.67,4.6,0.67,0.6,4.19
10,1,6,2.1,2.1,0.94,Very committed and reliable,0.68,2.7,0.8,0.63,2.0
15,14,0,3.2,2.9,0.88,Outstanding contribution,0.87,4.7,0.76,0.82,4.0
16,16,0,3.6,3.6,0.82,Excellent performance and teamwork,0.75,4.5,0.36,0.43,4.25
15,2,2,4.4,3.8,0.89,Good but not consistent,0.84,3.6,0.56,0.57,3.01
14,2,8,2.7,2.2,0.87,Very committed and reliable,0.48,3.6,0.73,0.68,2.35
15,6,4,4.7,3.6,0.93,Needs improvement in deadlines,0.55,2.7,0.79,0.53,3.27
12,6,3,4.7,2.4,0.97,Very committed and reliable,0.51,4.8,0.84,0.64,3.61
19,3,0,4.0,3.2,0.82,Outstanding contribution,0.74,4.2,0.84,0.85,2.93
14,11,1,2.5,3.6,0.9,Needs improvement in deadlines,0.82,3.8,0.98,0.96,3.61
9,2,2,2.4,4.8,0.78,Good but not consistent,0.88,4.0,0.78,0.76,2.96
7,1,4,3.2,3.4,0.63,Good but not consistent,0.64,3.5,0.71,0.49,2.55
10,9,1,2.9,4.0,0.69,Needs improvement in deadlines,0.74,4.9,0.87,0.59,4.06
18,0,9,3.1,4.1,0.9,Very committed and reliable,0.99,3.0,0.57,0.9,2.49
18,6,0,3.3,2.0,0.68,Excellent performance and teamwork,0.98,4.0,0.57,0.94,2.7
11,2,4,2.4,4.4,0.84,Needs improvement in deadlines,0.54,3.1,0.35,0.95,2.67
20,7,3,3.4,4.0,0.78,Outstanding contribution,0.73,2.8,0.71,0.6,2.96
13,6,6,4.1,5.0,0.66,Very committed and reliable,0.41,2.5,0.69,0.48,3.34
6,5,0,3.3,2.7,0.9,Needs improvement in deadlines,0.47,3.7,0.89,0.63,3.64
5,4,1,3.6,4.1,0.8,Late submission and weak teamwork,0.41,3.9,0.37,0.44,3.92
9,4,2,4.2,2.6,0.77,Good but not consistent,0.69,2.7,0.37,0.81,2.95
17,12,5,4.9,4.6,0.87,Good but not consistent,0.95,3.5,0.98,0.52,4.09
16,10,6,2.3,4.3,0.93,Good but not consistent,0.57,2.8,0.94,0.63,3.28
18,4,10,3.2,3.8,0.9,Needs improvement in deadlines,0.73,2.7,0.79,0.88,2.72
11,3,6,2.6,2.4,0.92,Good but not consistent,0.64,4.6,0.31,0.5,2.79
14,11,2,4.4,4.7,0.89,Very committed and reliable,0.75,4.3,0.35,0.87,4.3
9,7,2,4.7,2.4,0.89,Very committed and reliable,0.54,4.8,0.96,0.83,3.99
5,1,2,3.0,4.7,0.62,Very committed and reliable,0.99,3.3,0.69,0.44,2.81
13,6,3,2.7,3.9,0.98,Outstanding contribution,0.57,4.1,0.31,0.81,3.32
8,5,1,3.8,2.8,0.82,Excellent performance and teamwork,0.48,2.9,0.67,0.56,3.25
12,11,1,2.0,4.6,0.7,Outstanding contribution,0.58,2.8,0.4,0.81,3.6
13,13,0,3.3,2.4,0.8,Late submission and weak teamwork,0.71,3.5,0.58,0.73,3.74
20,9,1,2.4,3.5,0.64,Outstanding contribution,0.44,3.6,0.54,0.71,2.9
18,14,2,3.3,4.2,0.82,Excellent performance and teamwork,0.59,4.1,0.49,0.42,3.9
18,10,6,4.2,4.2,0.66,Very committed and reliable,0.64,4.9,0.43,0.84,3.82
9,2,6,3.2,4.0,0.75,Very committed and reliable,0.69,3.9,0.32,0.55,2.93
17,11,4,2.1,3.5,0.67,Needs improvement in deadlines,0.72,2.7,0.71,0.84,2.97
13,10,1,4.0,2.7,0.81,Needs improvement in deadlines,0.91,2.9,0.44,0.45,3.48
19,1,1,4.5,5.0,0.72,Needs improvement in deadlines,0.88,3.4,0.88,0.97,3.02
12,0,4,4.8,3.2,0.78,Outstanding contribution,0.67,2.8,0.78,0.95,2.55
19,4,2,2.1,2.8,0.79,Outstanding contribution,1.0,4.4,0.78,0.4,2.57
11,0,0,2.9,2.8,0.77,Good but not consistent,0.43,5.0,0.96,0.47,2.52
20,9,2,4.8,4.9,0.9,Very committed and reliable,0.89,4.1,0.52,0.61,3.89
19,3,0,2.1,4.7,0.9,Needs improvement in deadlines,0.5,3.0,0.51,0.81,2.65
18,3,3,4.3,4.8,0.77,Very committed and reliable,0.59,3.8,0.94,0.52,3.21
16,12,2,2.6,2.7,0.92,Late submission and weak teamwork,0.56,5.0,0.54,0.66,3.65
8,0,4,3.1,3.1,0.67,Needs improvement in deadlines,0.51,3.0,0.46,0.45,2.18
19,13,2,2.6,4.2,0.98,Late submission and weak teamwork,0.86,3.6,0.33,0.63,3.6
16,16,0,2.2,3.4,0.81,Outstanding contribution,0.84,2.6,0.36,0.88,3.55
18,11,0,3.6,3.5,0.93,Very committed and reliable,0.87,3.3,0.99,0.91,3.46
5,5,0,2.5,4.9,0.87,Late submission and weak teamwork,0.86,4.0,0.32,0.41,4.21
12,2,5,3.3,3.7,0.76,Excellent performance and teamwork,0.79,4.1,0.38,0.51,2.85
11,4,2,3.9,4.1,0.81,Good but not consistent,0.82,2.7,0.91,0.63,3.09
12,0,5,2.4,2.9,0.63,Very committed and reliable,0.86,3.2,0.34,0.49,2.02
9,7,1,3.5,4.2,0.67,Very committed and reliable,0.51,3.3,0.3,0.5,3.7
10,2,3,4.3,3.1,0.92,Outstanding contribution,0.59,4.7,0.8,0.61,3.18
10,4,1,4.7,4.2,0.77,Excellent performance and teamwork,0.92,4.8,0.42,0.67,3.73
17,7,8,2.2,2.8,0.93,Outstanding contribution,0.55,3.5,0.43,0.69,2.78
19,19,0,2.2,4.5,0.75,Needs improvement in deadlines,0.74,2.6,0.59,0.4,3.73
13,11,0,3.4,2.4,0.7,Good but not consistent,0.7,3.1,0.86,0.95,3.4
14,14,0,4.8,4.7,0.85,Outstanding contribution,0.75,3.9,0.77,0.86,4.61
14,7,0,3.7,2.0,0.67,Outstanding contribution,0.51,3.4,0.92,0.9,2.91
16,0,15,3.3,5.0,0.97,Outstanding contribution,0.43,4.6,0.67,0.87,3.06
5,2,0,3.7,3.6,0.83,Late submission and weak teamwork,0.8,2.6,0.9,0.76,3.0
5,1,1,3.9,2.1,0.69,Good but not consistent,0.5,3.9,0.94,0.69,2.62
10,10,0,2.8,2.2,0.86,Needs improvement in deadlines,0.54,3.0,0.65,0.96,3.53
19,18,0,2.5,3.2,0.83,Excellent performance and teamwork,0.93,4.1,0.95,0.9,3.8
8,2,5,2.8,4.3,0.68,Needs improvement in deadlines,0.66,3.4,0.59,0.44,2.81
11,2,3,3.7,2.4,0.76,Very committed and reliable,0.64,4.5,0.97,0.82,2.77
14,6,0,2.8,4.6,0.8,Needs improvement in deadlines,0.66,3.9,0.94,0.69,3.3
17,2,1,2.1,3.8,1.0,Outstanding contribution,0.83,3.7,0.6,0.66,2.6
12,8,4,4.3,2.7,0.77,Late submission and weak teamwork,0.96,2.7,0.7,0.98,3.33
13,5,3,4.7,3.5,0.81,Very committed and reliable,0.57,4.4,0.36,0.99,3.5
8,2,5,4.4,2.5,0.71,Outstanding contribution,0.88,3.5,0.87,0.5,2.81
17,1,4,4.0,2.5,0.89,Excellent performance and teamwork,0.46,3.1,0.97,0.57,2.45
16,15,0,3.8,2.3,0.69,Very committed and reliable,0.61,3.9,0.75,0.67,3.75
6,1,2,4.8,4.0,0.8,Needs improvement in deadlines,0.97,4.7,0.9,0.76,3.35
6,4,0,3.8,2.3,0.7,Late submission and weak teamwork,0.65,3.3,0.39,0.74,3.23
20,0,11,4.7,2.8,0.98,Late submission and weak teamwork,0.48,2.9,0.65,0.64,2.57
7,6,1,2.2,3.3,0.89,Excellent performance and teamwork,0.73,3.7,0.79,0.54,3.57
14,10,1,3.0,3.8,0.6,Good but not consistent,0.99,4.7,0.33,0.75,3.67
18,16,2,4.2,3.1,0.68,Good but not consistent,0.78,2.7,0.53,0.42,3.67
20,2,8,3.9,2.0,0.97,Needs improvement in deadlines,0.43,2.8,0.75,0.43,2.38
15,14,0,2.8,2.4,0.68,Excellent performance and teamwork,0.56,3.6,0.77,0.99,3.5
7,3,2,4.9,2.5,0.93,Excellent performance and teamwork,0.94,2.8,0.9,0.65,3.15
11,6,4,2.9,2.7,0.83,Needs improvement in deadlines,0.49,3.3,0.31,0.55,3.01
17,4,12,3.9,4.6,0.62,Late submission and weak teamwork,0.68,3.3,0.39,0.55,3.02
14,1,5,2.3,2.9,0.84,Late submission and weak teamwork,0.98,4.7,0.75,0.58,2.51
20,17,3,4.9,4.4,0.86,Needs improvement in deadlines,0.91,3.7,0.53,0.74,4.3
12,11,1,4.0,2.5,0.9,Good but not consistent,0.79,4.9,0.99,0.91,4.11
8,2,5,2.0,4.1,0.96,Late submission and weak teamwork,0.74,3.7,0.66,0.68,2.82
18,17,1,4.8,2.2,0.95,Good but not consistent,0.82,3.1,0.84,0.47,3.91
7,0,0,3.3,4.9,0.97,Good but not consistent,0.68,3.1,0.34,0.42,2.75
14,0,0,2.0,3.2,0.61,Good but not consistent,0.78,4.6,0.49,0.58,2.26
8,8,0,3.5,4.3,0.64,Good but not consistent,0.97,3.3,0.49,0.87,4.04
14,8,2,3.3,4.7,0.85,Late submission and weak teamwork,0.52,4.6,0.89,0.82,3.8
17,9,6,3.2,4.4,0.83,Good but not consistent,0.83,3.1,0.37,0.61,3.35
9,2,7,2.0,2.1,0.85,Needs improvement in deadlines,0.8,3.4,0.56,0.77,2.26
12,12,0,4.6,4.0,0.79,Excellent performance and teamwork,0.9,4.2,0.95,0.9,4.46
16,7,2,3.3,2.7,0.93,Outstanding contribution,0.41,3.9,0.59,0.69,3.1
11,0,7,3.7,2.4,0.85,Needs improvement in deadlines,0.69,3.7,0.88,0.67,2.39
19,11,7,2.8,2.0,0.75,Late submission and weak teamwork,0.44,3.1,0.69,0.85,2.82
20,8,8,3.7,2.9,0.96,Good but not consistent,0.51,3.4,0.85,0.71,3.08
17,15,1,4.1,4.9,0.81,Late submission and weak teamwork,0.98,4.6,0.96,0.58,4.45
16,14,1,2.0,2.3,0.6,Needs improvement in deadlines,0.73,4.8,0.5,0.89,3.43
14,5,5,3.3,4.6,0.62,Needs improvement in deadlines,0.4,4.6,0.47,0.56,3.35
15,8,7,3.2,3.0,0.65,Outstanding contribution,0.74,4.9,0.53,0.7,3.35
7,1,1,3.4,3.6,0.99,Late submission and weak teamwork,0.43,2.9,0.46,0.76,2.69
20,14,4,4.7,2.6,0.98,Good but not consistent,0.96,4.2,0.48,0.43,3.84
8,0,7,2.8,4.8,0.81,Very committed and reliable,0.95,4.1,0.72,0.59,2.75
17,15,1,4.5,2.9,0.65,Needs improvement in deadlines,0.6,2.7,0.61,0.42,3.67
18,0,6,2.7,2.6,0.81,Excellent performance and teamwork,0.57,3.3,0.68,0.96,2.12
18,18,0,2.1,3.2,0.69,Late submission and weak teamwork,0.52,3.9,0.74,0.77,3.69
17,11,6,2.5,2.3,0.63,Needs improvement in deadlines,0.58,3.0,0.76,0.52,2.85
16,5,3,4.0,2.2,0.99,Outstanding contribution,0.96,2.8,0.65,0.73,2.76
9,7,2,4.1,3.2,0.94,Needs improvement in deadlines,0.64,4.4,0.59,0.81,3.98
14,5,3,4.6,4.3,0.8,Needs improvement in deadlines,0.72,4.8,0.96,0.94,3.68
13,13,0,2.9,3.2,0.81,Very committed and reliable,0.65,2.9,0.34,0.5,3.71
11,11,0,4.5,4.9,0.74,Very committed and reliable,0.82,3.4,0.76,0.99,4.43
16,6,3,2.4,2.7,0.83,Very committed and reliable,0.98,4.9,0.56,0.87,2.98
19,16,3,3.8,4.3,0.77,Late submission and weak teamwork,0.69,4.2,0.87,0.54,4.11
15,1,3,2.3,2.6,0.75,Outstanding contribution,0.79,2.7,0.31,0.72,2.0
8,2,4,2.5,3.5,0.73,Late submission and weak teamwork,0.96,3.7,0.84,0.84,2.68
20,19,0,4.2,4.1,1.0,Needs improvement in deadlines,0.57,4.6,0.68,0.84,4.5
5,4,0,3.9,4.2,0.82,Very committed and reliable,0.42,3.2,0.36,0.51,3.87
12,12,0,2.2,3.9,0.85,Needs improvement in deadlines,0.66,3.3,0.34,0.81,3.8
11,2,1,2.4,2.2,0.78,Late submission and weak teamwork,0.51,3.3,0.36,0.69,2.24
11,9,2,2.5,4.8,0.68,Outstanding contribution,0.83,4.9,0.9,0.5,4.01
20,10,10,3.4,2.5,0.92,Outstanding contribution,0.99,4.9,0.69,0.64,3.37
17,17,0,4.6,3.7,0.99,Good but not consistent,0.65,4.0,0.82,0.98,4.46
16,10,2,2.4,3.8,0.89,Outstanding contribution,0.75,3.2,0.68,0.63,3.26
12,12,0,2.3,2.4,0.97,Outstanding contribution,0.91,3.8,0.92,0.56,3.68
15,10,4,3.6,3.5,0.79,Outstanding contribution,0.79,3.6,0.43,0.82,3.54
11,8,0,2.6,4.7,0.99,Excellent performance and teamwork,0.65,4.3,0.34,0.72,3.91
8,8,0,3.9,4.8,0.96,Good but not consistent,0.52,2.6,0.85,0.64,4.24
14,4,1,2.2,2.0,0.69,Very committed and reliable,0.52,4.6,0.83,0.64,2.53
5,1,2,2.6,2.8,0.96,Good but not consistent,0.97,3.5,0.7,0.53,2.56
13,10,0,3.1,4.8,0.83,Very committed and reliable,0.62,2.6,0.53,0.75,3.67
19,8,10,2.1,4.0,0.87,Very committed and reliable,0.66,3.1,0.75,0.69,2.91
7,1,5,3.5,2.7,0.81,Very committed and reliable,0.74,2.7,0.89,0.91,2.4
15,12,0,2.7,2.6,0.86,Outstanding contribution,0.68,3.9,0.74,0.75,3.47
15,0,9,4.3,5.0,0.95,Needs improvement in deadlines,0.56,4.7,0.33,0.43,3.27
20,10,5,2.0,3.7,0.77,Needs improvement in deadlines,0.52,4.6,0.78,0.47,3.2
7,5,2,2.8,3.6,0.75,Good but not consistent,0.41,4.0,0.45,0.55,3.53
7,3,0,3.7,2.4,0.93,Very committed and reliable,0.6,3.4,0.82,0.6,3.01
17,10,2,2.5,3.5,0.74,Excellent performance and teamwork,0.71,4.1,0.94,0.68,3.27
9,0,5,3.3,2.1,0.99,Very committed and reliable,0.83,4.5,0.84,0.44,2.48
10,9,1,3.7,2.7,0.62,Very committed and reliable,0.67,3.4,0.8,0.86,3.62
16,3,7,2.8,4.1,0.94,Excellent performance and teamwork,0.95,3.2,0.58,0.95,2.77
18,12,4,2.5,2.8,0.62,Excellent performance and teamwork,0.99,3.0,0.98,0.96,2.97
15,13,1,3.0,4.0,0.75,Excellent performance and teamwork,0.72,4.1,0.31,0.42,3.9
6,0,2,2.6,4.1,0.91,Outstanding contribution,0.43,3.8,0.64,0.88,2.55
14,7,0,3.0,3.0,0.66,Outstanding contribution,0.8,4.2,0.53,0.97,3.12
15,11,4,4.9,3.7,0.95,Needs improvement in deadlines,0.63,3.9,0.63,1.0,4.08
5,3,0,2.6,2.2,0.61,Good but not consistent,0.69,2.5,0.67,0.61,2.67
6,4,2,4.1,4.0,0.81,Very committed and reliable,1.0,2.9,0.76,0.85,3.61
6,0,5,3.8,2.2,0.69,Excellent performance and teamwork,0.49,4.6,0.69,0.95,2.46
11,5,6,3.6,3.5,0.87,Needs improvement in deadlines,0.47,2.9,0.75,0.9,3.12
14,3,3,2.7,2.1,0.67,Late submission and weak teamwork,0.45,4.2,0.74,0.59,2.46
9,0,2,4.4,2.2,0.74,Very committed and reliable,0.49,4.3,0.6,0.61,2.55
5,5,0,4.0,2.7,0.89,Outstanding contribution,0.91,3.3,0.68,0.98,3.95
19,17,0,2.2,3.0,0.97,Late submission and weak teamwork,0.96,4.0,0.88,0.9,3.67
18,6,2,2.6,3.5,0.97,Very committed and reliable,0.8,4.5,0.34,0.73,3.1
10,8,0,4.7,3.7,0.85,Needs improvement in deadlines,0.88,4.8,0.78,0.51,4.27
8,5,3,4.1,4.7,0.85,Excellent performance and teamwork,0.75,3.7,0.95,0.82,3.86
6,3,0,4.3,3.1,0.81,Needs improvement in deadlines,0.72,4.5,0.99,0.53,3.54
15,12,3,2.3,3.4,0.83,Very committed and reliable,0.87,2.7,0.55,0.67,3.29
15,2,12,2.5,4.3,0.76,Outstanding contribution,0.81,4.9,0.5,0.92,2.92
19,15,2,3.7,2.0,0.96,Needs improvement in deadlines,0.53,4.1,1.0,0.72,3.62
11,1,8,4.4,2.9,0.65,Good but not consistent,0.7,4.6,0.91,0.85,2.84
15,15,0,4.5,3.7,0.72,Late submission and weak teamwork,0.98,3.7,0.56,0.88,4.24
19,5,0,4.4,2.2,0.63,Needs improvement in deadlines,0.66,3.0,0.56,0.85,2.63
15,12,3,2.6,3.9,0.61,Excellent performance and teamwork,0.81,3.9,0.32,0.78,3.58
10,10,0,2.9,3.9,0.81,Very committed and reliable,0.52,4.7,0.34,0.86,4.21
19,6,7,2.6,2.1,0.64,Excellent performance and teamwork,0.62,3.7,0.96,0.47,2.47
18,14,0,4.7,2.9,0.63,Late submission and weak teamwork,0.62,4.0,0.6,0.92,3.8
16,7,8,2.2,3.8,0.62,Excellent performance and teamwork,0.84,3.5,0.68,0.42,2.87
16,16,0,3.6,4.1,0.62,Needs improvement in deadlines,0.51,3.9,0.75,0.76,4.13
9,9,0,4.0,3.1,0.89,Outstanding contribution,0.5,4.4,0.77,0.59,4.25
7,2,5,2.1,2.6,0.83,Needs improvement in deadlines,0.97,3.9,0.71,0.83,2.56
18,11,4,3.5,3.8,0.79,Outstanding contribution,0.69,4.6,0.82,0.62,3.69
20,9,1,4.9,4.8,0.6,Late submission and weak teamwork,0.49,4.8,0.83,0.48,3.88
17,10,2,3.6,4.8,0.72,Good but not consistent,0.45,2.8,0.65,0.66,3.48
20,4,1,3.6,3.7,0.68,Outstanding contribution,0.85,3.8,0.87,0.94,2.86
8,3,5,3.2,2.2,0.69,Needs improvement in deadlines,0.76,3.1,0.92,0.86,2.61
10,5,5,3.0,2.4,0.78,Late submission and weak teamwork,0.78,4.5,0.71,0.53,3.12
13,12,1,4.7,2.8,0.78,Excellent performance and teamwork,0.84,4.7,0.86,0.98,4.21
14,5,7,2.9,3.2,0.68,Late submission and weak teamwork,0.86,2.7,0.83,0.61,2.64
11,11,0,3.5,4.7,0.76,Good but not consistent,0.41,4.0,0.54,0.84,4.32
18,10,0,4.1,4.3,0.66,Excellent performance and teamwork,0.87,3.0,0.32,0.84,3.44
13,9,1,4.6,4.3,0.78,Needs improvement in deadlines,0.42,3.2,0.6,0.85,3.85
11,11,0,2.2,3.3,0.7,Outstanding contribution,0.4,3.9,0.75,0.71,3.73
20,18,2,2.6,3.2,0.85,Late submission and weak teamwork,0.61,4.1,0.94,0.51,3.76
16,12,2,4.7,3.0,0.66,Excellent performance and teamwork,0.89,3.9,0.99,0.99,3.78
6,5,0,3.1,2.2,0.76,Excellent performance and teamwork,0.44,4.2,0.93,0.62,3.53
11,6,2,4.6,3.4,0.94,Very committed and reliable,0.98,4.2,0.39,0.93,3.73
8,4,2,2.9,4.9,0.8,Excellent performance and teamwork,0.51,3.7,0.66,1.0,3.45
12,12,0,4.5,2.6,0.71,Excellent performance and teamwork,0.69,3.1,0.96,0.62,3.9
15,0,14,3.3,4.3,0.64,Needs improvement in deadlines,0.71,4.3,0.77,0.68,2.7
8,6,1,4.1,3.6,0.61,Needs improvement in deadlines,0.8,4.0,0.48,0.44,3.77
11,11,0,3.2,3.2,0.76,Good but not consistent,0.57,4.1,0.38,0.61,3.98
10,8,0,2.2,4.0,0.96,Excellent performance and teamwork,0.5,2.6,0.63,0.66,3.44
14,12,1,2.5,3.3,0.78,Very committed and reliable,0.99,3.8,0.77,0.54,3.6
19,8,7,2.9,3.1,0.9,Late submission and weak teamwork,0.97,2.8,0.36,0.97,2.84
9,8,0,2.8,4.4,0.62,Late submission and weak teamwork,0.93,3.8,0.73,0.88,3.84
19,10,7,3.7,3.0,0.73,Very committed and reliable,0.96,2.8,0.94,0.73,3.05
18,5,4,2.8,2.3,0.8,Good but not consistent,0.73,3.9,0.52,0.5,2.62
12,7,1,2.1,3.0,0.98,Good but not consistent,0.71,4.1,0.52,0.83,3.21
5,2,0,4.2,3.3,0.82,Needs improvement in deadlines,0.45,4.5,0.63,0.85,3.41
10,5,4,4.9,3.2,0.8,Outstanding contribution,0.78,3.0,0.33,0.73,3.37
7,3,0,3.4,3.3,0.68,Outstanding contribution,0.66,4.2,0.99,0.43,3.16
16,12,3,4.0,4.4,0.68,Good but not consistent,0.94,4.8,0.35,0.53,4.11
7,7,0,2.2,3.8,0.85,Late submission and weak teamwork,0.88,4.9,0.77,0.84,4.11
17,8,8,2.5,4.1,0.65,Good but not consistent,0.97,3.6,0.63,0.72,3.07
16,0,14,4.6,3.6,0.95,Very committed and reliable,0.61,4.0,0.66,0.59,2.92
17,0,15,2.6,3.1,0.86,Outstanding contribution,0.59,3.5,0.8,0.81,2.27
5,5,0,4.6,2.8,0.84,Excellent performance and teamwork,0.87,2.6,0.44,0.66,3.92
15,8,4,3.2,2.5,0.98,Very committed and reliable,0.71,3.2,0.99,0.5,3.07
17,17,0,2.9,2.2,0.82,Outstanding contribution,0.5,4.9,0.47,0.68,3.91
10,7,0,4.1,2.3,0.75,Good but not consistent,0.74,4.7,0.46,0.72,3.65
8,7,1,2.0,2.4,0.86,Excellent performance and teamwork,0.41,4.4,0.91,0.46,3.5
14,11,1,4.6,4.5,0.85,Good but not consistent,0.58,4.8,0.85,0.75,4.38
19,19,0,4.3,2.0,0.94,Excellent performance and teamwork,0.95,4.4,0.56,0.48,4.11
13,11,0,4.2,4.4,0.78,Good but not consistent,0.54,3.5,0.39,0.48,4.08
8,3,4,4.0,3.4,0.74,Excellent performance and teamwork,0.57,5.0,0.61,0.63,3.41
16,11,0,4.7,4.1,0.79,Very committed and reliable,0.9,3.6,0.98,0.74,3.91
8,7,1,2.9,4.9,0.76,Good but not consistent,0.96,2.7,0.36,0.78,3.79
7,7,0,3.1,2.1,0.91,Needs improvement in deadlines,0.86,4.8,0.84,0.8,3.96
13,4,1,3.5,4.1,0.68,Needs improvement in deadlines,0.72,3.2,0.64,0.95,2.96
7,6,1,4.4,3.7,0.72,Good but not consistent,0.46,2.9,0.36,0.6,3.85
20,8,11,2.3,3.4,0.61,Good but not consistent,0.71,4.7,0.46,0.81,2.99
10,7,0,2.8,3.9,0.99,Good but not consistent,1.0,4.9,0.36,0.69,3.86
7,4,0,2.2,4.6,0.75,Needs improvement in deadlines,0.81,3.0,0.94,0.9,3.19
18,9,5,3.3,2.0,0.8,Good but not consistent,0.87,3.9,0.66,0.7,2.99
15,14,1,3.5,4.9,0.86,Needs improvement in deadlines,0.91,4.2,0.56,0.75,4.35
17,1,13,5.0,2.1,0.87,Excellent performance and teamwork,0.71,4.2,0.68,0.62,2.78
10,2,4,4.1,4.7,0.95,Late submission and weak teamwork,0.75,2.9,0.74,0.82,3.12
14,7,2,4.4,3.9,0.71,Needs improvement in deadlines,0.88,4.5,0.38,0.91,3.67
16,13,2,2.6,4.3,0.94,Late submission and weak teamwork,0.99,3.5,0.57,0.68,3.77
11,9,0,4.2,2.3,0.61,Needs improvement in deadlines,0.65,4.5,0.71,0.62,3.73
20,17,1,3.0,2.1,0.98,Very committed and reliable,0.42,4.2,0.37,0.66,3.62
7,7,0,3.7,2.3,0.87,Good but not consistent,0.54,2.6,0.46,0.96,3.66
8,7,0,3.5,4.4,0.62,Excellent performance and teamwork,0.95,3.7,0.39,0.84,3.94
15,14,1,2.2,2.0,0.96,Needs improvement in deadlines,0.54,4.9,0.64,0.42,3.7
5,0,0,2.6,4.0,0.91,Good but not consistent,0.79,3.4,0.52,0.76,2.46
13,6,1,2.5,2.1,0.92,Very committed and reliable,0.75,3.7,0.39,0.76,2.81
5,0,2,4.0,4.5,0.61,Outstanding contribution,0.78,3.1,0.57,0.94,2.63
5,3,1,2.4,3.7,0.95,Needs improvement in deadlines,0.7,3.6,0.85,0.95,3.32
13,1,9,2.6,3.2,0.75,Outstanding contribution,0.89,3.9,0.54,0.93,2.43
16,8,4,2.3,3.2,0.67,Excellent performance and teamwork,0.89,2.8,0.41,0.79,2.75
10,9,1,2.3,2.5,0.75,Good but not consistent,0.53,3.9,0.79,0.94,3.46
5,2,0,4.2,4.5,0.66,Late submission and weak teamwork,0.9,3.7,0.99,0.9,3.41
19,1,5,3.5,4.5,0.72,Needs improvement in deadlines,0.62,4.6,0.58,0.58,2.96
11,3,4,3.5,2.9,0.77,Needs improvement in deadlines,0.53,3.3,0.74,0.98,2.73
20,4,7,4.2,2.9,0.89,Excellent performance and teamwork,0.45,3.5,0.66,0.5,2.87
7,1,0,2.7,4.4,0.68,Very committed and reliable,0.68,4.9,0.42,0.47,2.95
6,0,6,4.3,3.8,0.97,Outstanding contribution,0.97,4.8,0.36,0.56,3.06
10,9,1,2.9,2.2,0.61,Needs improvement in deadlines,0.7,2.7,0.95,0.51,3.22
15,10,1,4.4,2.7,0.95,Needs improvement in deadlines,0.95,4.8,0.37,0.57,3.85
12,7,3,3.5,3.9,0.62,Needs improvement in deadlines,0.62,3.6,0.51,0.59,3.39
19,0,6,4.9,4.5,0.72,Outstanding contribution,0.59,2.5,0.97,0.92,2.74
11,4,1,2.3,4.1,0.87,Late submission and weak teamwork,0.73,3.8,0.38,0.44,3.02
15,14,1,4.3,3.1,0.67,Very committed and reliable,0.54,2.6,0.78,0.48,3.73
10,1,8,4.7,2.8,0.82,Excellent performance and teamwork,0.58,4.3,0.67,0.96,2.92
9,9,0,3.3,4.1,0.97,Outstanding contribution,0.98,3.4,0.69,0.79,4.14
14,12,1,3.8,2.3,0.93,Excellent performance and teamwork,0.42,5.0,0.94,0.61,3.97
20,17,0,4.4,4.9,0.75,Outstanding contribution,0.6,4.4,0.49,0.77,4.39
10,10,0,3.4,3.5,0.91,Excellent performance and teamwork,0.95,4.4,0.72,0.56,4.22
6,3,2,4.8,3.7,0.83,Outstanding contribution,0.6,4.6,0.44,0.67,3.79
11,4,7,4.2,4.8,0.61,Late submission and weak teamwork,0.76,2.9,0.9,0.47,3.23
18,9,8,2.6,3.6,0.79,Needs improvement in deadlines,0.89,4.4,0.9,0.45,3.27
6,6,0,4.5,3.4,0.79,Outstanding contribution,0.81,3.9,0.91,0.44,4.25
18,8,8,4.5,3.7,0.93,Outstanding contribution,0.44,3.6,0.45,0.65,3.49
16,10,6,4.3,3.2,0.8,Late submission and weak teamwork,0.91,2.6,0.86,0.74,3.36
15,4,9,2.7,4.2,0.98,Excellent performance and teamwork,0.41,2.6,0.35,0.86,2.79
12,11,1,2.5,3.1,0.69,Outstanding contribution,0.6,3.9,0.42,0.69,3.62
9,2,7,2.3,3.7,0.79,Late submission and weak teamwork,0.7,3.7,0.85,0.63,2.67
16,10,1,2.4,3.6,0.95,Excellent performance and teamwork,0.86,4.1,0.63,0.6,3.43
6,6,0,2.3,2.7,0.91,Late submission and weak teamwork,0.47,3.5,0.79,0.9,3.66
9,7,2,3.3,2.2,0.78,Outstanding contribution,0.9,3.8,0.77,0.95,3.42
5,2,3,2.0,2.8,0.65,Very committed and reliable,0.65,2.5,0.57,0.71,2.38
19,6,10,3.5,2.6,0.75,Very committed and reliable,0.49,3.5,0.78,0.64,2.77
17,0,16,3.7,4.6,0.79,Very committed and reliable,0.69,3.9,0.45,0.68,2.83
6,4,1,4.3,3.4,0.75,Good but not consistent,1.0,2.8,0.92,0.5,3.48
19,8,5,2.6,2.1,0.82,Good but not consistent,0.69,2.6,0.35,0.57,2.5
6,1,2,4.4,4.7,0.9,Very committed and reliable,0.82,3.2,0.69,0.78,3.16
13,3,10,3.4,2.1,0.83,Good but not consistent,0.9,3.3,0.37,0.5,2.52
7,7,0,4.6,3.4,0.93,Excellent performance and teamwork,0.6,2.5,0.93,0.8,4.07
7,5,2,4.7,3.1,0.96,Outstanding contribution,0.43,2.5,0.49,0.47,3.61
20,12,4,2.2,2.8,0.86,Needs improvement in deadlines,0.67,5.0,0.48,0.97,3.33
20,8,7,2.9,4.1,0.99,Late submission and weak teamwork,0.55,3.4,0.49,0.66,3.18
8,0,7,4.3,3.5,0.63,Very committed and reliable,0.65,3.9,0.8,0.57,2.66
12,4,3,3.5,2.6,0.64,Good but not consistent,0.96,3.0,0.61,0.69,2.64
18,9,5,4.2,4.0,0.62,Needs improvement in deadlines,0.77,4.8,0.58,0.98,3.66
13,8,2,4.1,4.3,0.94,Excellent performance and teamwork,0.77,4.3,0.87,0.49,3.93
20,6,5,3.0,4.9,0.7,Excellent performance and teamwork,0.61,4.5,0.39,0.71,3.28
15,11,2,4.7,3.1,0.85,Excellent performance and teamwork,0.46,3.5,0.88,0.49,3.79
18,14,0,2.4,3.8,0.83,Good but not consistent,0.72,4.3,0.54,0.4,3.68
8,1,4,2.7,2.1,0.85,Good but not consistent,0.9,2.9,0.42,0.93,2.15
9,9,0,4.5,3.5,0.6,Good but not consistent,0.74,2.9,0.99,0.74,3.98
7,0,7,2.5,3.5,0.72,Excellent performance and teamwork,0.88,3.7,0.33,0.57,2.3
17,6,2,2.0,4.7,0.98,Needs improvement in deadlines,0.69,3.6,0.62,0.48,3.08
6,6,0,3.0,3.0,0.68,Late submission and weak teamwork,0.64,4.1,0.53,0.58,3.86
19,11,3,4.3,2.6,0.93,Very committed and reliable,0.61,2.7,0.9,0.54,3.25
19,15,4,4.7,4.0,0.7,Good but not consistent,0.52,4.7,0.5,0.64,4.21
13,4,6,3.9,2.2,0.71,Needs improvement in deadlines,0.5,4.2,0.99,0.53,2.88
20,5,9,2.2,3.1,0.91,Outstanding contribution,0.92,3.9,0.33,0.45,2.67
14,6,8,3.0,2.5,0.69,Outstanding contribution,0.83,3.3,0.7,0.9,2.75
13,0,11,3.6,4.1,0.97,Outstanding contribution,0.51,2.5,0.69,0.8,2.52
14,5,5,3.2,4.7,0.81,Very committed and reliable,0.49,3.9,0.38,0.96,3.3
12,4,3,4.3,2.2,0.98,Very committed and reliable,0.9,3.0,0.87,0.57,2.89
15,12,0,4.3,2.5,0.98,Excellent performance and teamwork,0.48,4.4,0.69,0.84,3.93
13,7,4,2.6,4.3,0.99,Good but not consistent,0.88,3.3,0.46,0.93,3.34
17,8,6,4.0,4.0,0.97,Outstanding contribution,0.63,4.9,0.34,0.51,3.77
8,2,2,3.5,3.3,0.88,Good but not consistent,0.53,2.6,0.84,0.53,2.7
19,15,3,2.4,4.7,0.99,Late submission and weak teamwork,0.95,3.4,0.69,0.62,3.78
19,6,3,3.8,2.8,0.97,Very committed and reliable,0.45,2.7,0.65,0.94,2.82
9,8,1,3.0,4.4,0.87,Outstanding contribution,0.56,4.6,0.45,0.41,4.17
12,2,6,3.0,2.1,0.73,Late submission and weak teamwork,0.68,3.9,0.95,0.71,2.42
13,4,2,3.9,3.7,0.74,Late submission and weak teamwork,0.95,3.9,0.91,0.67,3.13
11,2,3,4.4,4.0,0.87,Very committed and reliable,0.51,3.6,0.47,0.43,3.11
14,1,1,3.7,4.1,0.8,Good but not consistent,0.67,3.7,0.8,0.54,2.81
18,0,15,2.6,4.1,0.73,Excellent performance and teamwork,0.97,2.6,0.73,0.57,2.22
19,0,16,3.8,3.9,0.92,Good but not consistent,0.71,3.9,0.32,0.44,2.78
5,2,0,3.8,3.1,0.75,Outstanding contribution,0.85,3.2,0.62,0.42,3.0
13,13,0,4.6,2.7,0.86,Excellent performance and teamwork,0.88,4.9,0.83,0.91,4.37
20,0,18,3.2,3.5,0.68,Good but not consistent,0.56,4.8,0.63,0.45,2.64
20,0,3,4.2,4.3,0.79,Excellent performance and teamwork,0.98,3.2,0.5,0.67,2.74
15,4,3,3.4,3.1,0.88,Needs improvement in deadlines,0.4,3.5,0.68,0.88,2.84
12,9,0,3.0,2.7,0.91,Very committed and reliable,0.41,4.6,0.78,0.99,3.64
5,1,1,5.0,2.3,0.69,Late submission and weak teamwork,0.71,2.8,0.54,0.43,2.67
8,8,0,3.1,2.5,0.95,Outstanding contribution,0.53,3.0,0.59,0.46,3.7
7,1,1,3.4,4.6,0.99,Needs improvement in deadlines,0.61,2.5,0.72,0.75,2.81
15,5,10,2.9,2.5,0.83,Excellent performance and teamwork,0.46,4.1,0.64,0.63,2.81
5,3,1,3.9,4.7,0.99,Good but not consistent,0.81,3.4,0.79,0.97,3.8
10,2,5,2.1,2.5,0.72,Very committed and reliable,0.79,5.0,0.5,0.41,2.58
8,5,0,2.9,4.7,0.64,Outstanding contribution,0.48,4.2,0.82,0.86,3.62
11,0,0,3.0,3.9,0.9,Good but not consistent,0.54,2.6,0.47,0.92,2.35
16,7,6,4.5,4.9,0.66,Outstanding contribution,0.82,3.0,0.77,0.72,3.47
14,6,5,2.6,3.7,0.78,Outstanding contribution,0.56,3.8,0.99,0.89,3.05
11,9,2,4.5,4.9,0.9,Late submission and weak teamwork,0.96,4.9,0.36,0.67,4.54
13,3,7,4.1,4.8,0.71,Needs improvement in deadlines,0.48,4.1,0.89,0.82,3.3
11,1,0,2.3,3.5,0.78,Outstanding contribution,0.82,3.5,0.34,0.74,2.39
12,1,8,4.7,4.9,0.71,Excellent performance and teamwork,0.86,4.7,0.53,0.8,3.34
11,9,1,3.3,2.6,0.73,Outstanding contribution,0.9,3.6,0.71,0.85,3.49
14,1,7,2.4,4.9,0.6,Needs improvement in deadlines,0.57,4.1,0.37,0.78,2.69
15,3,6,4.6,4.1,0.8,Needs improvement in deadlines,0.78,3.8,0.87,0.81,3.2
7,7,0,3.2,2.1,0.94,Outstanding contribution,0.72,3.9,0.85,0.88,3.81
9,9,0,4.6,4.9,0.61,Needs improvement in deadlines,0.95,4.3,0.61,0.41,4.57
6,6,0,4.0,3.6,0.8,Good but not consistent,0.72,4.8,0.53,0.91,4.38
7,6,1,2.7,4.5,0.64,Needs improvement in deadlines,0.84,4.9,0.78,0.48,4.03
10,10,0,3.1,2.8,0.92,Needs improvement in deadlines,0.96,4.3,0.38,0.56,4.0
8,3,5,3.2,2.1,0.71,Outstanding contribution,0.55,4.2,0.58,0.81,2.82
10,3,3,2.1,2.6,0.97,Late submission and weak teamwork,0.74,3.2,0.64,0.8,2.52
20,20,0,4.3,2.0,0.67,Good but not consistent,0.47,3.5,0.38,0.87,3.79
16,5,8,4.2,4.0,0.86,Very committed and reliable,0.62,4.2,0.86,0.79,3.38
5,4,1,4.1,3.1,0.9,Good but not consistent,0.75,3.8,0.52,0.9,3.85
11,4,3,4.1,4.8,0.86,Needs improvement in deadlines,0.67,4.8,0.4,0.9,3.72
14,5,9,2.7,2.6,0.73,Very committed and reliable,0.95,3.7,0.48,0.94,2.7
14,0,7,3.9,2.6,0.81,Outstanding contribution,0.56,2.9,0.56,0.73,2.29
12,6,6,3.5,3.7,0.91,Good but not consistent,0.61,3.7,0.61,0.76,3.39
8,2,2,2.4,4.7,1.0,Outstanding contribution,0.89,4.1,0.78,0.42,3.11
13,3,4,4.4,4.6,0.7,Needs improvement in deadlines,0.63,5.0,0.87,0.81,3.5
9,7,0,2.0,2.3,0.74,Very committed and reliable,0.6,4.6,0.99,0.65,3.32
14,0,7,3.9,4.3,0.82,Good but not consistent,0.77,4.9,0.55,0.87,3.03
7,7,0,4.9,2.1,0.82,Good but not consistent,0.98,2.5,0.54,0.96,3.81
10,3,2,2.9,3.4,0.64,Needs improvement in deadlines,0.89,4.3,0.4,0.66,2.89
19,6,1,4.9,2.9,0.6,Needs improvement in deadlines,0.83,4.2,0.43,0.7,3.17
10,4,0,4.0,3.1,0.71,Needs improvement in deadlines,0.43,4.7,0.44,0.99,3.31
17,5,0,3.3,3.5,0.94,Very committed and reliable,0.77,3.7,0.74,0.82,3.01
13,0,13,2.0,3.2,0.87,Very committed and reliable,0.85,3.2,0.78,0.85,2.12
7,1,3,4.2,4.5,0.95,Late submission and weak teamwork,0.95,3.1,0.72,0.96,3.05
17,14,0,2.5,2.3,0.86,Late submission and weak teamwork,0.99,4.9,0.58,0.94,3.61
13,3,5,2.3,4.4,0.85,Outstanding contribution,0.98,4.2,0.72,0.51,2.95
18,15,3,3.2,2.8,0.95,Outstanding contribution,0.78,3.7,0.95,0.41,3.67
6,4,2,2.4,5.0,0.78,Excellent performance and teamwork,0.52,3.5,0.95,0.78,3.57
10,2,0,3.1,3.6,0.82,Excellent performance and teamwork,0.4,4.2,0.71,0.9,2.89
14,8,0,2.7,4.5,0.87,Very committed and reliable,0.83,3.1,0.68,0.42,3.35
9,3,0,2.8,2.8,0.65,Good but not consistent,1.0,5.0,0.85,0.69,2.94
12,4,6,2.6,4.9,0.82,Needs improvement in deadlines,0.73,4.1,0.9,0.47,3.23
8,3,0,2.4,2.6,0.75,Good but not consistent,0.65,4.4,0.6,0.82,2.82
6,5,1,4.7,3.0,0.91,Late submission and weak teamwork,0.7,4.3,0.71,0.5,4.11
15,4,4,3.6,4.7,0.85,Excellent performance and teamwork,0.48,3.9,0.78,0.92,3.27
7,1,2,2.8,4.5,0.67,Very committed and reliable,0.54,3.2,0.85,0.48,2.65
17,5,5,4.9,4.2,0.98,Good but not consistent,0.85,3.7,0.61,0.97,3.49
8,8,0,3.4,3.7,0.66,Excellent performance and teamwork,0.61,3.2,0.83,1.0,3.89
5,5,0,3.8,3.4,0.72,Outstanding contribution,0.63,3.2,0.3,0.94,3.94
13,2,5,2.8,2.9,0.83,Good but not consistent,0.44,3.6,0.51,0.68,2.51
8,3,4,2.7,4.7,0.74,Outstanding contribution,0.65,3.2,0.59,0.69,3.05
8,0,2,3.1,3.7,0.76,Late submission and weak teamwork,0.43,3.5,0.55,0.45,2.44
14,2,9,2.9,4.1,0.77,Excellent performance and teamwork,0.97,2.6,0.94,0.76,2.52
13,13,0,2.8,4.5,0.89,Needs improvement in deadlines,0.41,3.3,0.55,0.94,4.07
17,16,1,4.2,2.8,0.91,Good but not consistent,0.71,3.6,0.56,0.83,3.99
14,5,8,2.4,3.3,0.96,Outstanding contribution,0.43,4.3,0.91,0.86,3.02
9,2,7,2.1,3.8,0.66,Needs improvement in deadlines,0.68,4.8,0.88,0.43,2.8
17,12,0,2.8,2.3,0.68,Outstanding contribution,0.7,4.4,0.88,0.79,3.3
12,7,1,2.5,4.9,0.8,Outstanding contribution,0.46,4.8,0.96,0.85,3.71
14,7,2,4.7,4.7,0.73,Very committed and reliable,0.56,3.4,0.45,0.77,3.68
14,9,0,4.6,3.2,0.86,Needs improvement in deadlines,0.58,4.1,0.69,0.9,3.77
17,0,13,3.8,2.1,0.75,Needs improvement in deadlines,0.74,4.7,0.43,0.84,2.5
13,0,0,3.2,3.2,0.99,Very committed and reliable,0.73,4.1,0.61,0.77,2.6
18,1,2,3.4,2.1,0.9,Outstanding contribution,0.54,4.9,0.81,0.91,2.61
5,4,1,3.7,3.6,0.84,Excellent performance and teamwork,0.62,4.1,0.31,0.5,3.9
20,11,5,2.5,2.7,0.62,Excellent performance and teamwork,0.6,4.7,0.41,0.44,3.12
19,1,0,4.6,2.3,0.97,Outstanding contribution,0.46,3.1,0.84,0.89,2.56
12,12,0,2.9,3.2,0.67,Needs improvement in deadlines,0.82,2.8,0.38,0.42,3.62
6,5,1,4.5,3.0,0.64,Good but not consistent,0.51,4.0,0.32,0.58,3.87
9,8,1,3.7,4.4,0.71,Late submission and weak teamwork,0.77,4.7,0.35,0.66,4.25
8,6,2,2.0,3.7,0.9,Excellent performance and teamwork,0.85,2.7,0.4,0.4,3.26
18,18,0,4.7,2.8,0.79,Needs improvement in deadlines,0.51,4.0,0.6,0.85,4.2
10,9,0,2.6,3.1,0.65,Outstanding contribution,0.7,3.4,0.66,0.61,3.5
13,1,11,2.9,3.5,0.84,Outstanding contribution,0.47,4.7,0.91,0.44,2.76
13,8,4,2.6,4.5,0.87,Outstanding contribution,0.99,3.8,0.36,0.67,3.54
10,10,0,4.1,3.7,0.82,Good but not consistent,0.44,4.0,0.64,0.77,4.27
14,13,1,2.2,3.3,0.65,Excellent performance and teamwork,0.74,3.5,0.5,0.95,3.52
17,11,0,3.3,3.2,0.91,Outstanding contribution,0.86,4.3,0.37,0.63,3.59
10,8,1,2.2,2.9,0.69,Excellent performance and teamwork,0.99,2.9,0.76,0.66,3.15
9,9,0,2.7,2.0,0.73,Late submission and weak teamwork,0.53,4.6,0.98,0.85,3.72
6,2,0,3.5,2.4,0.77,Late submission and weak teamwork,0.86,4.3,0.52,0.69,2.92
8,5,3,3.7,3.0,0.73,Outstanding contribution,0.54,4.0,0.79,0.52,3.44
6,6,0,4.2,4.6,0.82,Very committed and reliable,0.43,4.4,0.96,0.71,4.55
17,0,5,2.6,2.8,0.72,Needs improvement in deadlines,0.73,2.9,0.39,0.52,2.02
5,5,0,4.2,4.8,0.9,Very committed and reliable,0.4,2.6,0.74,0.54,4.27
12,9,1,2.7,3.1,0.99,Good but not consistent,0.73,4.8,0.53,0.88,3.74
16,2,6,4.3,3.8,0.91,Very committed and reliable,0.95,3.3,0.77,0.98,2.92
18,12,1,4.2,2.6,0.78,Good but not consistent,0.71,3.8,0.36,0.44,3.51
8,8,0,3.3,3.4,0.86,Excellent performance and teamwork,0.52,3.1,0.76,0.96,3.89
8,5,3,4.4,3.8,0.62,Very committed and reliable,0.48,3.2,0.46,0.48,3.53
18,4,13,2.6,2.6,0.75,Very committed and reliable,0.84,4.1,0.66,0.5,2.57
10,7,3,3.3,2.4,0.94,Excellent performance and teamwork,0.42,4.6,0.59,0.56,3.58
19,18,1,2.3,3.4,0.9,Outstanding contribution,0.53,4.5,0.68,0.53,3.91
19,0,10,4.5,3.6,0.71,Excellent performance and teamwork,0.63,3.7,0.58,0.8,2.72
12,11,0,2.2,3.5,0.74,Excellent performance and teamwork,0.86,3.1,0.98,0.44,3.51
17,8,1,2.2,3.9,0.88,Outstanding contribution,0.43,3.9,0.45,0.42,3.15
10,6,3,2.0,2.1,0.94,Needs improvement in deadlines,0.59,2.9,0.92,0.71,2.77
15,13,2,2.3,3.6,0.76,Good but not consistent,0.56,3.8,0.88,0.51,3.62
9,1,0,2.7,2.7,0.91,Very committed and reliable,0.74,4.0,0.58,0.83,2.5
7,2,0,4.8,4.6,0.76,Late submission and weak teamwork,0.5,3.1,0.83,0.94,3.31
7,2,5,3.7,2.0,0.84,Excellent performance and teamwork,0.87,3.3,0.71,0.87,2.65
5,2,0,2.7,4.9,0.71,Very committed and reliable,0.62,3.1,0.6,0.58,3.1
8,7,1,5.0,4.9,0.94,Needs improvement in deadlines,1.0,3.8,0.56,0.47,4.52
16,11,2,4.0,4.0,0.76,Needs improvement in deadlines,0.85,4.4,0.69,0.78,3.89
13,5,2,4.3,3.1,0.78,Very committed and reliable,0.51,3.2,0.86,0.75,3.09
5,2,0,4.5,4.6,0.66,Good but not consistent,0.52,4.8,0.51,0.82,3.71
20,0,11,3.3,4.1,0.81,Needs improvement in deadlines,0.97,3.2,0.44,0.59,2.53
6,3,1,3.9,2.8,0.99,Very committed and reliable,0.74,4.7,0.89,0.9,3.52
19,2,1,4.2,3.9,0.84,Outstanding contribution,0.42,3.3,0.59,0.54,2.86
9,6,0,3.7,4.4,0.9,Late submission and weak teamwork,0.73,3.8,0.32,0.93,3.83
15,1,6,4.6,3.6,0.73,Late submission and weak teamwork,0.85,2.9,0.79,0.62,2.69
9,8,0,4.6,4.4,0.99,Late submission and weak teamwork,0.71,3.6,0.32,0.71,4.35
17,3,3,4.3,2.1,0.71,Good but not consistent,0.48,4.2,0.81,0.84,2.74
15,7,2,4.4,4.5,0.83,Needs improvement in deadlines,0.63,4.3,0.75,0.94,3.75
6,4,1,2.1,4.5,0.65,Excellent performance and teamwork,0.41,3.5,0.44,0.76,3.35
15,12,0,2.1,3.1,0.93,Late submission and weak teamwork,0.44,4.9,0.92,0.76,3.69
7,6,0,4.8,4.4,0.85,Needs improvement in deadlines,0.74,3.3,0.75,0.95,4.21
12,12,0,2.3,4.9,0.65,Good but not consistent,0.64,3.7,0.7,0.76,4.0
5,0,4,2.3,3.5,0.62,Very committed and reliable,0.73,3.3,0.79,0.7,2.13
7,4,3,3.5,4.1,0.95,Late submission and weak teamwork,0.73,2.9,0.79,0.7,3.43
8,7,1,4.2,4.6,0.91,Good but not consistent,0.74,3.3,0.35,0.87,4.19
14,0,1,4.4,3.2,0.95,Outstanding contribution,0.96,3.5,0.75,0.52,2.7
15,0,2,2.8,3.0,0.8,Outstanding contribution,0.52,4.8,0.7,0.53,2.52
9,5,4,2.6,3.7,0.69,Excellent performance and teamwork,0.43,4.4,0.51,0.44,3.32
12,2,1,2.3,3.0,0.64,Excellent performance and teamwork,0.9,3.8,0.68,0.69,2.39
8,8,0,2.0,3.1,0.61,Late submission and weak teamwork,0.64,4.7,0.79,0.79,3.77
10,1,2,3.7,3.4,0.83,Good but not consistent,0.71,4.6,0.9,0.83,2.91
19,17,2,3.2,4.5,0.83,Needs improvement in deadlines,0.66,4.8,0.54,0.5,4.26
13,10,3,2.3,3.5,0.96,Needs improvement in deadlines,0.81,3.6,0.84,0.59,3.51
7,2,1,3.3,4.5,0.86,Excellent performance and teamwork,0.61,4.4,0.52,0.91,3.3
8,2,5,3.7,4.7,0.64,Excellent performance and teamwork,0.43,2.8,0.33,0.42,2.94
18,8,5,2.8,2.5,0.96,Late submission and weak teamwork,0.6,2.6,0.32,0.68,2.73
7,2,5,4.9,3.5,1.0,Good but not consistent,0.93,3.0,0.85,0.5,3.21
6,5,1,2.3,4.6,0.6,Excellent performance and teamwork,0.97,2.9,0.66,0.43,3.51
11,0,4,3.1,4.9,0.92,Needs improvement in deadlines,0.73,4.0,0.93,0.45,2.86
7,7,0,4.6,3.6,0.73,Excellent performance and teamwork,0.56,5.0,0.88,0.45,4.5
14,4,10,3.7,3.3,0.76,Needs improvement in deadlines,0.43,3.0,0.79,0.54,2.81
17,0,5,4.1,3.1,0.89,Late submission and weak teamwork,0.49,2.8,0.61,0.73,2.44
6,4,0,2.4,3.4,0.64,Good but not consistent,0.7,2.7,0.85,0.82,3.02
10,9,0,3.3,2.9,0.94,Very committed and reliable,0.79,4.3,0.72,0.87,3.92
13,1,1,3.2,3.7,0.91,Good but not consistent,0.53,4.7,0.47,0.91,2.89
8,1,6,4.0,3.2,0.73,Late submission and weak teamwork,0.85,2.7,0.66,0.91,2.53
10,2,8,3.5,2.8,0.79,Good but not consistent,0.76,4.8,0.8,0.59,2.92
17,10,6,3.8,2.5,0.92,Excellent performance and teamwork,0.41,4.1,0.92,0.76,3.42
12,9,3,2.3,3.5,0.68,Needs improvement in deadlines,0.6,2.9,0.82,0.77,3.21
14,11,3,3.1,2.8,0.89,Excellent performance and teamwork,0.5,3.6,0.55,0.64,3.52
6,6,0,2.2,2.0,0.83,Needs improvement in deadlines,0.52,3.9,0.4,0.98,3.54
15,0,14,3.6,4.6,0.91,Late submission and weak teamwork,0.82,4.6,0.98,0.47,3.02
6,6,0,2.9,3.5,0.93,Outstanding contribution,0.85,3.9,0.61,0.65,4.03
18,9,3,4.6,3.6,0.69,Very committed and reliable,0.85,3.9,0.92,0.67,3.52
18,9,0,3.4,3.1,0.78,Needs improvement in deadlines,0.95,4.3,0.31,0.84,3.3
12,5,4,4.3,2.5,0.72,Excellent performance and teamwork,0.41,4.5,0.81,0.69,3.24
9,7,0,3.8,3.6,0.9,Outstanding contribution,0.97,3.8,0.66,0.83,3.86
12,4,1,2.1,3.7,0.87,Excellent performance and teamwork,0.62,3.1,0.39,0.58,2.72
12,6,2,2.8,4.1,0.86,Good but not consistent,0.76,4.8,0.62,0.79,3.52
17,14,1,3.3,2.8,1.0,Late submission and weak teamwork,0.57,3.5,0.79,0.86,3.66
9,7,1,4.0,3.6,0.94,Good but not consistent,0.59,3.7,0.43,0.67,3.9
5,0,0,2.1,2.3,0.72,Excellent performance and teamwork,0.95,4.4,0.71,0.74,2.12
6,6,0,3.8,2.3,0.92,Needs improvement in deadlines,0.78,5.0,0.96,0.49,4.18
19,2,9,2.3,2.8,0.61,Outstanding contribution,0.72,4.9,0.59,0.92,2.46
19,4,7,3.0,4.9,0.98,Late submission and weak teamwork,0.63,4.4,0.33,0.94,3.27
10,5,3,3.2,3.5,0.64,Very committed and reliable,0.9,3.7,0.95,0.86,3.15
11,9,1,2.2,3.2,0.77,Very committed and reliable,0.71,3.2,0.59,0.8,3.33
7,2,5,2.2,2.4,0.76,Good but not consistent,0.91,3.8,0.75,0.59,2.49
14,3,6,2.3,4.0,0.87,Late submission and weak teamwork,0.43,2.8,0.59,0.97,2.58
20,2,16,3.4,2.8,0.81,Late submission and weak teamwork,0.9,3.8,0.65,0.79,2.56
8,0,4,2.6,2.0,0.64,Very committed and reliable,0.53,3.2,0.47,0.82,1.88
13,2,9,4.9,4.6,0.64,Outstanding contribution,0.54,3.3,0.93,0.8,3.11
15,4,9,3.3,3.3,0.87,Good but not consistent,0.67,4.1,0.64,0.52,2.98
14,11,0,2.5,4.0,0.87,Very committed and reliable,0.83,2.6,0.55,0.49,3.43
19,0,0,4.6,4.9,0.95,Late submission and weak teamwork,0.74,3.4,0.68,0.94,3.06
13,2,7,3.2,3.3,0.85,Late submission and weak teamwork,0.65,3.6,0.65,0.76,2.68
8,5,0,2.2,2.8,0.89,Needs improvement in deadlines,0.62,3.7,0.59,0.43,3.12
10,0,1,2.4,2.5,0.84,Very committed and reliable,0.94,3.0,0.97,0.73,2.0
12,9,1,4.6,2.3,0.6,Needs improvement in deadlines,0.68,2.9,0.53,0.83,3.38
9,8,0,2.1,2.3,0.83,Excellent performance and teamwork,0.94,4.7,0.82,0.64,3.57
20,20,0,2.7,4.0,0.71,Very committed and reliable,0.85,4.3,0.77,0.43,4.05
16,14,2,3.8,4.8,0.82,Outstanding contribution,0.77,2.9,0.39,0.76,4.02
19,2,7,3.5,2.5,0.81,Late submission and weak teamwork,0.51,4.2,0.4,0.88,2.6
5,0,4,3.8,4.2,0.73,Very committed and reliable,0.43,3.4,0.52,0.79,2.65
19,11,8,3.6,3.6,0.95,Late submission and weak teamwork,0.53,2.9,0.95,0.86,3.36
10,1,6,2.3,3.8,0.82,Needs improvement in deadlines,0.46,4.9,0.97,0.78,2.76
19,19,0,4.0,4.0,0.84,Very committed and reliable,0.79,4.8,0.7,0.56,4.48
8,2,3,3.5,2.6,0.8,Outstanding contribution,0.96,3.2,0.88,0.58,2.64
11,6,3,4.7,4.8,1.0,Very committed and reliable,0.62,4.1,0.95,0.43,4.04
19,12,3,3.5,2.7,0.98,Needs improvement in deadlines,0.94,2.9,0.87,0.61,3.26
10,6,3,4.8,2.6,0.91,Good but not consistent,0.91,2.8,0.9,0.76,3.4
16,0,8,4.1,3.2,0.77,Good but not consistent,0.95,4.8,0.52,0.47,2.8
18,16,1,3.7,4.8,0.61,Very committed and reliable,0.84,4.2,0.61,0.67,4.18
15,8,1,2.9,2.0,0.95,Late submission and weak teamwork,0.77,4.6,0.66,0.65,3.17
11,8,2,3.0,3.4,0.86,Needs improvement in deadlines,0.65,2.7,0.65,0.97,3.34
18,13,0,4.1,4.1,0.98,Outstanding contribution,0.62,3.8,0.69,0.66,3.97
6,4,1,3.1,4.3,0.71,Outstanding contribution,0.79,3.6,0.64,0.84,3.56
13,3,1,3.7,4.6,0.67,Very committed and reliable,0.97,2.7,0.41,0.7,2.88
5,2,0,4.7,4.7,0.71,Good but not consistent,0.94,2.5,0.91,0.51,3.33
9,2,1,3.0,3.7,0.91,Needs improvement in deadlines,0.56,2.6,0.36,0.72,2.65
16,8,6,2.5,3.0,0.81,Good but not consistent,0.77,5.0,0.65,0.97,3.26
20,6,5,4.2,4.7,0.63,Late submission and weak teamwork,0.87,4.8,0.38,0.99,3.5
6,6,0,2.6,4.5,0.76,Excellent performance and teamwork,0.59,4.7,0.46,0.69,4.24
19,12,2,3.8,4.6,0.99,Outstanding contribution,0.7,4.0,0.89,0.57,3.92
12,10,0,4.8,3.2,0.67,Needs improvement in deadlines,0.59,4.2,1.0,0.65,4.03
7,3,2,2.2,3.0,0.62,Needs improvement in deadlines,0.66,3.2,0.66,0.58,2.63
6,2,0,2.7,2.2,0.93,Excellent performance and teamwork,0.7,2.6,0.51,0.47,2.46
19,15,0,2.8,4.5,0.95,Late submission and weak teamwork,0.76,4.4,0.97,0.66,4.0
8,5,2,4.2,4.1,0.79,Very committed and reliable,0.66,2.5,0.7,0.86,3.49
18,12,6,3.0,4.0,0.98,Good but not consistent,0.66,4.7,0.45,0.94,3.83
10,3,6,4.3,3.4,0.84,Late submission and weak teamwork,0.74,4.4,0.79,0.53,3.29
17,13,0,2.4,2.1,0.61,Late submission and weak teamwork,0.93,3.1,0.48,0.43,2.97
14,8,1,2.3,4.0,0.89,Good but not consistent,0.69,4.9,0.8,0.9,3.54
13,12,0,3.4,2.8,0.73,Good but not consistent,0.66,2.5,0.82,0.88,3.49
7,3,1,3.9,3.6,0.62,Very committed and reliable,0.93,3.2,1.0,0.63,3.09
20,19,1,4.4,2.5,0.75,Late submission and weak teamwork,0.86,3.9,0.84,0.82,3.96
20,17,1,4.6,3.6,0.63,Late submission and weak teamwork,0.41,4.5,0.7,0.71,4.13
12,7,5,4.5,2.5,0.96,Very committed and reliable,0.96,3.4,0.92,0.86,3.44
9,1,7,3.0,3.7,0.85,Good but not consistent,0.74,4.3,0.61,0.99,2.79
15,10,5,4.3,3.0,0.91,Needs improvement in deadlines,0.7,4.8,0.98,0.62,3.88
20,11,6,4.7,2.3,0.95,Needs improvement in deadlines,0.97,5.0,0.86,0.8,3.7
12,6,2,4.7,3.1,0.94,Very committed and reliable,0.75,4.0,0.78,0.52,3.58
17,1,5,3.3,4.6,0.65,Outstanding contribution,0.52,3.2,0.46,0.89,2.63
19,14,3,3.9,4.1,0.67,Needs improvement in deadlines,0.86,3.9,0.41,0.5,3.82
11,6,3,4.6,2.1,0.63,Late submission and weak teamwork,0.49,2.8,0.66,0.69,3.03
5,3,2,2.4,2.4,0.6,Good but not consistent,0.78,3.7,0.48,0.91,2.9
6,6,0,4.3,2.2,0.9,Outstanding contribution,0.63,4.8,0.57,0.73,4.21
9,6,2,2.9,4.9,0.78,Late submission and weak teamwork,1.0,3.0,0.96,0.74,3.55
11,3,3,3.8,3.6,0.65,Very committed and reliable,0.61,4.9,0.47,0.4,3.19
13,4,3,4.9,2.1,0.9,Needs improvement in deadlines,0.91,4.8,0.99,0.44,3.27
6,2,3,4.8,2.6,0.74,Needs improvement in deadlines,1.0,3.2,0.4,0.46,2.99
11,4,4,4.9,4.2,0.8,Good but not consistent,0.44,4.7,0.67,0.79,3.71
17,17,0,3.1,2.2,0.76,Good but not consistent,0.48,4.9,0.56,0.91,3.92
14,5,2,3.7,3.1,0.62,Excellent performance and teamwork,0.76,4.5,0.78,0.84,3.11
18,13,4,2.7,2.9,0.93,Outstanding contribution,0.51,3.2,0.61,0.49,3.31
16,13,2,2.7,4.2,0.96,Outstanding contribution,0.93,5.0,0.92,1.0,4.08
19,12,3,2.9,2.1,0.64,Needs improvement in deadlines,0.66,3.9,0.75,0.54,3.05
11,7,1,2.9,3.6,0.97,Excellent performance and teamwork,0.91,3.4,0.4,0.44,3.42
7,7,0,4.3,4.3,0.62,Outstanding contribution,0.52,3.7,0.38,0.92,4.27
11,2,2,2.9,2.1,0.83,Outstanding contribution,0.88,2.8,0.75,0.79,2.25
11,5,5,4.5,4.8,0.98,Outstanding contribution,0.53,3.9,0.67,0.59,3.81
18,15,3,2.5,4.9,0.83,Very committed and reliable,0.72,3.9,0.55,0.6,3.92
17,16,0,3.3,2.3,0.69,Excellent performance and teamwork,0.49,3.4,0.72,0.84,3.56
18,1,6,2.9,3.2,0.66,Outstanding contribution,0.65,2.7,0.78,0.72,2.17
13,10,2,2.8,4.7,0.94,Good but not consistent,0.71,2.5,0.37,0.53,3.62
15,6,8,4.3,4.9,0.68,Outstanding contribution,0.66,3.3,0.62,0.86,3.44
7,0,0,3.6,4.1,0.84,Outstanding contribution,0.57,4.8,0.53,0.41,2.92
6,0,0,3.0,2.9,0.65,Needs improvement in deadlines,0.71,4.5,0.63,0.68,2.41
11,11,0,2.3,2.2,0.75,Needs improvement in deadlines,0.83,2.6,0.56,0.52,3.29
15,10,3,4.3,3.9,0.79,Very committed and reliable,0.55,4.5,0.42,0.52,3.93
10,4,0,4.7,3.4,0.78,Late submission and weak teamwork,0.67,4.2,0.5,0.57,3.45
12,8,3,3.3,4.5,0.96,Outstanding contribution,0.92,3.1,0.89,0.68,3.66
5,4,1,2.4,4.1,0.9,Excellent performance and teamwork,0.76,2.8,0.51,0.78,3.51
12,9,3,2.8,3.5,0.89,Outstanding contribution,0.75,3.3,0.56,0.47,3.49
12,6,6,3.8,4.4,0.78,Outstanding contribution,0.79,4.8,0.84,0.97,3.74
6,0,5,4.4,4.7,0.98,Outstanding contribution,0.87,3.8,0.42,0.56,3.07
20,19,0,4.7,4.9,0.67,Needs improvement in deadlines,0.51,2.9,0.7,0.49,4.26
13,12,0,3.0,2.8,0.62,Good but not consistent,0.9,4.3,0.48,0.64,3.71
7,6,1,3.3,2.1,0.63,Very committed and reliable,0.84,2.7,0.68,0.42,3.22
14,1,3,3.1,4.3,0.86,Excellent performance and teamwork,0.84,3.8,0.92,0.84,2.78
17,4,0,4.1,3.6,0.66,Needs improvement in deadlines,0.99,4.9,0.97,0.58,3.2
12,1,1,3.3,2.0,0.63,Late submission and weak teamwork,0.85,3.6,0.66,0.62,2.22
18,13,4,4.7,4.6,0.86,Good but not consistent,0.88,4.2,0.95,0.97,4.21
7,4,3,3.6,2.6,0.98,Late submission and weak teamwork,0.72,4.9,0.5,0.91,3.57
9,5,0,2.1,2.2,0.6,Needs improvement in deadlines,0.41,3.9,0.33,0.93,2.77
19,16,0,2.8,4.8,0.71,Outstanding contribution,0.86,2.5,0.58,0.47,3.64
9,9,0,4.2,4.9,0.98,Needs improvement in deadlines,0.81,4.5,0.44,0.57,4.71
17,10,1,5.0,3.6,0.82,Needs improvement in deadlines,0.66,4.9,0.47,0.78,3.99
5,2,3,2.9,2.7,0.91,Outstanding contribution,0.48,4.6,0.81,0.42,3.09
7,1,2,2.6,3.6,0.92,Excellent performance and teamwork,0.94,2.8,0.6,0.87,2.47
7,3,2,4.0,4.9,0.65,Needs improvement in deadlines,0.81,3.1,0.32,0.86,3.37
20,13,0,4.6,4.3,0.63,Excellent performance and teamwork,0.83,2.5,0.91,0.74,3.57
14,8,4,2.4,4.7,0.67,Needs improvement in deadlines,0.85,2.7,0.67,0.55,3.15
10,2,5,2.2,3.8,0.98,Excellent performance and teamwork,0.76,2.8,0.42,0.43,2.55
20,9,7,3.4,3.4,0.96,Excellent performance and teamwork,0.91,3.0,0.64,0.8,3.12
7,1,5,2.5,2.9,0.74,Late submission and weak teamwork,0.72,4.3,0.55,0.93,2.52
8,1,1,2.9,3.1,0.66,Good but not consistent,0.62,3.9,0.65,0.56,2.5
13,13,0,2.1,3.7,0.72,Needs improvement in deadlines,0.66,4.2,0.74,0.92,3.86
16,15,1,3.4,3.1,0.71,Outstanding contribution,0.99,3.4,0.99,0.47,3.74
14,6,3,2.6,3.2,0.78,Needs improvement in deadlines,0.88,2.7,0.41,0.52,2.73
15,4,4,2.9,2.5,0.79,Good but not consistent,0.94,4.8,0.57,0.57,2.83
5,3,0,4.1,3.3,0.9,Excellent performance and teamwork,0.79,3.6,0.98,0.64,3.55
5,1,4,2.5,3.7,0.84,Very committed and reliable,0.92,4.8,0.48,0.7,2.92
6,2,0,2.2,4.1,0.8,Very committed and reliable,0.51,4.5,0.41,0.57,3.06
7,6,1,2.0,3.8,0.89,Outstanding contribution,0.65,2.8,0.62,0.77,3.45
8,4,1,3.2,2.7,0.73,Late submission and weak teamwork,0.99,3.4,0.73,0.76,2.98
17,17,0,3.1,2.8,0.65,Good but not consistent,0.59,2.6,0.31,0.93,3.53
14,10,0,4.7,4.0,0.86,Very committed and reliable,0.94,5.0,0.92,0.69,4.24
6,5,1,4.5,3.6,0.99,Outstanding contribution,0.5,4.7,0.88,0.74,4.31
8,5,2,4.7,3.0,0.76,Good but not consistent,0.83,3.4,0.46,0.41,3.54
19,19,0,2.3,2.4,0.96,Needs improvement in deadlines,0.49,4.2,0.76,0.88,3.76
13,10,1,2.5,4.7,0.77,Excellent performance and teamwork,0.42,3.6,0.6,0.41,3.7
16,3,0,2.4,3.1,0.87,Needs improvement in deadlines,0.43,4.9,0.69,0.42,2.8
10,5,1,2.2,4.5,0.91,Outstanding contribution,0.93,3.3,0.82,0.67,3.21
20,11,2,2.4,3.2,0.69,Outstanding contribution,0.69,3.7,0.64,0.49,3.03
6,4,1,2.3,3.9,0.94,Good but not consistent,0.45,4.4,0.44,0.61,3.59
16,2,1,3.8,3.3,0.81,Late submission and weak teamwork,0.64,3.0,0.51,0.66,2.61
5,2,1,2.1,4.5,0.72,Excellent performance and teamwork,0.92,4.6,0.31,0.96,3.2
17,17,0,3.8,2.1,0.7,Late submission and weak teamwork,0.93,3.9,0.94,0.52,3.81
16,8,4,4.0,2.9,0.62,Outstanding contribution,0.71,4.3,0.47,0.98,3.3
6,5,0,3.8,3.7,0.6,Good but not consistent,0.94,4.9,0.69,0.91,4.03
17,12,1,3.5,2.9,0.61,Excellent performance and teamwork,0.92,3.5,0.49,0.55,3.34
19,0,5,4.5,3.9,0.86,Excellent performance and teamwork,0.65,4.1,0.36,0.42,2.93
9,9,0,3.5,3.0,0.92,Late submission and weak teamwork,0.71,4.0,0.53,0.79,4.06
10,4,3,3.8,2.5,0.77,Late submission and weak teamwork,0.55,4.1,0.71,0.47,3.06
16,3,2,2.6,4.9,0.65,Outstanding contribution,0.47,4.8,0.74,0.65,3.07
9,7,2,2.2,3.5,0.73,Good but not consistent,0.42,4.3,0.66,0.76,3.53
6,5,1,4.2,4.6,0.88,Excellent performance and teamwork,0.87,3.2,0.85,0.47,4.09
16,9,6,4.8,2.6,0.77,Outstanding contribution,0.76,3.6,0.44,0.55,3.43
16,13,2,4.8,3.6,0.79,Very committed and reliable,0.41,4.4,0.95,0.44,4.17
17,12,1,3.2,2.3,0.7,Excellent performance and teamwork,0.73,4.7,0.84,0.44,3.45
9,6,3,3.4,2.6,0.63,Late submission and weak teamwork,0.62,2.7,0.9,0.73,3.06
12,2,4,4.2,3.3,0.89,Late submission and weak teamwork,0.82,4.8,0.85,0.48,3.16
13,7,4,2.9,3.6,0.81,Outstanding contribution,0.97,4.7,0.5,0.7,3.45
15,12,2,4.4,3.0,0.91,Outstanding contribution,0.82,2.6,0.35,0.45,3.66
14,0,8,3.1,3.4,0.67,Outstanding contribution,0.79,4.7,0.94,0.97,2.58
5,0,5,2.0,2.6,0.81,Good but not consistent,0.8,4.8,0.79,0.43,2.29
14,3,11,2.6,4.1,0.71,Very committed and reliable,0.53,4.7,0.79,0.68,2.96
20,3,7,4.5,3.0,0.74,Very committed and reliable,0.92,4.1,0.9,0.52,2.92
16,0,16,2.5,3.0,0.9,Late submission and weak teamwork,0.51,4.2,0.44,0.63,2.39
15,10,1,4.6,2.5,0.85,Good but not consistent,0.84,3.4,0.63,0.75,3.52
11,7,1,3.3,2.3,0.64,Late submission and weak teamwork,0.65,4.9,0.5,0.91,3.37
15,6,5,3.6,2.1,0.98,Excellent performance and teamwork,0.93,3.4,0.93,0.86,2.91
10,8,2,3.8,3.3,0.69,Very committed and reliable,0.51,4.4,0.42,1.0,3.84
12,7,2,2.0,4.4,0.73,Good but not consistent,0.48,2.6,0.35,0.7,3.04
6,0,0,4.1,4.4,0.9,Late submission and weak teamwork,0.68,2.7,0.41,0.77,2.69
14,3,0,4.4,4.0,0.78,Needs improvement in deadlines,0.59,4.9,0.75,0.78,3.37
15,15,0,4.0,4.1,0.8,Outstanding contribution,0.88,2.9,0.68,0.94,4.1
11,2,4,2.7,4.4,0.84,Outstanding contribution,0.65,4.4,0.63,0.73,2.99
20,13,6,2.6,2.1,0.92,Outstanding contribution,0.51,4.3,0.69,0.46,3.23
19,12,3,3.6,2.9,0.98,Outstanding contribution,0.88,3.4,0.81,0.41,3.42
14,4,7,3.3,4.0,0.82,Needs improvement in deadlines,0.82,4.0,0.88,0.65,3.1
9,5,0,5.0,2.8,0.96,Good but not consistent,0.46,3.6,0.82,0.62,3.59
7,2,3,4.0,4.3,0.97,Very committed and reliable,0.99,3.1,0.4,0.92,3.19
19,11,4,2.7,4.6,0.65,Very committed and reliable,0.89,4.9,0.51,0.47,3.63
20,0,10,4.2,4.8,0.99,Good but not consistent,0.6,3.6,0.6,0.84,3.02
6,1,5,3.0,4.2,0.78,Very committed and reliable,0.55,2.9,0.84,0.73,2.66
17,9,8,4.9,4.1,0.62,Very committed and reliable,0.5,3.4,0.94,1.0,3.58
19,1,13,2.1,4.1,0.82,Outstanding contribution,0.71,2.8,0.57,0.92,2.29
10,2,5,4.0,2.6,0.92,Late submission and weak teamwork,0.87,4.1,0.77,0.51,2.9
15,8,5,3.1,3.9,0.9,Needs improvement in deadlines,0.88,4.7,0.73,0.69,3.59
13,11,2,2.5,4.5,0.63,Excellent performance and teamwork,0.51,3.3,0.63,0.64,3.64
17,12,2,2.7,2.5,0.94,Excellent performance and teamwork,0.98,3.1,0.82,0.96,3.19
17,11,1,4.6,4.3,0.96,Late submission and weak teamwork,0.5,4.9,0.34,0.99,4.21
17,9,8,2.5,2.9,0.7,Outstanding contribution,0.42,4.3,0.47,0.46,3.08
5,4,0,4.1,2.4,0.68,Needs improvement in deadlines,0.86,2.6,0.77,0.95,3.36
14,7,4,3.6,4.4,0.6,Very committed and reliable,0.65,4.9,0.31,0.77,3.63
6,1,0,4.0,2.7,0.72,Good but not consistent,0.81,4.6,0.88,0.69,2.87
13,8,5,2.6,4.0,0.68,Good but not consistent,0.48,3.5,0.8,0.54,3.28
18,10,1,4.9,3.3,0.77,Good but not consistent,0.5,3.8,0.7,0.7,3.62
20,9,5,4.1,4.5,0.93,Good but not consistent,0.5,3.7,0.78,0.86,3.6
19,6,3,2.3,3.9,0.97,Excellent performance and teamwork,0.69,2.9,0.97,0.81,2.78
11,7,3,2.5,4.9,0.6,Excellent performance and teamwork,0.92,2.7,0.37,0.57,3.27
9,5,4,3.2,3.3,0.88,Outstanding contribution,0.8,3.9,0.53,0.97,3.35
11,3,0,2.2,2.6,0.99,Outstanding contribution,0.87,3.8,0.81,0.56,2.62
14,0,9,2.5,4.7,0.88,Outstanding contribution,0.64,3.0,0.56,0.85,2.48
13,10,0,4.0,3.1,0.93,Late submission and weak teamwork,0.96,4.9,0.8,0.98,4.02
16,6,10,4.3,4.7,0.74,Excellent performance and teamwork,0.92,4.2,0.61,0.66,3.57
5,0,0,2.4,4.3,0.85,Outstanding contribution,0.94,3.0,0.56,0.48,2.37
13,1,11,4.4,3.3,0.69,Excellent performance and teamwork,0.97,4.0,0.67,0.61,2.8
16,10,6,3.2,2.5,0.77,Very committed and reliable,0.89,3.6,0.35,0.88,3.18
7,6,1,4.5,3.9,0.92,Outstanding contribution,0.66,2.8,0.46,0.78,3.99
6,5,1,2.4,3.1,0.77,Excellent performance and teamwork,0.78,3.1,0.39,0.95,3.36
5,5,0,4.8,5.0,0.93,Very committed and reliable,0.43,3.4,0.92,0.93,4.6
18,12,3,2.0,4.4,0.65,Outstanding contribution,0.81,3.7,0.9,0.97,3.35
11,10,0,3.9,2.6,0.81,Outstanding contribution,0.47,2.9,0.91,0.78,3.65
14,8,3,4.0,3.4,0.94,Very committed and reliable,0.7,5.0,0.77,0.45,3.81
8,2,3,3.3,2.3,0.63,Good but not consistent,0.7,2.7,0.61,0.52,2.35
17,17,0,4.4,4.2,0.65,Very committed and reliable,0.92,3.1,0.64,0.53,4.17
19,9,4,4.9,3.6,0.8,Very committed and reliable,0.84,4.2,0.38,0.91,3.65
14,10,2,2.5,4.7,0.78,Outstanding contribution,0.67,4.3,0.92,0.61,3.76
6,6,0,3.9,2.4,0.9,Needs improvement in deadlines,0.65,4.7,0.85,0.65,4.15
19,16,3,4.4,4.0,0.92,Outstanding contribution,0.71,4.2,0.46,0.75,4.24
19,19,0,2.7,3.2,0.84,Excellent performance and teamwork,0.82,3.6,0.41,0.43,3.82
6,0,1,3.6,2.1,0.62,Outstanding contribution,0.55,2.8,0.56,0.5,2.01
15,15,0,4.7,3.2,0.72,Good but not consistent,0.43,3.8,0.41,0.95,4.2
12,4,6,2.2,4.5,0.76,Good but not consistent,0.79,4.5,0.45,0.56,3.12
6,3,3,4.3,2.9,0.63,Late submission and weak teamwork,0.93,2.8,0.96,0.97,3.06
8,8,0,2.7,2.3,0.85,Late submission and weak teamwork,0.9,3.6,0.61,0.63,3.65
7,3,4,4.8,4.5,0.82,Good but not consistent,0.87,3.3,0.67,0.7,3.57
16,11,1,2.4,3.1,0.76,Needs improvement in deadlines,0.5,2.6,0.71,0.67,3.03
5,3,0,2.8,2.9,0.83,Good but not consistent,0.99,3.6,0.45,0.91,3.18
16,8,2,2.6,3.9,0.72,Needs improvement in deadlines,0.48,3.3,0.54,0.5,3.07
19,8,11,4.1,3.3,0.94,Excellent performance and teamwork,0.44,3.7,0.6,0.93,3.32
13,4,9,2.8,4.8,0.84,Outstanding contribution,0.71,4.3,0.7,0.93,3.26
12,5,1,4.3,4.8,0.94,Very committed and reliable,0.91,2.7,0.96,0.43,3.46
16,16,0,2.9,3.9,0.64,Very committed and reliable,0.51,3.6,0.68,0.43,3.9
12,2,8,3.5,2.4,0.67,Very committed and reliable,0.63,5.0,0.7,0.92,2.77
6,1,3,3.5,3.0,0.75,Outstanding contribution,0.49,4.0,0.69,0.99,2.73
10,0,0,4.7,4.9,0.84,Good but not consistent,0.9,2.6,0.56,0.45,2.86
10,0,1,2.2,4.1,0.8,Needs improvement in deadlines,0.8,4.4,0.68,0.73,2.54
16,5,5,4.2,3.0,0.68,Very committed and reliable,0.49,3.0,0.54,0.78,2.85
12,5,2,3.1,3.2,0.71,Needs improvement in deadlines,0.9,2.9,0.9,0.9,2.82
19,14,1,2.5,4.3,0.7,Needs improvement in deadlines,0.5,4.6,0.52,0.69,3.74
19,15,1,3.6,4.3,0.91,Very committed and reliable,0.94,4.0,0.68,0.77,4.02
18,5,11,3.6,3.3,0.61,Late submission and weak teamwork,0.43,4.4,0.69,0.49,2.98
6,1,5,3.1,3.0,0.96,Late submission and weak teamwork,1.0,2.5,0.86,0.49,2.45
14,11,2,4.5,5.0,0.73,Very committed and reliable,0.7,3.1,0.42,0.86,4.06
9,5,1,4.3,2.9,0.94,Very committed and reliable,0.92,3.5,0.64,0.55,3.44
14,3,5,2.1,4.1,0.68,Outstanding contribution,0.71,2.9,0.33,0.42,2.48
19,1,2,2.7,4.5,0.69,Outstanding contribution,0.54,4.8,0.45,0.66,2.82
18,8,0,3.2,3.4,0.89,Very committed and reliable,0.81,4.0,0.83,0.93,3.23
15,8,4,2.2,3.0,0.64,Good but not consistent,0.63,3.3,0.98,0.53,2.82
12,12,0,3.5,4.7,0.73,Outstanding contribution,0.49,4.1,0.83,0.82,4.33
14,12,1,4.3,4.8,0.94,Good but not consistent,0.54,4.8,0.85,0.52,4.54
12,4,8,2.3,3.0,0.64,Outstanding contribution,0.97,3.4,0.42,0.52,2.56
18,9,2,4.3,3.9,0.77,Outstanding contribution,0.7,3.3,0.7,0.43,3.44
10,9,0,2.4,2.7,0.73,Excellent performance and teamwork,0.43,2.7,0.84,0.95,3.28
10,5,5,3.7,3.1,0.96,Good but not consistent,0.93,4.4,0.91,0.76,3.47
15,7,1,3.6,2.5,0.75,Good but not consistent,0.67,4.1,0.33,0.86,3.11
16,16,0,3.5,2.7,0.8,Late submission and weak teamwork,0.91,4.1,0.94,0.88,3.96
15,1,6,3.2,4.5,0.65,Outstanding contribution,0.72,2.7,0.92,0.46,2.5
15,6,7,3.2,4.0,0.82,Very committed and reliable,0.95,4.2,0.9,0.58,3.29
6,6,0,4.4,3.9,0.74,Late submission and weak teamwork,0.95,3.6,0.71,0.65,4.25
5,5,0,3.3,2.7,1.0,Good but not consistent,0.79,3.7,0.42,0.5,3.94
17,15,2,2.7,3.0,0.68,Late submission and weak teamwork,0.64,3.1,0.32,0.88,3.42
5,3,1,2.4,3.4,0.74,Needs improvement in deadlines,0.68,4.3,0.84,0.43,3.29
14,4,9,5.0,5.0,0.97,Needs improvement in deadlines,0.94,3.8,0.45,0.57,3.67
12,3,9,4.2,4.1,0.87,Very committed and reliable,0.88,3.7,0.65,0.55,3.21
8,5,1,4.4,2.9,0.78,Good but not consistent,0.95,3.2,0.65,0.94,3.43
14,2,0,4.5,2.6,0.67,Good but not consistent,0.95,3.2,0.97,0.89,2.61
16,6,4,3.3,3.1,0.64,Good but not consistent,0.58,2.5,0.91,0.71,2.66
18,7,4,2.7,4.7,0.63,Very committed and reliable,0.74,4.6,0.96,0.64,3.3
6,4,2,3.3,4.7,0.63,Good but not consistent,0.63,5.0,0.44,0.57,3.92
12,6,5,4.8,2.1,0.62,Excellent performance and teamwork,0.84,3.2,0.88,0.96,3.08
20,17,3,4.3,4.6,0.72,Good but not consistent,0.41,4.8,0.7,0.41,4.38
10,9,1,4.1,2.6,0.64,Good but not consistent,0.94,3.3,0.99,0.88,3.67
6,3,2,4.7,4.4,0.69,Very committed and reliable,0.42,2.9,0.73,0.92,3.5
15,2,1,4.6,4.0,0.69,Good but not consistent,0.66,4.5,0.68,0.94,3.16
9,5,3,4.8,2.9,0.75,Excellent performance and teamwork,0.96,3.4,0.48,0.48,3.43
9,3,5,3.6,2.8,0.62,Very committed and reliable,0.6,3.7,0.87,0.48,2.83
8,3,3,2.5,2.5,0.7,Needs improvement in deadlines,0.77,4.8,0.76,0.99,2.87
19,2,8,3.6,2.3,0.88,Good but not consistent,0.82,3.9,0.37,0.9,2.56
14,14,0,3.9,4.1,0.93,Late submission and weak teamwork,0.85,3.3,0.48,0.89,4.23
15,12,3,3.4,3.2,0.88,Excellent performance and teamwork,0.44,4.3,0.85,0.41,3.82
16,0,1,4.4,4.8,0.7,Excellent performance and teamwork,0.64,4.3,0.4,0.41,3.05
9,1,8,3.7,3.8,0.83,Good but not consistent,0.51,4.7,0.49,0.48,3.02
8,0,5,3.1,3.0,0.91,Outstanding contribution,0.49,3.3,0.44,0.69,2.34
8,7,0,3.8,3.6,0.74,Outstanding contribution,0.85,4.5,0.63,0.6,4.06
14,13,0,2.3,3.9,0.79,Excellent performance and teamwork,0.88,3.6,0.54,0.44,3.75
6,2,2,3.3,4.0,0.81,Excellent performance and teamwork,0.78,3.0,0.52,0.98,2.97
13,7,4,3.0,2.7,0.63,Good but not consistent,0.8,3.6,0.95,0.55,2.98
10,1,0,2.7,3.5,0.91,Good but not consistent,0.72,2.8,0.39,0.97,2.41
18,5,3,4.4,4.9,0.71,Very committed and reliable,0.73,4.5,0.86,0.61,3.53
18,8,10,2.6,2.1,0.9,Very committed and reliable,0.59,3.9,0.45,0.6,2.84
20,15,5,2.7,5.0,0.78,Late submission and weak teamwork,0.49,3.4,0.44,0.44,3.74
6,3,0,2.7,4.3,0.81,Needs improvement in deadlines,0.85,3.4,0.67,0.52,3.24
17,10,1,4.0,3.9,0.6,Very committed and reliable,0.45,4.5,0.31,0.65,3.66
9,9,0,2.0,3.4,0.8,Needs improvement in deadlines,0.43,4.4,0.36,0.79,3.86
16,0,2,3.5,4.5,0.82,Very committed and reliable,0.63,4.0,0.85,0.76,2.81
15,1,11,3.7,4.9,0.81,Good but not consistent,0.52,4.5,0.65,0.63,3.13
8,0,2,2.1,3.4,0.95,Excellent performance and teamwork,0.65,4.7,0.92,0.48,2.52
15,3,7,4.4,2.5,0.77,Very committed and reliable,0.99,3.5,0.68,0.5,2.77
7,2,2,4.1,4.1,0.85,Very committed and reliable,0.95,3.9,0.65,0.5,3.27
6,2,1,3.3,4.9,0.6,Good but not consistent,0.84,4.0,0.59,0.97,3.24
18,17,0,3.7,3.7,0.61,Good but not consistent,0.68,2.7,0.93,0.49,3.74
5,3,0,4.5,4.2,0.67,Late submission and weak teamwork,0.61,2.9,0.49,0.69,3.55
5,5,0,4.8,4.0,0.95,Very committed and reliable,0.75,4.3,0.74,0.95,4.59
8,7,1,4.4,3.1,0.95,Good but not consistent,0.82,4.9,0.66,0.42,4.27
6,2,1,3.2,3.3,0.66,Needs improvement in deadlines,0.51,3.6,0.95,0.63,2.85
14,11,3,2.8,3.3,0.93,Good but not consistent,0.58,3.8,0.71,0.54,3.62
18,0,18,2.7,4.3,0.67,Good but not consistent,0.99,4.2,0.73,0.71,2.58
20,13,3,2.4,3.2,0.98,Good but not consistent,0.76,4.5,0.82,0.8,3.48
18,4,2,3.9,3.3,0.97,Late submission and weak teamwork,0.6,4.8,0.55,0.4,3.22
19,6,3,4.7,2.6,0.71,Outstanding contribution,0.88,2.6,0.85,0.78,2.81
16,8,8,4.6,3.5,0.96,Excellent performance and teamwork,0.69,3.0,0.3,0.82,3.45
5,4,1,3.3,4.5,0.96,Late submission and weak teamwork,0.87,3.1,0.73,0.42,3.86
14,0,7,2.1,2.4,0.87,Outstanding contribution,0.5,4.8,0.81,0.94,2.29
5,0,0,2.9,3.6,0.93,Excellent performance and teamwork,0.43,3.5,0.41,0.91,2.47
19,10,4,2.6,3.8,0.78,Outstanding contribution,0.46,2.8,0.59,0.59,3.02
17,9,5,2.8,2.6,0.8,Outstanding contribution,0.84,4.1,0.36,0.82,3.09
16,4,9,2.9,3.7,0.9,Good but not consistent,0.6,4.3,0.32,0.56,3.0
15,8,6,3.3,2.9,0.82,Late submission and weak teamwork,0.93,3.6,0.83,0.9,3.17
19,0,3,4.2,2.3,0.65,Good but not consistent,0.68,4.6,0.97,0.81,2.54
6,5,1,2.6,4.2,0.75,Very committed and reliable,0.82,4.9,0.56,0.52,3.97
17,13,1,4.7,2.0,0.78,Very committed and reliable,0.9,2.5,0.39,0.68,3.38
9,7,0,4.8,2.1,0.72,Very committed and reliable,0.87,2.6,0.31,0.46,3.43
14,14,0,3.1,4.2,0.84,Outstanding contribution,0.82,3.5,0.38,0.64,4.08
20,6,0,4.4,2.9,0.86,Outstanding contribution,0.42,2.8,0.31,0.55,2.9
15,4,9,2.1,4.9,0.97,Needs improvement in deadlines,0.58,3.4,0.65,0.71,2.97
20,16,3,3.9,2.4,0.94,Good but not consistent,0.42,4.0,0.72,0.53,3.73
14,10,3,3.1,2.1,0.76,Outstanding contribution,0.74,3.8,0.53,0.69,3.25
12,0,2,4.4,4.3,0.7,Late submission and weak teamwork,0.81,2.7,0.48,0.96,2.63
9,6,2,3.1,2.1,0.99,Excellent performance and teamwork,0.45,2.7,0.75,1.0,3.08
14,10,3,3.1,4.5,0.64,Excellent performance and teamwork,0.58,2.5,0.5,0.52,3.41
16,4,7,4.7,3.2,0.78,Needs improvement in deadlines,0.96,4.1,0.65,0.7,3.17
8,0,2,2.2,3.2,0.78,Needs improvement in deadlines,0.6,3.5,0.7,0.87,2.17
15,3,6,3.2,2.4,0.99,Very committed and reliable,0.43,3.9,0.43,0.86,2.7
17,5,5,2.7,4.7,0.65,Very committed and reliable,0.63,5.0,0.7,0.68,3.25
19,8,4,3.7,3.9,0.91,Needs improvement in deadlines,0.74,2.9,0.62,0.81,3.19
20,19,1,4.7,3.8,0.61,Very committed and reliable,0.61,4.4,0.38,0.69,4.31
11,11,0,4.3,4.2,0.61,Late submission and weak teamwork,0.76,4.5,0.46,0.84,4.41
18,6,0,2.3,2.5,1.0,Good but not consistent,0.61,3.1,0.51,0.95,2.58
11,6,5,4.0,4.5,0.89,Outstanding contribution,0.81,4.7,0.66,0.93,3.9
20,14,6,2.1,4.5,0.86,Needs improvement in deadlines,0.68,2.7,0.34,0.9,3.34
20,2,0,4.4,2.4,0.98,Good but not consistent,0.52,2.9,0.84,0.46,2.58
16,4,1,3.5,4.8,0.68,Excellent performance and teamwork,0.88,4.4,0.4,0.83,3.25
8,6,2,4.4,4.6,1.0,Good but not consistent,0.56,3.9,0.96,0.82,4.21
13,2,1,3.0,2.1,0.98,Very committed and reliable,0.64,3.4,0.44,0.77,2.42
14,7,0,2.7,3.6,0.64,Needs improvement in deadlines,0.74,3.8,0.66,0.62,3.09
10,6,2,4.7,2.6,0.89,Needs improvement in deadlines,0.43,3.1,0.73,0.64,3.42
14,7,4,3.7,4.9,0.81,Outstanding contribution,0.87,2.8,0.55,0.75,3.44
15,5,9,3.4,3.6,0.76,Excellent performance and teamwork,0.56,3.0,0.35,0.72,2.88
9,1,8,2.1,3.8,0.8,Outstanding contribution,0.54,4.8,0.33,0.8,2.71
14,6,7,2.9,2.9,0.97,Late submission and weak teamwork,0.7,4.3,0.54,0.98,3.15
8,0,6,2.3,4.0,0.62,Outstanding contribution,0.54,3.7,0.53,0.71,2.31
7,3,3,4.1,3.7,0.62,Good but not consistent,0.6,4.4,0.99,0.7,3.39
6,3,3,3.9,2.8,0.7,Outstanding contribution,0.84,4.7,0.47,0.9,3.38
17,9,2,2.9,3.4,0.96,Very committed and reliable,0.85,2.9,0.51,0.56,3.11
8,3,5,4.6,4.7,0.93,Needs improvement in deadlines,0.54,2.7,0.52,0.92,3.43
19,17,2,2.5,4.2,0.67,Outstanding contribution,0.69,3.0,0.44,0.68,3.62
10,8,0,3.4,2.3,0.76,Outstanding contribution,0.55,4.9,0.97,0.62,3.7
14,12,2,2.2,3.3,0.82,Late submission and weak teamwork,0.93,4.2,0.64,0.6,3.64
14,9,3,4.2,3.0,0.66,Very committed and reliable,0.51,2.8,0.57,1.0,3.29
16,2,7,3.5,4.9,0.67,Very committed and reliable,0.67,3.9,0.46,0.84,2.98
13,8,0,2.1,2.9,0.67,Late submission and weak teamwork,0.47,4.8,0.8,0.71,3.22
16,11,4,3.7,2.7,0.89,Good but not consistent,0.61,5.0,0.78,0.99,3.76
14,10,0,3.6,3.0,0.74,Late submission and weak teamwork,0.7,4.9,0.43,0.54,3.74
14,10,2,3.9,2.1,0.68,Needs improvement in deadlines,0.49,2.5,0.44,0.75,3.11
6,4,1,3.4,4.0,0.89,Good but not consistent,0.81,3.4,1.0,0.99,3.6
10,5,1,3.2,4.1,0.95,Needs improvement in deadlines,0.49,3.5,0.84,0.58,3.39
6,5,1,3.1,4.7,0.69,Good but not consistent,0.53,2.7,0.63,0.93,3.7
8,2,0,2.1,2.1,0.64,Very committed and reliable,0.54,4.2,0.32,0.46,2.38
5,5,0,2.1,2.8,0.8,Needs improvement in deadlines,0.9,4.9,0.69,0.67,3.86
10,4,0,3.4,3.9,0.88,Very committed and reliable,0.44,2.8,0.71,0.89,3.06
6,2,1,3.1,3.4,0.79,Good but not consistent,0.75,3.7,0.7,0.89,2.94
5,0,3,4.4,4.8,0.66,Good but not consistent,0.43,4.7,0.37,0.61,3.11
13,10,3,2.7,2.1,0.8,Excellent performance and teamwork,0.87,4.6,0.94,0.74,3.43
5,5,0,4.5,3.1,0.72,Late submission and weak teamwork,0.42,3.0,0.68,0.47,3.98
15,4,4,3.5,3.6,0.74,Good but not consistent,0.59,4.8,0.67,0.81,3.15
19,5,7,4.3,4.3,0.99,Outstanding contribution,0.63,3.2,0.6,0.72,3.25
10,6,3,4.3,5.0,0.76,Outstanding contribution,0.76,3.5,0.89,0.64,3.84
11,0,11,3.7,4.7,0.82,Very committed and reliable,0.84,3.1,0.6,0.87,2.71
7,6,0,2.9,2.1,0.92,Excellent performance and teamwork,0.62,3.6,0.46,0.98,3.47
17,11,1,3.7,3.2,0.9,Outstanding contribution,0.92,4.3,0.57,0.91,3.66
19,6,12,4.5,2.9,0.72,Good but not consistent,0.66,4.9,0.61,0.52,3.29
5,4,1,4.9,4.8,0.62,Very committed and reliable,0.5,4.0,0.4,0.94,4.25
5,4,1,4.7,2.9,0.9,Outstanding contribution,0.99,2.8,0.7,0.6,3.73
11,0,11,2.1,4.8,0.95,Good but not consistent,0.93,3.5,0.34,0.97,2.56
14,14,0,4.7,3.0,0.92,Outstanding contribution,0.56,4.6,0.7,0.92,4.42
19,11,7,3.9,4.6,0.88,Outstanding contribution,0.51,3.2,0.3,0.77,3.65
10,2,4,4.9,3.1,0.7,Late submission and weak teamwork,0.97,3.1,0.87,0.44,2.87
15,6,8,3.5,3.6,0.9,Outstanding contribution,0.51,4.4,0.95,0.57,3.35
9,8,0,4.8,4.6,0.89,Late submission and weak teamwork,0.46,2.5,0.54,0.98,4.16
20,1,7,3.7,4.1,0.86,Late submission and weak teamwork,0.4,2.9,0.86,0.59,2.65
16,6,7,3.8,2.1,0.75,Good but not consistent,0.69,4.4,0.34,0.46,3.0
5,3,1,3.7,2.2,0.7,Outstanding contribution,0.57,4.5,0.45,0.61,3.33
17,4,4,2.8,3.9,0.87,Good but not consistent,0.84,4.2,0.58,0.68,2.97
11,10,0,4.0,2.7,0.69,Very committed and reliable,0.59,3.0,0.84,0.88,3.65
10,1,8,3.3,3.8,0.91,Good but not consistent,0.95,4.5,0.65,0.8,2.93
15,9,2,4.3,3.6,0.83,Good but not consistent,0.49,4.5,0.45,0.47,3.79
16,2,2,3.0,4.6,0.79,Excellent performance and teamwork,0.97,3.4,0.32,0.64,2.78
20,3,8,2.3,3.0,0.73,Very committed and reliable,0.51,4.4,0.45,0.98,2.53
20,19,1,2.2,2.5,0.81,Good but not consistent,0.57,3.6,0.51,0.55,3.49
15,6,2,3.1,3.1,0.61,Excellent performance and teamwork,0.52,4.1,0.36,0.85,2.97
20,19,0,3.7,2.7,0.94,Late submission and weak teamwork,0.63,3.1,0.62,0.47,3.79
6,5,0,3.3,3.1,0.65,Good but not consistent,0.51,4.9,0.71,0.41,3.84
10,9,0,3.3,2.5,0.98,Outstanding contribution,0.92,2.9,0.43,0.88,3.58
11,5,1,3.3,2.4,0.86,Excellent performance and teamwork,0.83,4.6,0.63,0.91,3.17
8,6,2,4.1,2.5,0.73,Late submission and weak teamwork,0.93,3.5,0.32,0.66,3.51
15,4,1,4.2,4.6,0.83,Very committed and reliable,0.43,3.0,0.49,0.58,3.18
7,2,1,3.9,3.5,0.78,Outstanding contribution,0.56,4.2,0.36,0.56,3.14
15,1,10,2.8,3.7,0.77,Good but not consistent,0.48,4.3,0.69,0.47,2.65
14,13,0,4.7,3.2,0.78,Good but not consistent,1.0,3.8,0.56,0.67,4.12
20,11,4,2.6,3.7,0.84,Needs improvement in deadlines,0.96,4.3,0.63,0.76,3.37
19,13,0,2.9,4.1,0.86,Needs improvement in deadlines,0.8,3.9,0.95,0.88,3.64
17,13,3,3.3,4.8,0.62,Very committed and reliable,0.67,4.2,0.84,0.68,3.92
6,4,2,3.6,4.1,0.83,Excellent performance and teamwork,0.62,4.7,0.57,0.48,3.9
17,17,0,4.8,3.6,0.66,Needs improvement in deadlines,0.66,3.8,0.51,0.62,4.27
15,15,0,3.5,2.2,0.71,Very committed and reliable,0.66,4.4,0.84,0.76,3.88
6,5,1,4.6,4.8,0.84,Very committed and reliable,0.51,4.7,0.72,0.53,4.49
12,4,7,2.4,2.1,0.7,Late submission and weak teamwork,0.8,3.0,0.73,0.69,2.35
10,2,4,2.2,3.3,0.77,Good but not consistent,0.94,4.7,0.89,0.76,2.73
5,5,0,3.3,3.6,0.64,Outstanding contribution,0.5,4.5,0.64,0.91,4.1
16,16,0,3.9,2.4,0.6,Needs improvement in deadlines,0.67,4.9,0.59,0.93,4.04
14,8,1,4.4,4.4,0.62,Outstanding contribution,0.62,4.5,0.71,0.54,3.83
16,1,13,4.2,3.5,0.91,Good but not consistent,0.66,2.7,0.71,0.74,2.63
7,2,4,3.3,2.7,0.99,Needs improvement in deadlines,0.41,4.9,0.72,0.52,3.1
19,1,3,4.9,3.4,0.81,Needs improvement in deadlines,0.42,4.5,0.48,0.82,3.04
16,11,5,2.4,4.4,0.81,Very committed and reliable,0.93,4.1,0.54,0.51,3.62
7,3,1,3.3,3.6,0.71,Very committed and reliable,0.99,3.3,0.87,0.45,3.04
12,9,3,4.4,3.5,0.6,Needs improvement in deadlines,0.91,4.1,0.79,0.78,3.82
18,16,0,3.6,2.9,0.62,Excellent performance and teamwork,0.92,4.0,0.95,0.71,3.74
11,8,0,4.3,3.4,0.63,Good but not consistent,0.66,4.8,0.68,0.76,3.91
17,14,1,2.7,3.2,0.6,Excellent performance and teamwork,0.92,4.1,0.66,0.78,3.54
12,4,2,4.4,4.6,0.88,Outstanding contribution,0.57,4.1,0.78,0.53,3.56
17,10,5,2.5,4.9,0.83,Needs improvement in deadlines,0.88,3.3,0.33,0.96,3.44
9,5,1,4.9,2.5,0.62,Good but not consistent,0.95,3.9,0.67,1.0,3.4
7,2,4,3.4,2.7,0.86,Needs improvement in deadlines,0.51,3.4,0.3,0.52,2.76
5,1,4,2.1,4.7,0.77,Excellent performance and teamwork,0.58,3.2,0.74,0.61,2.69
16,11,2,2.4,2.6,0.99,Late submission and weak teamwork,0.49,3.8,0.69,0.76,3.29
9,8,0,3.8,3.3,0.6,Excellent performance and teamwork,0.71,2.5,0.43,0.54,3.55
9,1,0,3.4,2.8,0.97,Needs improvement in deadlines,0.96,3.7,0.78,0.47,2.63
16,0,6,2.7,3.0,0.88,Excellent performance and teamwork,0.41,4.0,0.4,0.99,2.38
9,2,6,2.1,4.7,0.79,Very committed and reliable,0.63,4.1,0.87,0.97,2.91
5,3,0,5.0,3.1,0.6,Needs improvement in deadlines,0.82,2.9,0.4,0.87,3.4
5,4,0,3.9,4.5,0.84,Excellent performance and teamwork,0.42,2.7,0.69,0.72,3.84
16,10,5,2.5,4.0,0.77,Good but not consistent,0.57,3.5,0.85,0.98,3.32
8,6,0,2.2,3.2,0.77,Very committed and reliable,0.77,4.9,0.54,0.99,3.57
18,4,1,2.2,5.0,0.92,Outstanding contribution,0.49,3.8,0.78,0.5,2.99
12,5,7,4.6,4.8,0.85,Outstanding contribution,0.52,3.4,0.52,0.74,3.61
20,1,13,2.4,2.3,0.74,Very committed and reliable,0.88,4.5,0.72,0.65,2.28
5,5,0,2.4,3.3,0.74,Excellent performance and teamwork,0.76,3.6,0.82,0.66,3.73
8,3,3,2.0,2.7,0.8,Excellent performance and teamwork,0.83,3.6,0.38,0.47,2.62
11,2,3,4.4,3.0,0.79,Very committed and reliable,0.52,4.4,0.4,0.77,3.03
18,6,6,3.1,3.7,0.84,Outstanding contribution,0.48,3.2,0.57,0.79,2.92
17,10,7,4.8,4.7,0.96,Very committed and reliable,0.94,4.3,0.37,0.52,4.12
8,6,0,4.7,3.3,0.72,Needs improvement in deadlines,0.43,3.7,0.61,0.88,3.83
12,4,3,2.0,3.2,0.9,Late submission and weak teamwork,0.52,4.9,0.95,0.89,2.97
10,3,1,4.5,4.5,0.61,Good but not consistent,0.66,3.2,0.58,0.97,3.2
10,4,1,2.4,2.8,0.87,Needs improvement in deadlines,0.87,3.5,0.73,0.64,2.78
10,10,0,2.8,3.6,0.68,Needs improvement in deadlines,0.96,3.4,0.42,0.89,3.8
13,8,5,2.7,3.0,0.74,Good but not consistent,0.44,3.3,0.71,0.68,3.09
17,2,8,4.6,4.8,0.68,Needs improvement in deadlines,0.66,3.3,0.31,0.61,3.06
18,16,2,4.9,3.7,0.91,Excellent performance and teamwork,0.99,3.3,0.85,0.69,4.17
9,5,0,3.3,4.0,0.69,Late submission and weak teamwork,0.7,2.6,0.77,0.51,3.16
9,1,3,3.3,2.7,0.86,Good but not consistent,0.75,4.8,0.85,0.84,2.76
8,7,0,3.6,4.2,0.65,Good but not consistent,0.52,3.9,0.8,0.63,3.98
11,7,2,4.2,3.4,0.62,Good but not consistent,0.43,4.8,0.72,0.73,3.74
13,4,6,4.2,3.5,0.8,Good but not consistent,0.56,4.4,0.78,0.58,3.28
9,5,0,3.8,4.1,0.98,Very committed and reliable,0.57,3.7,0.62,0.46,3.64
9,8,0,3.7,2.6,0.9,Very committed and reliable,0.76,4.4,0.57,0.59,3.92
16,9,1,3.1,2.1,0.94,Late submission and weak teamwork,0.76,2.9,0.88,0.81,2.93
16,7,8,2.6,3.1,0.85,Late submission and weak teamwork,0.81,3.3,0.33,0.82,2.88
18,16,2,2.4,4.7,0.67,Good but not consistent,0.61,3.4,0.72,0.65,3.77
14,9,5,3.8,2.2,0.93,Excellent performance and teamwork,0.53,2.7,0.42,0.59,3.17
14,0,3,4.6,3.7,0.76,Needs improvement in deadlines,0.55,2.7,0.98,0.6,2.58
7,7,0,4.7,4.3,0.81,Very committed and reliable,0.55,4.9,0.32,0.47,4.69
19,9,6,3.4,3.3,0.92,Good but not consistent,0.9,3.6,0.85,0.86,3.23
9,9,0,3.8,2.7,0.83,Late submission and weak teamwork,0.42,4.4,0.67,0.71,4.09
11,3,6,2.6,4.6,0.65,Excellent performance and teamwork,0.93,3.3,0.77,0.87,2.83
15,8,5,3.2,3.4,0.72,Very committed and reliable,0.65,4.7,0.8,0.83,3.42
13,11,0,3.7,5.0,0.68,Good but not consistent,0.42,2.8,0.31,0.5,3.91
10,9,1,2.9,2.3,0.67,Needs improvement in deadlines,0.61,4.6,0.93,0.96,3.65
13,10,1,2.1,4.2,0.73,Late submission and weak teamwork,0.71,4.6,0.31,0.7,3.7
12,11,1,2.3,2.7,0.8,Needs improvement in deadlines,0.73,3.2,0.35,0.63,3.42
15,15,0,4.3,4.9,0.78,Outstanding contribution,0.93,2.9,0.57,0.58,4.31
5,4,1,4.8,3.6,0.96,Excellent performance and teamwork,0.74,3.2,0.39,0.69,4.0
9,6,3,3.6,2.8,0.91,Good but not consistent,0.92,2.8,0.95,0.92,3.29
14,2,10,3.6,4.8,0.77,Good but not consistent,0.45,3.7,0.33,0.8,3.02
9,4,0,3.3,4.2,0.87,Good but not consistent,0.98,4.5,0.81,0.7,3.5
14,11,1,2.6,3.7,0.7,Very committed and reliable,0.68,2.8,0.39,0.64,3.35
15,5,9,4.1,4.8,0.73,Outstanding contribution,0.79,3.1,0.95,0.42,3.26
12,2,10,4.9,4.5,0.63,Outstanding contribution,0.46,4.0,0.39,0.66,3.25
6,5,1,3.2,2.7,0.66,Outstanding contribution,0.43,3.9,0.3,0.88,3.54
15,7,7,2.6,2.6,0.79,Late submission and weak teamwork,0.7,4.0,0.36,0.61,2.94
13,2,8,3.4,2.2,0.97,Late submission and weak teamwork,0.96,2.7,0.45,0.63,2.38
10,8,1,3.0,4.4,0.8,Very committed and reliable,0.47,2.7,0.69,0.52,3.62
18,15,1,4.5,4.5,0.66,Good but not consistent,0.44,2.5,0.75,0.41,3.88
19,14,2,4.2,3.9,0.71,Good but not consistent,0.57,3.6,0.52,0.85,3.8
6,5,1,5.0,4.1,0.77,Late submission and weak teamwork,0.43,3.9,0.9,0.63,4.24
7,3,4,4.8,4.1,0.82,Excellent performance and teamwork,0.92,4.0,0.36,0.98,3.63
17,4,11,4.3,4.7,0.62,Needs improvement in deadlines,0.99,4.0,0.43,0.5,3.26
15,12,2,3.0,3.9,0.96,Late submission and weak teamwork,0.49,3.1,0.78,0.54,3.68
20,10,7,3.4,4.4,0.98,Very committed and reliable,0.48,4.6,0.87,0.95,3.72
7,7,0,3.4,2.3,0.75,Very committed and reliable,0.69,4.6,0.91,0.79,3.94
19,17,0,4.7,3.9,0.86,Good but not consistent,0.46,2.9,0.65,0.93,4.07
11,7,4,4.1,3.6,0.94,Good but not consistent,0.96,4.4,0.63,0.87,3.84
6,5,0,2.1,2.5,0.69,Good but not consistent,0.7,3.5,0.95,0.58,3.21
7,1,5,4.9,3.8,0.98,Outstanding contribution,0.65,3.1,0.77,0.5,3.06
12,10,1,3.5,2.2,0.73,Very committed and reliable,0.47,4.0,0.64,0.82,3.55
7,7,0,2.5,3.5,0.62,Needs improvement in deadlines,0.42,4.8,0.45,0.87,3.97
12,9,2,4.5,4.0,0.78,Very committed and reliable,0.78,4.0,0.84,0.77,4.02
17,11,3,2.8,2.5,0.73,Excellent performance and teamwork,0.78,4.1,0.62,0.64,3.22
12,11,0,3.5,2.1,0.75,Needs improvement in deadlines,0.49,4.7,0.7,0.95,3.81
6,5,0,4.7,3.5,0.7,Outstanding contribution,0.91,3.0,0.77,0.58,3.84
7,6,1,2.6,3.7,0.93,Late submission and weak teamwork,0.44,4.7,0.73,0.83,3.95
9,9,0,2.5,3.3,0.74,Needs improvement in deadlines,0.64,2.6,0.4,0.58,3.55
17,8,5,4.6,2.7,0.8,Excellent performance and teamwork,0.72,4.4,0.88,0.88,3.45
19,1,16,2.1,2.8,0.65,Very committed and reliable,0.89,3.5,0.59,0.51,2.08
12,3,7,3.6,4.9,0.63,Excellent performance and teamwork,0.47,3.6,0.52,0.49,3.11
8,6,0,3.1,2.4,0.89,Good but not consistent,0.85,3.4,0.77,0.59,3.35
20,16,4,3.3,4.0,0.74,Excellent performance and teamwork,0.96,3.9,0.75,0.4,3.81
19,1,3,3.0,4.5,0.82,Needs improvement in deadlines,0.64,3.8,0.58,0.54,2.75
7,3,2,3.0,3.9,0.6,Outstanding contribution,0.55,3.9,0.45,0.41,3.1
6,0,3,2.4,4.5,0.92,Late submission and weak teamwork,0.74,4.8,0.49,0.51,2.8
6,3,3,4.1,4.1,0.76,Good but not consistent,0.81,4.2,0.97,0.51,3.61
19,14,2,2.3,2.6,0.93,Excellent performance and teamwork,0.74,4.2,0.38,0.6,3.39
9,7,0,3.0,2.8,0.97,Good but not consistent,0.79,4.5,0.41,0.75,3.71
9,6,2,4.0,4.4,0.95,Good but not consistent,0.83,4.6,0.97,0.75,4.07
8,2,1,3.1,2.3,0.62,Excellent performance and teamwork,0.87,2.8,0.41,0.9,2.33
13,6,0,3.9,3.0,0.7,Excellent performance and teamwork,0.42,4.4,0.31,0.82,3.3
5,2,3,4.2,4.7,0.82,Very committed and reliable,0.73,4.5,0.81,0.71,3.69
12,9,1,4.3,2.3,0.94,Late submission and weak teamwork,0.42,2.6,0.77,0.52,3.44
9,5,0,2.3,2.3,0.65,Needs improvement in deadlines,0.41,2.9,0.82,0.59,2.66
8,6,2,2.4,3.1,0.71,Needs improvement in deadlines,0.45,2.6,0.6,0.63,3.1
6,3,0,2.1,3.1,0.69,Outstanding contribution,0.55,4.3,0.32,0.77,2.99
19,9,10,4.5,2.4,0.66,Excellent performance and teamwork,0.59,2.8,0.58,0.67,2.98
15,14,1,3.4,3.3,0.72,Very committed and reliable,0.8,4.0,0.55,0.99,3.9
9,1,5,2.2,2.6,0.91,Very committed and reliable,0.94,4.2,0.63,0.64,2.42
16,1,2,4.1,3.5,0.73,Outstanding contribution,0.73,3.7,0.9,0.97,2.72
6,0,6,4.9,3.6,0.81,Outstanding contribution,0.61,4.4,0.9,0.59,2.99
14,14,0,3.7,3.2,0.78,Late submission and weak teamwork,0.55,4.7,0.75,0.86,4.21
12,2,9,3.6,4.3,0.63,Late submission and weak teamwork,0.7,4.0,0.68,0.44,2.95
16,0,7,3.5,3.4,0.84,Late submission and weak teamwork,0.47,3.6,0.85,0.59,2.52
8,8,0,2.4,3.7,0.96,Good but not consistent,0.72,3.1,0.77,0.78,3.82
7,0,4,3.4,2.9,0.81,Outstanding contribution,0.52,3.5,0.34,0.54,2.37
9,4,5,3.6,5.0,0.96,Needs improvement in deadlines,0.61,3.6,0.78,0.96,3.59
11,6,2,3.1,2.0,0.8,Outstanding contribution,0.66,4.8,0.67,0.55,3.2
20,13,2,4.5,2.3,0.88,Needs improvement in deadlines,0.88,4.3,0.31,0.66,3.63
15,10,5,4.2,3.5,0.82,Excellent performance and teamwork,0.88,5.0,0.56,0.85,3.95
19,3,3,4.6,3.4,0.62,Needs improvement in deadlines,0.95,3.8,0.58,0.85,2.91
13,9,0,4.2,4.4,0.92,Good but not consistent,0.97,5.0,0.54,0.9,4.22
19,14,1,4.1,2.7,0.65,Good but not consistent,0.94,4.1,0.71,0.5,3.61
14,14,0,4.2,2.6,0.74,Needs improvement in deadlines,0.98,2.8,0.4,0.59,3.79
16,5,5,4.5,2.4,1.0,Good but not consistent,0.97,3.9,0.77,0.65,3.13
5,0,0,2.9,2.6,0.68,Very committed and reliable,0.54,3.9,0.71,0.51,2.22
17,7,10,2.2,2.1,0.85,Outstanding contribution,0.68,4.1,0.9,0.56,2.72
7,1,6,2.4,2.7,0.97,Very committed and reliable,0.84,4.4,0.4,0.67,2.6
14,3,10,3.6,3.9,0.72,Late submission and weak teamwork,0.98,2.9,0.71,0.77,2.76
12,11,1,3.4,4.2,0.9,Good but not consistent,0.89,4.7,0.95,0.62,4.29
20,13,3,4.7,3.7,0.87,Late submission and weak teamwork,0.79,4.0,0.39,0.48,3.89
17,15,0,2.7,4.5,0.81,Outstanding contribution,0.47,2.7,0.58,0.6,3.71
5,1,2,2.3,2.9,0.66,Needs improvement in deadlines,0.96,3.1,0.64,0.43,2.29
8,6,0,3.0,4.6,0.71,Needs improvement in deadlines,0.5,4.9,0.5,0.55,3.98
6,0,2,3.2,4.7,0.99,Very committed and reliable,0.41,4.6,0.37,0.74,3.0
5,2,2,4.4,2.9,0.83,Very committed and reliable,0.53,3.6,0.32,0.67,3.2
20,12,0,4.9,3.5,0.65,Needs improvement in deadlines,0.82,3.3,0.69,0.6,3.57
19,12,6,2.4,4.0,0.83,Excellent performance and teamwork,0.41,3.6,0.9,0.64,3.36
11,1,8,2.2,2.9,0.6,Excellent performance and teamwork,0.68,4.3,0.88,0.96,2.32
5,5,0,3.1,3.6,0.82,Excellent performance and teamwork,0.78,3.9,0.32,0.86,4.03
14,4,3,4.4,4.2,0.96,Very committed and reliable,0.67,4.0,0.46,0.65,3.43
11,1,7,2.2,3.5,0.86,Outstanding contribution,0.44,4.3,0.56,0.9,2.57
20,5,8,3.1,2.8,0.68,Excellent performance and teamwork,0.87,2.6,0.5,0.69,2.42
12,11,0,4.9,3.5,0.98,Outstanding contribution,0.51,3.4,0.34,0.98,4.22
6,3,2,3.8,2.2,0.61,Outstanding contribution,0.74,2.7,0.45,0.55,2.8
11,4,3,4.7,3.4,0.65,Excellent performance and teamwork,0.67,4.8,0.85,0.41,3.45
9,9,0,4.3,3.3,0.64,Very committed and reliable,0.59,3.5,0.41,0.97,4.04
16,11,5,4.8,2.6,0.61,Outstanding contribution,0.64,3.3,0.41,0.42,3.48
11,5,1,3.0,2.5,0.98,Good but not consistent,0.42,3.6,0.43,0.67,2.99
16,10,1,4.3,2.4,0.87,Very committed and reliable,0.88,2.6,0.59,0.91,3.23
14,2,12,3.5,3.3,0.64,Needs improvement in deadlines,0.44,2.8,0.37,0.87,2.45
12,12,0,3.3,2.2,0.88,Very committed and reliable,0.91,4.6,0.72,0.84,3.96
7,1,6,3.5,3.7,0.69,Excellent performance and teamwork,0.41,4.3,0.5,0.7,2.86
7,3,3,4.2,3.7,0.82,Good but not consistent,0.85,4.9,0.88,0.7,3.61
14,13,1,4.5,4.3,0.68,Very committed and reliable,0.52,4.5,0.99,0.67,4.39
12,10,1,2.5,2.5,1.0,Outstanding contribution,0.73,3.7,0.67,0.45,3.49
16,3,11,5.0,2.6,0.93,Very committed and reliable,0.56,3.5,0.37,0.78,2.97
6,3,2,2.6,3.9,0.71,Needs improvement in deadlines,0.45,3.7,0.5,0.78,3.15
12,4,5,4.1,4.9,0.81,Outstanding contribution,0.89,4.7,0.34,0.93,3.65
9,7,1,3.1,3.1,0.77,Needs improvement in deadlines,0.78,2.9,0.36,0.91,3.37
7,3,3,2.9,2.3,0.99,Outstanding contribution,0.83,3.4,0.7,0.76,2.86
12,3,9,4.3,2.0,0.97,Needs improvement in deadlines,0.58,4.9,0.45,0.97,3.1
13,12,1,4.0,3.6,0.86,Needs improvement in deadlines,0.9,3.9,0.67,0.44,4.11
12,6,1,2.3,4.4,0.74,Good but not consistent,0.64,2.9,0.96,0.69,3.04
16,10,3,4.3,4.0,0.99,Very committed and reliable,0.62,3.0,0.34,0.61,3.69
9,8,0,4.7,3.1,0.6,Late submission and weak teamwork,0.83,4.9,0.46,0.72,4.17
20,2,4,4.2,4.4,0.65,Needs improvement in deadlines,0.66,2.6,0.69,0.46,2.72
17,1,2,4.8,3.1,0.98,Late submission and weak teamwork,0.8,2.6,0.78,0.91,2.68
9,3,4,4.5,4.6,0.97,Late submission and weak teamwork,0.61,4.9,0.71,0.41,3.78
8,7,0,4.2,2.8,0.9,Good but not consistent,0.97,3.8,0.71,0.83,3.92
5,1,2,2.3,2.4,0.79,Needs improvement in deadlines,0.9,2.6,0.38,0.66,2.16
14,0,0,2.6,3.5,0.96,Good but not consistent,0.86,3.4,0.39,0.64,2.38
15,5,4,4.0,3.2,0.65,Outstanding contribution,0.51,2.7,0.55,0.72,2.81
9,4,2,3.3,2.6,0.89,Late submission and weak teamwork,0.82,3.3,0.82,0.9,2.95
18,10,2,5.0,3.0,0.96,Very committed and reliable,0.84,2.8,0.42,0.51,3.47
7,0,7,3.4,3.3,0.73,Late submission and weak teamwork,0.82,5.0,0.41,0.49,2.71
18,10,5,2.3,3.2,0.95,Needs improvement in deadlines,0.7,4.8,0.59,0.93,3.37
6,1,2,3.4,3.4,0.84,Late submission and weak teamwork,0.59,4.0,0.69,0.69,2.83
8,1,4,3.9,2.2,0.67,Very committed and reliable,0.45,3.0,0.85,0.41,2.34
11,8,3,2.1,3.5,0.85,Excellent performance and teamwork,0.87,3.8,0.39,0.8,3.4
19,13,4,4.1,2.5,0.8,Good but not consistent,0.66,4.5,0.45,0.65,3.65
6,3,2,2.8,4.2,0.73,Excellent performance and teamwork,0.96,4.3,0.36,0.73,3.38
19,6,3,3.5,2.2,0.84,Late submission and weak teamwork,0.55,4.7,0.46,0.8,2.97
17,12,3,3.0,2.1,0.6,Late submission and weak teamwork,0.65,4.6,0.86,0.86,3.3
19,8,9,2.1,3.4,0.83,Late submission and weak teamwork,0.96,3.2,0.89,0.66,2.79
13,13,0,3.5,2.8,0.61,Needs improvement in deadlines,0.98,3.1,0.82,0.64,3.69
10,9,0,2.6,3.9,0.89,Outstanding contribution,0.6,4.2,0.5,0.96,3.94
9,7,1,2.6,3.7,0.84,Excellent performance and teamwork,0.63,4.7,0.39,0.78,3.79
18,10,1,4.3,3.9,0.8,Very committed and reliable,0.83,3.6,0.74,0.86,3.59
15,4,0,3.8,2.8,0.98,Excellent performance and teamwork,0.93,2.6,0.75,0.72,2.73
14,9,3,4.8,4.7,0.74,Good but not consistent,0.49,3.4,0.7,0.47,3.91
12,2,6,2.9,2.3,0.82,Very committed and reliable,0.76,3.1,0.86,0.81,2.32
20,0,3,4.6,4.7,0.86,Needs improvement in deadlines,0.89,3.7,0.65,0.6,3.03
6,1,5,2.5,3.9,0.83,Late submission and weak teamwork,0.5,2.8,0.74,0.49,2.5
11,0,10,3.8,4.4,0.95,Very committed and reliable,0.47,4.7,0.85,0.49,3.06
7,7,0,4.6,2.8,0.87,Needs improvement in deadlines,0.52,4.1,0.99,0.99,4.24
7,7,0,2.8,4.3,0.9,Late submission and weak teamwork,0.58,3.2,0.94,0.48,4.01
6,1,0,2.1,5.0,0.7,Good but not consistent,0.58,4.7,0.47,0.85,2.96
12,0,9,4.6,3.7,0.89,Good but not consistent,0.5,3.3,0.36,0.48,2.77
16,7,9,4.4,2.8,0.66,Outstanding contribution,0.7,4.9,0.43,0.66,3.41
18,2,12,4.1,2.3,0.98,Excellent performance and teamwork,0.74,4.0,0.69,0.79,2.74
15,15,0,4.9,4.1,0.99,Very committed and reliable,0.65,4.6,0.6,0.7,4.71
14,9,0,4.2,3.8,0.78,Late submission and weak teamwork,0.52,3.0,0.84,0.56,3.55
14,6,1,4.1,3.9,0.98,Excellent performance and teamwork,0.51,4.6,0.84,0.92,3.65
14,10,2,3.6,4.3,0.73,Good but not consistent,0.88,4.5,0.92,0.51,3.92
15,15,0,4.0,2.9,0.95,Good but not consistent,0.59,4.3,0.64,0.48,4.21
16,8,8,2.2,5.0,0.7,Very committed and reliable,0.5,3.0,0.45,0.83,3.14
5,5,0,4.8,2.8,0.85,Excellent performance and teamwork,0.64,3.8,0.91,0.55,4.21
6,0,3,4.1,3.2,0.89,Outstanding contribution,0.75,4.1,0.61,0.72,2.73
16,5,9,3.7,2.6,0.98,Very committed and reliable,0.79,4.1,0.96,0.42,3.04
14,5,2,3.7,4.1,0.74,Late submission and weak teamwork,0.51,4.6,0.61,0.72,3.39
18,15,2,4.9,3.3,0.91,Late submission and weak teamwork,0.54,4.4,0.6,0.75,4.23
20,18,0,3.4,4.9,0.94,Excellent performance and teamwork,0.49,2.7,0.63,0.6,4.02
5,2,2,3.3,4.4,0.62,Outstanding contribution,0.83,2.6,0.38,0.92,2.97
20,2,14,2.3,3.9,0.63,Good but not consistent,0.77,2.9,0.76,0.5,2.29
9,2,0,2.4,2.3,0.71,Very committed and reliable,0.79,3.9,0.61,0.55,2.41
7,3,0,2.8,3.3,0.63,Needs improvement in deadlines,0.71,3.0,0.95,0.41,2.78
17,3,0,2.9,5.0,0.84,Needs improvement in deadlines,0.99,4.0,0.66,0.4,3.06
20,7,8,3.9,3.6,0.74,Very committed and reliable,0.42,4.3,0.91,0.91,3.26
8,8,0,4.8,4.4,0.65,Late submission and weak teamwork,0.75,2.7,0.76,0.84,4.21
12,11,1,2.4,2.7,0.75,Needs improvement in deadlines,0.48,3.5,0.63,0.97,3.47
19,10,9,2.9,3.4,0.8,Needs improvement in deadlines,0.85,3.4,0.97,0.73,3.13
10,1,2,3.5,2.8,0.6,Late submission and weak teamwork,0.52,4.3,0.78,0.98,2.57
16,5,8,2.8,2.7,0.89,Needs improvement in deadlines,0.76,4.5,0.74,0.68,2.91
19,15,3,2.6,3.2,0.7,Outstanding contribution,0.63,3.9,0.81,0.46,3.47
15,9,1,4.5,2.3,0.67,Very committed and reliable,0.46,3.0,0.8,0.58,3.19
20,19,1,3.5,2.9,0.76,Good but not consistent,0.68,3.3,0.56,0.4,3.75
11,8,3,4.5,5.0,0.76,Excellent performance and teamwork,0.73,4.6,0.48,0.62,4.29
14,0,9,2.6,3.0,0.65,Very committed and reliable,0.91,4.9,0.96,0.52,2.43
19,2,17,3.5,4.7,0.87,Late submission and weak teamwork,0.51,3.9,0.87,0.61,3.01
19,0,7,4.7,4.6,0.75,Excellent performance and teamwork,0.54,4.1,0.31,0.99,3.05
15,2,13,4.3,3.3,0.61,Excellent performance and teamwork,0.82,2.5,0.99,0.47,2.53
17,11,1,3.0,3.5,0.96,Excellent performance and teamwork,0.68,2.6,0.5,0.41,3.27
16,0,9,2.6,4.2,0.69,Late submission and weak teamwork,0.62,4.9,0.56,0.59,2.69
15,6,0,2.2,3.7,0.66,Late submission and weak teamwork,0.46,2.9,0.46,0.59,2.69
19,10,5,2.7,4.1,0.91,Excellent performance and teamwork,0.77,3.2,0.87,0.64,3.24
19,17,0,2.0,4.9,0.66,Very committed and reliable,0.58,2.6,0.4,0.76,3.57
15,15,0,4.6,2.3,0.76,Late submission and weak teamwork,0.59,3.1,0.33,0.74,3.88
12,7,1,3.8,3.4,0.78,Needs improvement in deadlines,0.99,3.4,0.35,0.78,3.39
19,19,0,3.0,4.0,0.95,Outstanding contribution,0.69,4.2,0.3,1.0,4.22
7,6,1,2.9,4.8,0.85,Outstanding contribution,0.6,4.8,0.59,0.45,4.21
9,1,7,3.7,4.7,0.62,Outstanding contribution,0.54,4.4,0.72,0.55,3.04
16,1,4,3.6,2.7,0.64,Late submission and weak teamwork,0.87,4.1,0.69,0.98,2.49
15,8,2,3.6,3.3,0.73,Late submission and weak teamwork,0.98,5.0,0.49,0.42,3.54
13,8,2,3.7,2.9,0.8,Outstanding contribution,0.9,4.9,0.79,0.86,3.62
16,16,0,4.9,2.8,0.66,Excellent performance and teamwork,0.63,3.4,0.66,0.49,4.05
8,5,1,4.6,4.4,0.89,Excellent performance and teamwork,0.63,4.0,0.91,0.88,3.98
11,10,1,4.8,4.4,0.79,Very committed and reliable,0.47,2.8,0.36,0.42,4.16
5,0,0,5.0,2.7,0.66,Late submission and weak teamwork,0.93,4.7,0.37,0.8,2.81
18,10,0,2.7,3.0,0.93,Good but not consistent,0.5,4.7,0.51,0.58,3.38
19,16,3,2.1,2.5,0.8,Excellent performance and teamwork,0.58,3.0,0.36,0.75,3.18
9,6,3,2.8,3.7,0.97,Outstanding contribution,0.98,3.8,0.88,0.67,3.54
11,1,10,3.4,4.9,0.77,Excellent performance and teamwork,0.81,2.6,0.83,0.5,2.7
8,2,4,4.6,2.8,0.69,Excellent performance and teamwork,0.8,4.6,0.56,0.91,3.12
11,6,0,2.5,4.2,0.83,Outstanding contribution,0.87,4.2,0.65,0.82,3.41
19,17,0,4.7,3.6,0.62,Outstanding contribution,0.43,3.8,0.53,0.44,4.07
11,1,9,2.0,3.4,0.95,Late submission and weak teamwork,0.91,3.1,0.67,0.7,2.31
14,2,5,2.3,4.2,0.85,Outstanding contribution,0.44,3.3,0.52,0.78,2.6
11,6,2,3.2,2.4,0.82,Good but not consistent,0.48,4.5,0.74,0.62,3.25
12,5,5,2.8,2.8,0.82,Good but not consistent,0.86,3.5,0.87,0.76,2.86
6,6,0,3.8,3.6,0.92,Late submission and weak teamwork,0.98,4.4,0.43,0.86,4.32
19,0,1,2.6,4.6,0.75,Good but not consistent,0.88,5.0,0.32,0.86,2.81
18,4,5,2.8,3.3,0.77,Very committed and reliable,0.65,4.7,0.39,0.98,2.88
6,0,0,3.7,2.8,0.71,Very committed and reliable,0.92,2.9,0.45,0.75,2.23
11,1,4,3.7,2.7,0.69,Good but not consistent,0.56,4.2,0.31,0.54,2.6
8,1,7,3.5,4.6,0.91,Very committed and reliable,0.69,4.7,0.45,0.87,3.2
10,9,0,4.9,3.5,0.65,Needs improvement in deadlines,0.61,2.7,0.86,0.56,3.9
13,1,3,2.2,4.6,0.67,Excellent performance and teamwork,0.88,2.6,0.87,0.56,2.33
15,14,1,4.9,2.2,0.85,Late submission and weak teamwork,0.61,4.8,0.89,0.98,4.21
13,8,2,2.8,2.0,0.78,Outstanding contribution,0.88,3.4,0.64,1.0,2.95
17,7,9,3.0,3.0,0.97,Outstanding contribution,0.69,3.6,0.93,0.89,3.02
13,2,9,4.5,2.8,0.72,Excellent performance and teamwork,0.63,2.5,0.57,0.68,2.55
10,4,1,5.0,2.9,0.99,Excellent performance and teamwork,0.6,4.0,0.55,0.6,3.48
13,8,5,3.6,2.8,0.71,Excellent performance and teamwork,0.64,3.4,0.99,0.93,3.24
18,16,2,4.6,3.1,0.72,Needs improvement in deadlines,0.64,3.0,0.64,0.78,3.83
15,2,12,3.0,2.9,0.68,Needs improvement in deadlines,0.6,3.1,0.32,0.89,2.34
20,20,0,3.1,3.0,0.9,Late submission and weak teamwork,0.56,4.7,0.7,0.44,4.11
17,10,6,2.3,3.0,0.62,Late submission and weak teamwork,0.65,4.2,0.68,0.4,3.09
10,8,0,4.2,2.2,0.62,Outstanding contribution,0.57,4.1,0.59,0.79,3.61
8,4,1,3.9,3.3,0.63,Needs improvement in deadlines,0.67,2.9,0.85,0.89,3.08
15,12,3,2.1,4.5,0.95,Outstanding contribution,0.87,4.1,0.39,0.94,3.81
9,2,2,4.7,4.9,0.67,Late submission and weak teamwork,0.45,3.4,0.88,0.55,3.27
10,10,0,3.9,4.7,0.71,Needs improvement in deadlines,1.0,4.1,0.81,0.71,4.4
6,1,3,4.3,4.6,0.81,Very committed and reliable,0.81,4.6,0.36,0.47,3.35
17,4,4,3.0,3.1,0.88,Needs improvement in deadlines,0.8,4.6,0.5,0.68,2.93
18,15,3,2.5,4.5,0.97,Late submission and weak teamwork,0.48,4.5,0.49,0.42,4.04
18,2,5,4.9,2.7,0.93,Excellent performance and teamwork,0.99,5.0,0.6,0.92,3.15
12,1,2,2.5,2.9,0.66,Good but not consistent,0.56,3.0,0.85,0.74,2.14
9,7,1,2.8,3.3,0.82,Very committed and reliable,0.9,4.8,0.41,0.96,3.76
14,0,5,4.4,4.4,0.87,Good but not consistent,1.0,2.5,0.44,0.85,2.7
12,7,5,4.3,2.3,0.65,Excellent performance and teamwork,0.73,3.0,0.52,0.44,3.12
18,12,6,4.8,3.6,0.65,Needs improvement in deadlines,0.79,3.3,0.81,0.57,3.67
8,6,0,4.7,4.9,0.94,Needs improvement in deadlines,1.0,4.0,0.9,0.85,4.31
11,1,10,2.3,2.9,0.89,Very committed and reliable,0.63,3.9,0.63,0.47,2.4
10,10,0,4.9,4.3,0.86,Needs improvement in deadlines,0.91,4.6,0.31,0.53,4.69
20,1,7,5.0,4.7,0.83,Late submission and weak teamwork,0.43,4.0,0.37,0.52,3.23
13,4,8,4.0,2.2,0.99,Needs improvement in deadlines,0.73,3.9,0.58,0.66,2.98
19,7,8,2.7,4.4,0.71,Outstanding contribution,0.84,4.1,0.36,0.91,3.15
8,3,1,2.4,3.9,0.69,Outstanding contribution,0.67,4.8,0.45,0.73,3.13
19,19,0,3.6,3.3,0.9,Good but not consistent,0.73,3.4,0.38,0.5,4.01
5,3,2,2.4,4.8,0.64,Needs improvement in deadlines,0.82,3.8,0.4,0.97,3.42
18,9,2,3.9,4.4,0.67,Excellent performance and teamwork,0.88,3.1,0.72,0.9,3.37
12,6,5,3.2,3.5,0.67,Late submission and weak teamwork,0.68,3.4,0.79,0.49,3.11
10,10,0,4.9,3.6,0.7,Very committed and reliable,0.7,4.4,0.73,0.78,4.43
17,14,3,4.8,3.0,0.76,Late submission and weak teamwork,0.81,2.8,0.82,0.56,3.74
11,8,0,3.5,4.7,0.74,Late submission and weak teamwork,0.6,4.4,0.41,0.47,3.98
20,11,9,4.0,4.8,0.81,Outstanding contribution,0.73,3.6,0.83,0.55,3.71
18,3,2,4.6,4.4,0.88,Excellent performance and teamwork,0.9,4.8,0.67,0.92,3.45
19,0,3,4.3,2.4,0.92,Very committed and reliable,0.51,2.7,0.83,0.63,2.34
12,3,1,2.2,3.1,0.94,Good but not consistent,0.71,4.1,0.84,0.83,2.73
5,2,3,4.0,4.6,0.9,Good but not consistent,0.54,2.8,0.92,0.55,3.33
12,0,3,2.2,3.4,0.88,Late submission and weak teamwork,0.56,4.1,0.48,0.86,2.38
18,6,1,3.4,3.4,0.96,Very committed and reliable,0.44,2.9,0.36,0.52,2.92
8,1,3,4.9,4.5,0.68,Needs improvement in deadlines,0.41,2.8,0.31,0.8,2.97
8,6,1,5.0,4.7,0.68,Late submission and weak teamwork,0.95,3.2,0.34,0.92,4.04
9,2,0,3.4,3.8,0.66,Needs improvement in deadlines,0.97,4.7,0.53,0.67,3.04
12,1,11,4.9,4.5,0.73,Very committed and reliable,0.94,2.9,0.34,0.51,2.95
10,0,2,4.3,3.0,0.87,Excellent performance and teamwork,0.48,4.3,0.79,0.86,2.75
16,2,10,3.9,4.5,0.78,Needs improvement in deadlines,0.83,3.5,0.49,0.69,2.96
18,1,0,2.9,4.6,0.88,Very committed and reliable,0.5,3.2,0.65,0.85,2.66
10,4,3,2.2,3.9,0.78,Late submission and weak teamwork,0.74,4.8,0.64,0.97,3.17
5,0,1,4.1,3.2,0.76,Late submission and weak teamwork,0.45,4.8,0.59,0.98,2.8
15,7,6,4.0,2.9,0.63,Excellent performance and teamwork,0.94,3.1,0.69,0.78,3.02
16,5,5,3.5,3.3,0.67,Needs improvement in deadlines,0.43,2.8,0.44,0.42,2.72
12,10,2,2.2,4.4,0.8,Needs improvement in deadlines,0.7,3.1,0.6,0.83,3.59
12,3,6,3.9,2.2,0.6,Late submission and weak teamwork,0.82,5.0,0.87,0.92,2.9
19,16,3,4.9,2.8,0.91,Late submission and weak teamwork,0.7,3.4,0.62,0.92,3.94
11,8,1,2.3,3.0,0.82,Outstanding contribution,0.8,2.8,0.66,0.47,3.12
6,2,3,3.1,2.1,0.63,Needs improvement in deadlines,0.83,3.2,0.53,0.78,2.5
5,5,0,2.5,2.8,0.66,Outstanding contribution,0.96,4.0,0.5,0.58,3.69
14,10,1,3.0,2.6,0.92,Outstanding contribution,0.73,4.9,0.62,0.51,3.63
14,0,4,4.9,2.6,0.64,Very committed and reliable,0.61,3.3,0.37,0.71,2.48
6,3,3,2.6,4.4,0.94,Good but not consistent,0.57,4.6,0.41,0.76,3.54
16,15,1,2.7,4.1,0.78,Good but not consistent,0.8,4.0,0.94,0.92,3.96
9,6,0,2.4,3.2,0.95,Excellent performance and teamwork,0.7,4.9,0.9,0.85,3.58
9,1,2,3.2,2.8,0.78,Outstanding contribution,0.58,2.5,0.48,0.62,2.26
12,4,7,3.5,2.5,0.68,Late submission and weak teamwork,0.64,2.7,0.45,0.62,2.58
14,13,1,2.7,2.1,0.83,Good but not consistent,0.86,2.7,0.37,0.89,3.31
9,1,3,4.5,2.2,0.98,Late submission and weak teamwork,0.97,4.4,1.0,0.42,2.88
5,5,0,2.1,2.8,0.67,Outstanding contribution,0.66,3.3,0.62,0.53,3.48
16,9,0,4.8,3.8,0.64,Good but not consistent,0.66,3.9,0.78,0.91,3.66
9,4,4,2.0,2.2,0.78,Very committed and reliable,0.87,4.3,0.36,0.94,2.76
5,3,1,2.1,4.0,0.78,Excellent performance and teamwork,0.42,4.8,0.57,0.82,3.47
8,7,0,3.6,5.0,0.85,Good but not consistent,0.97,4.1,0.85,0.54,4.28
20,19,0,4.4,3.6,0.62,Very committed and reliable,0.64,2.8,0.36,0.85,3.9
11,0,7,4.9,3.1,0.83,Excellent performance and teamwork,0.71,4.3,0.87,0.58,2.88
18,0,12,3.0,2.8,0.71,Excellent performance and teamwork,0.93,4.2,0.92,0.67,2.36
6,2,1,2.2,2.3,0.83,Late submission and weak teamwork,0.54,4.9,0.92,0.58,2.79
5,1,4,3.5,4.7,0.94,Outstanding contribution,0.88,3.7,0.68,0.53,3.15
9,6,2,4.0,2.1,0.73,Excellent performance and teamwork,0.92,4.3,0.4,0.66,3.44
20,4,5,4.2,2.6,0.96,Outstanding contribution,0.47,3.4,0.89,0.79,2.82
16,6,3,2.0,4.8,0.73,Very committed and reliable,0.93,3.9,0.89,0.87,3.07
5,2,1,2.8,2.8,0.93,Excellent performance and teamwork,0.92,3.9,0.76,0.53,2.96
16,15,0,2.9,2.3,0.93,Excellent performance and teamwork,0.53,4.0,0.74,0.64,3.71
10,0,8,2.1,3.4,0.92,Excellent performance and teamwork,0.6,3.0,0.74,1.0,2.16
15,7,1,2.4,3.9,0.73,Late submission and weak teamwork,0.64,4.6,0.41,0.88,3.25
11,11,0,2.3,2.2,0.62,Needs improvement in deadlines,0.81,3.8,0.63,0.92,3.47
17,4,11,4.5,3.0,0.76,Good but not consistent,0.64,4.5,0.89,0.45,3.13
9,6,0,3.4,3.4,0.79,Outstanding contribution,0.87,4.8,0.4,0.64,3.71
8,5,1,4.7,2.8,0.61,Very committed and reliable,0.5,4.1,0.73,0.58,3.56
6,4,2,3.2,3.6,0.85,Late submission and weak teamwork,0.57,2.9,0.57,0.55,3.37
18,14,4,3.1,3.7,0.87,Good but not consistent,0.88,4.1,0.8,0.61,3.78
5,0,3,2.3,2.2,0.97,Good but not consistent,0.44,4.2,0.47,0.97,2.23
19,2,17,2.8,4.0,0.9,Late submission and weak teamwork,0.59,4.4,0.41,0.58,2.85
6,0,3,4.6,3.4,0.95,Excellent performance and teamwork,0.93,4.4,0.95,0.69,2.96
15,1,10,3.3,4.2,0.89,Very committed and reliable,0.72,2.7,0.54,0.54,2.58
18,17,0,4.0,4.5,0.7,Needs improvement in deadlines,0.43,4.9,0.87,0.53,4.45
9,5,4,2.4,2.2,0.9,Very committed and reliable,0.55,3.0,0.41,0.58,2.8
12,2,6,2.5,4.8,0.83,Excellent performance and teamwork,0.51,2.8,0.41,0.96,2.69
19,0,6,3.9,3.2,0.64,Very committed and reliable,0.96,2.6,0.39,0.95,2.26
9,5,0,3.3,4.6,0.77,Very committed and reliable,0.63,4.1,0.8,0.87,3.62
16,6,8,2.5,2.8,0.61,Excellent performance and teamwork,0.82,3.5,0.95,0.91,2.63
16,16,0,2.4,3.4,0.64,Outstanding contribution,0.97,3.5,0.94,0.79,3.68
8,7,0,3.6,3.3,0.91,Late submission and weak teamwork,0.99,4.9,0.76,0.71,4.13
7,0,2,3.3,4.6,0.93,Excellent performance and teamwork,0.63,2.8,0.52,0.7,2.6
7,0,5,4.4,4.4,0.83,Excellent performance and teamwork,0.93,2.7,0.61,0.57,2.72
10,7,2,4.7,3.7,0.99,Needs improvement in deadlines,0.96,4.6,0.56,0.86,4.15
14,5,3,4.6,4.6,0.71,Very committed and reliable,0.83,2.6,0.73,0.94,3.25
16,1,3,3.9,2.9,0.82,Very committed and reliable,0.77,3.3,0.36,0.67,2.52
19,14,5,3.0,3.7,0.74,Late submission and weak teamwork,0.85,3.1,0.48,0.43,3.44
11,2,4,3.9,4.1,0.6,Good but not consistent,0.53,4.9,0.75,0.83,3.15
9,5,3,4.5,4.6,0.87,Outstanding contribution,0.97,3.0,0.68,0.62,3.69
10,5,2,4.9,2.0,0.82,Very committed and reliable,0.47,4.7,0.71,0.72,3.48
11,4,7,4.7,4.9,0.76,Good but not consistent,0.78,4.7,0.38,0.82,3.79
16,0,13,3.3,4.3,0.7,Excellent performance and teamwork,0.66,4.7,0.63,0.49,2.81
7,7,0,2.9,3.1,0.79,Late submission and weak teamwork,0.94,4.6,0.7,0.66,4.02
12,12,0,2.1,3.4,0.64,Late submission and weak teamwork,0.96,3.1,0.67,0.81,3.54
10,10,0,2.3,4.7,0.86,Needs improvement in deadlines,0.44,4.3,0.6,0.66,4.19
12,5,2,3.0,4.3,0.83,Very committed and reliable,0.46,3.6,0.43,0.59,3.22
10,1,2,2.0,2.7,0.99,Needs improvement in deadlines,0.82,3.5,0.77,0.44,2.29
5,2,2,4.0,3.1,0.7,Needs improvement in deadlines,0.48,4.2,0.92,0.4,3.21
9,2,0,4.7,3.4,0.76,Good but not consistent,0.59,4.5,0.89,0.5,3.23
19,11,3,2.4,2.4,0.87,Needs improvement in deadlines,0.91,4.4,0.84,0.8,3.14
5,2,2,4.6,4.3,0.64,Very committed and reliable,0.84,4.4,0.54,0.57,3.58
10,4,4,4.3,2.6,0.66,Excellent performance and teamwork,0.97,3.3,0.31,0.96,2.97
6,2,0,4.9,2.5,0.84,Very committed and reliable,0.98,4.4,0.68,0.42,3.28
5,4,1,4.9,4.2,0.86,Outstanding contribution,0.48,3.7,0.81,0.89,4.19
12,9,3,4.0,4.2,0.63,Late submission and weak teamwork,0.61,3.8,0.93,0.94,3.84
11,0,2,5.0,4.7,0.91,Very committed and reliable,0.63,3.2,0.82,0.79,3.04
13,12,1,2.0,3.2,0.61,Late submission and weak teamwork,0.78,3.2,0.31,0.51,3.37
20,11,9,4.9,4.9,0.65,Outstanding contribution,0.8,4.7,0.56,0.92,4.05
17,13,3,3.9,2.5,0.7,Very committed and reliable,0.86,4.6,0.62,0.98,3.7
18,13,3,2.8,4.1,0.74,Needs improvement in deadlines,0.82,3.8,0.31,0.67,3.59
6,5,0,4.7,3.4,0.62,Good but not consistent,0.56,3.1,0.32,0.6,3.8
11,8,3,4.0,2.4,0.81,Outstanding contribution,0.86,4.1,0.98,0.51,3.6
19,14,1,2.2,2.4,0.87,Good but not consistent,0.52,3.0,0.72,0.68,3.06
7,5,1,4.2,2.6,0.85,Needs improvement in deadlines,0.67,3.6,0.93,0.51,3.58
14,0,3,2.0,4.6,0.79,Good but not consistent,0.88,4.3,0.54,0.65,2.57
15,8,1,3.4,3.7,0.64,Late submission and weak teamwork,0.75,3.1,0.4,0.41,3.16
8,4,3,3.0,3.9,0.73,Late submission and weak teamwork,0.75,2.7,0.48,0.42,3.04
20,11,7,4.9,2.2,0.91,Excellent performance and teamwork,0.84,2.6,0.67,0.47,3.22
11,4,3,4.6,3.4,0.72,Good but not consistent,0.54,4.3,0.56,0.93,3.37
13,1,3,3.1,2.3,0.78,Excellent performance and teamwork,0.93,4.0,0.51,0.83,2.39
17,7,2,3.0,2.5,0.84,Excellent performance and teamwork,0.61,4.2,0.86,0.46,2.98
7,4,2,2.8,2.1,0.7,Outstanding contribution,0.42,3.1,0.51,0.44,2.81
7,0,1,3.5,3.4,0.92,Late submission and weak teamwork,0.57,3.4,0.74,0.64,2.52
18,17,0,2.6,2.1,0.96,Excellent performance and teamwork,0.93,4.3,0.65,0.43,3.7
11,3,1,4.8,3.5,0.75,Good but not consistent,0.72,2.5,0.38,0.75,2.94
19,18,0,2.4,2.1,0.92,Needs improvement in deadlines,0.71,4.5,0.47,0.95,3.68
17,3,8,3.1,2.6,0.84,Outstanding contribution,0.67,4.2,0.84,0.87,2.66
12,7,3,3.6,2.1,0.79,Needs improvement in deadlines,0.96,2.7,0.81,0.89,2.95
8,8,0,3.0,2.9,0.63,Outstanding contribution,0.59,2.9,0.67,0.44,3.58
16,10,3,4.8,3.1,0.71,Outstanding contribution,0.73,4.7,0.6,0.58,3.81
13,9,1,2.5,2.6,0.89,Excellent performance and teamwork,0.42,4.6,0.96,0.42,3.42
5,3,0,4.0,4.2,0.83,Outstanding contribution,0.47,4.0,0.8,0.62,3.75
15,8,1,3.0,2.4,0.8,Needs improvement in deadlines,0.43,4.0,0.32,0.65,3.08
19,19,0,4.0,4.0,0.7,Very committed and reliable,0.49,2.9,0.69,0.59,4.03
8,7,1,2.5,3.2,0.95,Good but not consistent,0.85,4.7,0.31,0.45,3.87
6,2,2,4.4,2.5,0.88,Very committed and reliable,0.52,2.9,0.85,0.64,2.9
20,18,1,2.7,2.6,0.86,Late submission and weak teamwork,0.44,3.2,0.94,0.86,3.48
18,14,0,4.5,4.9,0.79,Excellent performance and teamwork,0.93,2.5,0.31,0.81,3.94
8,4,0,4.6,3.7,0.93,Late submission and weak teamwork,0.91,4.1,0.47,0.58,3.69
5,1,0,4.1,3.0,0.62,Outstanding contribution,0.75,3.4,0.98,0.58,2.71
12,6,4,4.2,2.3,0.6,Good but not consistent,0.74,3.8,0.89,0.49,3.11
6,0,3,2.8,2.8,0.9,Good but not consistent,0.44,3.7,0.81,0.71,2.31
8,5,1,3.6,4.5,0.97,Good but not consistent,0.82,3.5,0.72,0.9,3.74
18,16,1,4.6,4.4,0.67,Outstanding contribution,0.48,4.1,0.83,0.49,4.29
10,6,1,4.6,3.0,0.77,Very committed and reliable,0.96,4.6,0.34,0.53,3.73
6,2,4,4.8,4.8,0.68,Late submission and weak teamwork,0.64,3.9,0.94,0.82,3.54
5,1,0,3.5,2.9,0.91,Very committed and reliable,0.9,4.4,0.4,0.71,2.92
9,5,2,3.7,3.5,0.93,Excellent performance and teamwork,0.83,3.6,0.56,0.5,3.46
12,11,1,4.9,5.0,0.63,Outstanding contribution,0.48,4.5,0.9,0.87,4.57
19,11,8,4.2,4.9,0.86,Outstanding contribution,0.87,4.6,0.42,0.48,4.04
11,6,2,3.5,3.4,0.61,Late submission and weak teamwork,0.95,3.0,0.6,0.96,3.1
18,1,2,4.2,2.3,0.92,Needs improvement in deadlines,0.74,5.0,0.57,0.58,2.84
9,8,1,2.1,3.5,0.93,Very committed and reliable,0.58,5.0,0.64,0.67,3.92
16,3,4,4.3,3.0,0.72,Very committed and reliable,0.42,4.0,0.87,0.52,2.9
17,1,7,2.1,3.7,0.63,Excellent performance and teamwork,0.82,3.2,0.53,0.52,2.2
18,3,6,4.1,3.7,0.88,Very committed and reliable,0.56,4.5,0.72,0.84,3.15
7,3,4,2.4,3.1,0.88,Needs improvement in deadlines,0.94,3.4,0.6,0.94,2.86
13,13,0,3.9,2.0,0.87,Good but not consistent,0.68,3.4,0.45,0.93,3.8
13,5,2,4.5,3.4,0.74,Outstanding contribution,0.7,4.0,0.38,0.88,3.33
13,5,8,3.7,2.3,0.72,Good but not consistent,0.51,4.0,0.5,0.65,2.94
17,0,11,2.8,2.8,0.7,Excellent performance and teamwork,0.44,4.9,0.39,0.74,2.45
11,5,1,3.4,3.2,0.85,Needs improvement in deadlines,0.58,3.2,0.38,0.47,3.07
13,3,5,2.1,2.9,0.96,Needs improvement in deadlines,0.52,3.7,0.61,0.96,2.57
5,1,4,3.5,2.7,0.76,Very committed and reliable,0.71,2.5,0.56,0.97,2.42
15,15,0,4.7,3.0,0.78,Late submission and weak teamwork,0.63,4.5,0.61,0.66,4.33
15,9,5,4.9,3.7,0.96,Needs improvement in deadlines,0.96,4.0,0.78,0.84,3.9
16,7,6,4.4,2.1,0.95,Excellent performance and teamwork,0.64,3.2,0.72,0.54,3.07
7,0,4,4.9,2.5,0.89,Late submission and weak teamwork,0.98,4.3,0.9,0.91,2.79
5,0,5,4.6,3.1,0.77,Very committed and reliable,0.85,3.8,0.69,0.56,2.69
8,8,0,4.9,4.1,0.82,Late submission and weak teamwork,0.5,4.5,0.96,0.89,4.61
6,1,3,2.9,2.1,0.84,Very committed and reliable,0.94,4.3,0.59,0.63,2.53
11,9,0,5.0,3.5,0.66,Outstanding contribution,0.42,3.0,0.56,0.64,3.86
19,5,14,2.7,2.4,0.89,Outstanding contribution,0.66,3.9,0.79,0.55,2.64
9,1,6,2.7,2.0,0.67,Very committed and reliable,0.77,3.7,0.95,0.96,2.18
7,5,0,2.9,2.2,0.74,Very committed and reliable,0.9,4.7,0.51,0.82,3.4
6,5,1,4.0,3.6,0.71,Very committed and reliable,0.45,4.2,0.87,0.55,3.96
17,3,2,3.9,3.2,0.83,Needs improvement in deadlines,0.89,3.3,0.43,0.95,2.76
7,3,3,3.7,4.2,1.0,Very committed and reliable,0.41,4.0,0.51,0.88,3.52
16,4,11,3.7,4.1,0.85,Very committed and reliable,0.66,3.4,0.6,0.4,3.04
11,9,1,3.9,2.4,0.88,Very committed and reliable,0.42,3.7,0.61,0.56,3.67
5,0,5,4.5,2.6,0.6,Needs improvement in deadlines,0.66,4.4,0.82,0.48,2.6
11,9,0,3.7,3.9,0.89,Good but not consistent,0.7,4.1,0.77,0.84,4.01
8,1,5,4.9,2.0,1.0,Good but not consistent,0.73,3.2,0.98,0.75,2.71
15,12,0,4.2,3.9,0.98,Good but not consistent,0.43,3.7,0.97,0.49,4.05
16,16,0,2.6,2.5,0.68,Excellent performance and teamwork,0.51,4.1,0.98,0.86,3.68
19,3,2,3.2,2.4,0.81,Very committed and reliable,0.77,3.1,0.57,0.57,2.38
8,2,3,3.6,2.0,0.82,Outstanding contribution,0.71,4.1,0.56,0.86,2.73
17,11,2,2.9,2.8,0.68,Very committed and reliable,0.62,3.8,0.78,0.49,3.21
5,1,2,3.2,3.4,0.98,Good but not consistent,0.75,4.1,0.94,0.46,2.93
18,7,6,3.1,3.1,0.76,Outstanding contribution,0.5,2.8,0.8,0.52,2.76
17,15,1,3.6,3.8,0.82,Excellent performance and teamwork,0.43,4.1,0.34,0.99,4.03
14,7,5,4.2,5.0,0.64,Late submission and weak teamwork,0.86,4.4,0.41,0.89,3.79
7,5,1,3.9,2.9,0.69,Late submission and weak teamwork,0.52,2.5,0.44,0.74,3.28
12,8,0,2.7,2.9,0.99,Very committed and reliable,0.76,4.7,0.96,0.72,3.56
18,15,0,3.0,3.2,0.61,Very committed and reliable,0.83,4.4,0.35,0.43,3.68
8,1,2,3.1,3.9,0.89,Late submission and weak teamwork,0.99,3.2,0.38,0.48,2.67
6,6,0,4.7,3.0,0.77,Outstanding contribution,0.68,4.0,0.71,0.77,4.23
9,8,1,4.8,4.9,0.71,Late submission and weak teamwork,0.94,4.6,0.92,0.87,4.55
13,10,0,2.7,2.8,0.7,Outstanding contribution,0.46,3.3,0.31,0.81,3.26
5,5,0,2.4,2.6,0.85,Good but not consistent,0.86,3.9,0.53,0.7,3.71
10,10,0,2.6,3.6,0.74,Outstanding contribution,0.83,4.8,0.4,0.55,4.07
16,6,3,4.7,4.6,0.91,Needs improvement in deadlines,0.58,2.9,0.31,0.84,3.46
16,11,0,3.2,4.7,0.89,Very committed and reliable,1.0,2.8,0.97,0.46,3.62
10,1,1,3.7,3.4,0.72,Excellent performance and teamwork,0.79,4.4,0.69,0.81,2.81
12,3,7,4.8,2.0,0.96,Good but not consistent,0.99,3.9,0.64,0.69,3.0
15,4,2,3.1,3.2,0.72,Good but not consistent,0.89,4.5,0.8,0.52,2.92
14,1,10,4.8,4.3,0.63,Late submission and weak teamwork,0.9,3.4,0.4,0.52,2.92
18,6,6,2.7,3.2,0.96,Good but not consistent,0.51,2.8,0.41,0.48,2.72
17,17,0,4.0,4.0,0.83,Very committed and reliable,0.47,2.7,0.97,0.66,4.05
9,3,3,2.7,3.4,0.67,Late submission and weak teamwork,1.0,2.6,0.7,0.58,2.58
5,4,0,3.8,2.8,0.84,Outstanding contribution,0.82,2.6,0.99,0.61,3.46
16,14,1,3.0,2.8,0.93,Outstanding contribution,0.88,4.8,0.76,0.55,3.9
13,3,6,4.8,3.7,0.67,Good but not consistent,0.76,4.1,0.32,0.77,3.2
10,5,3,4.4,4.0,0.83,Late submission and weak teamwork,0.6,4.4,0.8,0.68,3.73
11,6,2,4.4,4.5,0.86,Good but not consistent,0.65,4.7,0.54,0.95,3.97
15,7,6,4.5,3.6,0.75,Excellent performance and teamwork,0.67,4.0,0.41,0.66,3.5
14,0,13,4.2,2.4,0.73,Outstanding contribution,0.96,3.4,0.36,0.48,2.37
9,0,6,2.5,3.9,0.81,Late submission and weak teamwork,0.4,3.4,0.79,0.48,2.37
19,9,9,4.0,4.4,0.7,Needs improvement in deadlines,0.89,4.7,0.86,0.56,3.68
18,8,8,4.1,3.0,0.88,Late submission and weak teamwork,0.6,4.4,0.98,0.48,3.41
5,0,1,2.2,2.1,0.8,Very committed and reliable,0.92,4.6,0.79,0.71,2.18
5,4,0,3.5,4.9,0.76,Needs improvement in deadlines,0.62,4.8,0.9,0.84,4.22
16,2,4,2.3,4.8,0.87,Excellent performance and teamwork,0.87,3.4,0.95,0.45,2.72
7,2,4,2.2,3.9,0.93,Outstanding contribution,0.51,3.8,0.65,0.68,2.87
18,10,8,3.3,2.9,0.9,Needs improvement in deadlines,0.82,3.5,0.76,0.71,3.22
19,4,11,3.9,2.3,0.79,Needs improvement in deadlines,0.69,4.4,1.0,0.59,2.83
5,4,1,4.6,3.7,0.7,Very committed and reliable,0.95,2.7,0.6,0.86,3.75
12,5,5,4.7,2.1,0.91,Late submission and weak teamwork,0.45,3.1,0.56,0.75,3.06
6,4,2,4.8,3.3,0.98,Needs improvement in deadlines,0.99,3.0,0.61,0.53,3.71
9,1,5,3.4,2.7,0.97,Very committed and reliable,0.51,3.4,0.69,0.77,2.55
14,0,14,4.7,2.7,0.99,Needs improvement in deadlines,0.93,3.5,0.66,0.48,2.68
16,6,1,4.2,3.7,0.66,Needs improvement in deadlines,0.77,3.1,0.7,0.74,3.09
13,11,1,4.3,5.0,0.73,Outstanding contribution,0.79,3.0,0.72,0.76,4.09
16,11,0,3.2,4.8,0.89,Very committed and reliable,0.66,3.7,0.77,0.87,3.82
19,10,3,2.4,3.8,0.92,Very committed and reliable,0.86,3.0,0.54,0.85,3.09
14,0,4,2.4,5.0,0.95,Outstanding contribution,0.66,3.9,0.55,0.88,2.74
17,16,1,3.0,3.6,0.93,Good but not consistent,0.45,3.8,0.55,0.63,3.96
8,2,5,2.4,4.5,0.82,Very committed and reliable,0.68,2.6,0.86,0.53,2.69
19,14,1,4.6,2.5,0.88,Very committed and reliable,0.64,4.2,0.97,0.89,3.81
19,2,0,4.6,2.2,0.99,Good but not consistent,0.51,3.8,0.6,0.62,2.77
5,4,0,2.5,4.2,0.98,Good but not consistent,0.82,3.1,1.0,0.51,3.65
19,12,6,2.3,4.9,0.68,Needs improvement in deadlines,0.59,5.0,0.8,0.55,3.73
8,2,0,4.8,3.2,0.95,Good but not consistent,0.61,4.4,0.92,0.79,3.33
18,5,4,3.6,3.5,0.8,Good but not consistent,0.73,3.2,0.61,0.68,2.88
14,14,0,4.5,4.5,0.88,Good but not consistent,0.86,3.5,0.54,0.62,4.44
5,3,1,3.2,2.9,0.9,Very committed and reliable,0.75,3.9,0.65,0.76,3.35
17,1,8,2.9,3.0,0.96,Needs improvement in deadlines,0.77,3.0,0.49,0.74,2.35
8,8,0,4.6,4.0,0.83,Late submission and weak teamwork,0.94,4.3,0.91,0.76,4.5
18,14,4,2.6,2.6,0.78,Late submission and weak teamwork,0.8,5.0,0.48,0.56,3.6
16,8,1,4.8,3.4,0.89,Late submission and weak teamwork,0.98,4.7,0.85,0.67,3.77
15,13,1,3.7,2.0,0.91,Excellent performance and teamwork,0.55,4.3,0.81,0.55,3.75
5,2,1,4.0,2.3,0.69,Late submission and weak teamwork,0.6,3.1,0.84,0.52,2.83
6,2,4,4.2,2.3,0.63,Good but not consistent,0.71,3.9,0.75,0.59,2.9
9,3,1,4.1,4.4,0.75,Needs improvement in deadlines,0.78,4.7,0.39,0.6,3.52
5,5,0,3.4,2.2,0.89,Needs improvement in deadlines,0.8,3.4,0.46,0.71,3.75
15,8,5,3.1,3.8,0.92,Needs improvement in deadlines,0.82,2.8,0.89,0.91,3.2
16,3,0,3.0,2.2,0.84,Needs improvement in deadlines,0.71,4.9,0.88,0.77,2.72
16,12,2,3.3,4.8,0.86,Late submission and weak teamwork,0.49,3.4,0.33,0.53,3.86
11,8,0,5.0,3.1,0.81,Outstanding contribution,0.86,3.4,0.88,0.58,3.8
13,5,7,4.5,4.1,0.84,Very committed and reliable,0.51,4.7,0.45,0.94,3.66
13,6,3,2.0,2.9,0.71,Very committed and reliable,0.67,3.2,0.37,0.96,2.67
14,14,0,4.0,2.6,0.74,Needs improvement in deadlines,0.84,2.9,0.53,0.59,3.77
14,6,2,2.6,2.2,0.77,Needs improvement in deadlines,0.62,3.4,0.78,0.47,2.67
11,5,5,4.7,2.8,0.82,Good but not consistent,0.79,4.0,0.55,0.56,3.39
5,5,0,2.7,3.2,0.71,Late submission and weak teamwork,0.95,3.8,0.9,0.59,3.79
16,2,3,2.9,4.8,0.79,Excellent performance and teamwork,0.78,3.5,0.7,0.45,2.82
12,8,0,2.7,2.1,0.95,Good but not consistent,0.67,3.9,0.35,0.99,3.21
15,7,4,4.8,4.6,0.61,Late submission and weak teamwork,0.47,4.3,0.89,0.5,3.75
8,2,3,3.1,3.6,0.73,Outstanding contribution,0.67,4.3,0.98,0.67,2.94
17,6,1,4.4,3.5,0.7,Good but not consistent,0.98,4.7,0.79,0.88,3.4
7,3,0,4.2,4.6,0.97,Needs improvement in deadlines,0.48,4.1,0.45,0.91,3.71
19,5,0,2.1,4.5,0.78,Late submission and weak teamwork,0.52,3.2,0.74,0.94,2.74
8,1,2,4.2,4.5,0.85,Good but not consistent,0.4,3.8,0.73,0.9,3.11
6,1,4,4.4,3.3,0.93,Very committed and reliable,0.66,4.7,0.52,0.47,3.19
15,14,1,4.4,4.7,0.97,Good but not consistent,0.53,5.0,0.67,0.42,4.71
20,5,7,4.9,4.2,0.84,Good but not consistent,0.66,5.0,0.61,0.92,3.62
10,7,3,3.0,3.3,0.72,Very committed and reliable,0.52,4.4,0.83,0.91,3.55
18,8,10,2.1,3.8,0.76,Late submission and weak teamwork,0.4,2.8,0.52,0.51,2.79
13,8,5,3.0,4.9,0.63,Outstanding contribution,0.53,4.9,0.91,0.58,3.8
16,8,1,4.9,2.5,0.9,Outstanding contribution,0.65,3.0,0.52,0.67,3.28
7,2,5,2.0,3.6,0.64,Good but not consistent,0.82,4.9,0.76,0.77,2.85
19,0,2,2.6,2.3,0.7,Very committed and reliable,0.8,4.8,0.94,0.71,2.29
12,4,5,2.6,4.5,0.76,Outstanding contribution,0.55,2.8,0.94,0.97,2.86
8,3,4,3.6,3.3,0.88,Excellent performance and teamwork,0.42,2.7,0.75,0.78,2.92
16,9,1,4.2,2.9,0.95,Outstanding contribution,0.52,4.9,0.4,0.91,3.72
7,2,2,3.5,4.3,0.69,Outstanding contribution,0.81,2.9,0.9,0.83,2.91
8,7,1,4.5,2.9,0.74,Needs improvement in deadlines,0.53,4.8,0.38,0.48,4.12
10,4,4,3.7,2.8,0.7,Good but not consistent,0.76,4.4,0.37,0.41,3.13
20,8,8,2.5,2.1,0.97,Needs improvement in deadlines,0.6,3.4,0.6,0.92,2.69
16,4,12,3.5,4.5,0.96,Good but not consistent,0.54,3.5,0.88,0.92,3.16
13,2,2,2.0,3.3,0.84,Late submission and weak teamwork,0.43,4.4,0.87,0.63,2.59
7,7,0,4.0,2.5,0.75,Excellent performance and teamwork,0.9,2.7,0.94,0.84,3.71
8,8,0,4.7,3.6,0.69,Outstanding contribution,0.73,2.7,0.72,0.85,4.04
10,3,6,3.6,4.8,0.86,Late submission and weak teamwork,0.86,4.2,0.34,0.97,3.4
6,4,2,4.7,4.0,0.89,Excellent performance and teamwork,0.46,4.0,0.85,0.65,3.99
20,15,4,3.0,4.9,0.72,Needs improvement in deadlines,0.57,3.5,0.4,0.6,3.77
19,18,0,4.3,3.4,0.79,Good but not consistent,0.43,4.3,0.4,0.96,4.22
15,7,0,2.4,2.7,0.96,Outstanding contribution,0.93,3.7,0.63,0.5,2.94
6,5,1,2.7,2.3,0.94,Very committed and reliable,0.67,3.9,0.88,0.74,3.5
19,4,14,3.9,4.9,0.98,Needs improvement in deadlines,0.76,2.6,0.77,0.4,3.09
15,13,1,3.4,2.8,0.66,Very committed and reliable,0.52,4.2,0.67,0.89,3.71
8,1,1,2.9,2.6,0.99,Very committed and reliable,0.49,4.0,0.93,0.87,2.58
14,11,1,2.8,2.3,0.94,Good but not consistent,0.92,4.5,0.56,0.98,3.57
12,10,0,3.4,3.8,0.75,Needs improvement in deadlines,0.48,3.3,0.5,0.49,3.73
18,15,0,4.5,2.1,0.7,Excellent performance and teamwork,0.63,4.3,0.3,0.65,3.78
18,12,2,2.5,4.0,0.8,Excellent performance and teamwork,0.51,4.2,0.51,0.84,3.54
5,4,1,2.5,3.9,0.88,Late submission and weak teamwork,0.97,3.7,0.35,0.85,3.66
5,3,2,3.6,3.3,0.79,Excellent performance and teamwork,0.58,5.0,0.78,0.41,3.68
13,13,0,4.3,4.5,0.88,Needs improvement in deadlines,0.9,4.0,0.33,0.69,4.5
14,7,2,4.8,4.6,0.9,Excellent performance and teamwork,0.9,3.0,0.84,0.59,3.68
12,0,1,4.0,3.1,0.65,Needs improvement in deadlines,1.0,3.3,0.39,0.75,2.41
12,3,3,3.3,4.1,0.63,Needs improvement in deadlines,0.89,4.7,0.41,0.69,3.11
5,4,1,2.0,3.8,0.76,Outstanding contribution,0.83,4.5,0.41,0.76,3.64
19,8,11,2.7,2.5,0.81,Very committed and reliable,0.74,4.1,0.92,0.82,2.9
12,6,3,4.3,2.1,0.66,Good but not consistent,0.43,2.6,0.9,0.97,2.88
13,13,0,2.6,2.3,0.77,Needs improvement in deadlines,0.7,3.1,0.47,0.64,3.49
8,0,4,4.8,3.0,0.94,Outstanding contribution,0.86,3.8,0.76,0.61,2.79
10,8,0,4.3,3.7,0.89,Excellent performance and teamwork,0.55,2.6,0.41,0.52,3.77
20,3,10,4.9,2.5,0.84,Very committed and reliable,0.48,3.3,0.4,0.95,2.79
14,7,2,3.2,3.8,0.61,Good but not consistent,0.64,4.9,0.71,0.93,3.44
5,2,0,4.9,2.0,0.72,Needs improvement in deadlines,0.73,3.0,0.82,0.86,2.94
14,7,5,2.5,3.3,0.72,Good but not consistent,0.77,4.7,0.53,0.92,3.21
15,14,0,4.2,4.0,1.0,Good but not consistent,0.61,2.9,0.33,0.89,4.12
5,4,0,4.8,2.8,0.76,Excellent performance and teamwork,0.5,3.4,0.74,0.88,3.78
20,20,0,3.4,3.0,0.92,Outstanding contribution,0.93,4.2,0.45,0.67,4.08
13,11,2,3.2,3.8,0.79,Very committed and reliable,0.63,2.9,0.91,0.95,3.64
17,4,4,4.7,3.7,0.63,Excellent performance and teamwork,0.7,4.4,0.33,0.87,3.23
6,0,6,3.6,2.8,0.9,Excellent performance and teamwork,0.66,4.8,0.94,0.99,2.69
16,13,0,3.0,2.9,0.63,Very committed and reliable,0.96,4.1,0.76,0.56,3.53
9,7,0,4.7,3.5,0.64,Needs improvement in deadlines,0.75,3.4,0.92,0.81,3.81
15,1,1,4.8,4.5,0.69,Outstanding contribution,0.84,4.9,0.38,0.58,3.28
12,7,4,4.7,2.8,0.76,Very committed and reliable,0.63,3.7,0.7,0.66,3.5
13,3,8,2.6,2.6,0.75,Good but not consistent,0.99,4.9,0.79,0.89,2.74
19,9,9,3.8,3.2,0.66,Excellent performance and teamwork,0.43,3.4,0.37,0.92,3.12
5,2,1,4.7,2.3,0.92,Late submission and weak teamwork,0.93,4.8,0.47,0.95,3.42
11,0,1,2.6,4.7,0.78,Late submission and weak teamwork,0.57,4.6,0.91,0.49,2.77
10,3,5,4.0,4.6,0.64,Very committed and reliable,0.55,3.8,0.39,0.77,3.25
12,8,2,2.3,2.4,0.81,Needs improvement in deadlines,0.46,4.7,0.32,0.84,3.29
10,3,3,2.9,4.4,0.72,Outstanding contribution,0.79,2.6,0.53,0.48,2.79
6,2,4,4.8,2.7,0.95,Needs improvement in deadlines,0.59,3.5,0.37,0.8,3.18
17,9,6,2.3,2.5,0.69,Excellent performance and teamwork,0.57,4.5,0.87,0.8,3.0
7,6,1,3.0,3.6,0.77,Good but not consistent,0.55,2.7,0.95,0.72,3.53
7,0,1,3.0,3.9,0.7,Outstanding contribution,0.95,4.2,0.79,0.65,2.57
20,16,0,2.6,3.0,0.75,Good but not consistent,0.47,3.2,0.61,0.69,3.34
6,2,4,4.7,3.8,0.99,Very committed and reliable,0.55,3.0,0.96,0.52,3.3
13,8,3,4.6,3.9,0.73,Very committed and reliable,0.72,4.1,0.63,0.78,3.81
9,8,1,3.1,3.0,0.75,Outstanding contribution,0.55,3.9,0.31,0.56,3.71
11,5,3,2.1,3.0,0.63,Excellent performance and teamwork,0.79,4.3,0.83,0.93,2.88
7,5,0,3.3,2.4,0.95,Very committed and reliable,0.61,4.6,0.94,0.7,3.61
5,1,2,4.3,2.4,0.62,Needs improvement in deadlines,0.82,4.7,0.33,0.6,2.89
12,12,0,3.7,3.9,0.64,Late submission and weak teamwork,0.96,3.9,0.97,0.87,4.12
10,3,3,4.0,2.2,0.6,Very committed and reliable,1.0,3.7,0.46,0.73,2.73
10,6,0,2.0,4.4,0.8,Late submission and weak teamwork,0.66,3.4,0.61,0.55,3.26
10,10,0,4.7,3.4,0.75,Good but not consistent,0.93,2.5,0.86,0.42,4.0
6,4,2,4.5,3.9,0.67,Very committed and reliable,0.47,4.3,0.58,0.87,3.87
17,8,4,3.7,3.4,0.91,Excellent performance and teamwork,0.62,4.0,0.36,0.49,3.38
16,10,0,4.0,4.8,0.75,Outstanding contribution,0.86,2.7,0.84,0.5,3.61
13,7,6,3.4,4.4,0.73,Late submission and weak teamwork,0.46,4.7,0.4,0.69,3.67
20,1,10,3.9,4.2,0.78,Outstanding contribution,0.65,3.7,0.68,0.87,2.83
18,15,0,3.3,3.0,0.86,Excellent performance and teamwork,0.41,3.2,0.36,0.4,3.58
15,4,0,4.7,4.8,0.7,Outstanding contribution,0.74,2.9,0.45,0.57,3.23
9,9,0,2.2,3.1,0.73,Needs improvement in deadlines,1.0,4.5,0.52,0.96,3.82
19,5,3,2.4,3.2,0.91,Very committed and reliable,0.59,3.7,0.47,0.73,2.71
7,1,3,2.2,2.5,0.82,Very committed and reliable,0.98,3.5,0.79,0.68,2.26
11,11,0,2.1,2.9,0.99,Excellent performance and teamwork,0.5,3.6,0.51,0.57,3.72
11,0,2,2.9,3.1,0.73,Good but not consistent,0.45,2.7,0.92,0.84,2.11
14,12,1,3.3,4.4,0.69,Outstanding contribution,0.41,2.5,0.91,0.75,3.67
11,1,6,3.3,2.4,0.89,Very committed and reliable,0.42,4.3,0.78,0.63,2.58
6,2,1,3.2,3.9,0.8,Late submission and weak teamwork,0.97,2.7,0.91,0.89,2.86
20,1,16,3.6,4.4,0.75,Needs improvement in deadlines,0.79,4.2,0.6,0.8,2.89
11,9,1,3.3,3.2,0.91,Excellent performance and teamwork,0.53,3.6,0.89,0.55,3.7
13,3,0,3.3,4.8,0.86,Good but not consistent,0.59,3.6,0.47,0.47,3.12
19,1,10,3.4,4.3,0.67,Good but not consistent,0.7,2.6,0.7,0.63,2.47
12,8,4,2.5,4.4,0.94,Excellent performance and teamwork,0.47,2.9,0.43,0.92,3.43
19,15,0,2.5,3.6,0.8,Outstanding contribution,0.89,2.7,0.8,0.98,3.34
7,3,2,3.6,2.6,0.78,Good but not consistent,0.92,3.9,0.46,0.76,3.05
8,6,0,2.1,3.3,0.99,Late submission and weak teamwork,0.74,4.2,0.46,0.51,3.54
7,1,5,2.5,2.9,0.92,Excellent performance and teamwork,0.73,3.8,0.62,1.0,2.51
8,4,3,2.7,2.3,0.8,Late submission and weak teamwork,0.63,4.6,0.61,0.41,3.07
5,3,1,3.2,4.1,0.88,Late submission and weak teamwork,0.84,3.0,0.52,0.55,3.4
6,1,0,4.6,3.7,0.81,Good but not consistent,0.57,3.3,0.8,0.42,2.98
20,9,7,2.1,3.0,0.73,Late submission and weak teamwork,0.47,3.7,0.43,0.75,2.8
7,0,2,3.2,4.6,0.74,Excellent performance and teamwork,0.74,3.7,0.97,0.48,2.67
14,6,7,2.1,2.7,0.74,Late submission and weak teamwork,0.65,4.7,1.0,0.98,2.91
11,4,5,2.4,2.7,0.72,Good but not consistent,0.88,4.3,0.61,0.64,2.79
20,18,1,3.5,4.3,0.61,Needs improvement in deadlines,0.73,4.3,0.79,0.77,4.08
16,15,0,3.4,4.7,0.9,Outstanding contribution,0.47,3.0,0.32,0.73,4.08
20,0,17,4.0,4.5,0.61,Good but not consistent,0.64,4.7,0.8,0.55,2.95
10,4,1,4.4,5.0,0.99,Outstanding contribution,0.52,3.5,0.8,0.61,3.68
16,2,2,4.9,3.7,0.76,Excellent performance and teamwork,0.99,4.4,0.98,0.89,3.17
20,10,0,4.0,5.0,0.61,Excellent performance and teamwork,0.46,3.5,0.36,0.65,3.56
20,18,2,2.0,2.0,0.73,Excellent performance and teamwork,0.79,4.7,0.74,0.66,3.45
8,1,6,4.6,2.7,0.87,Outstanding contribution,0.69,3.4,0.33,0.72,2.76
15,1,0,2.1,2.3,0.7,Needs improvement in deadlines,0.7,2.8,0.97,0.6,1.89
5,0,5,4.5,4.1,0.69,Needs improvement in deadlines,0.88,2.7,0.35,0.59,2.6
9,6,2,3.6,3.0,0.89,Outstanding contribution,0.5,4.3,0.63,0.86,3.63
15,10,5,3.5,4.5,0.62,Needs improvement in deadlines,0.98,3.1,0.6,0.65,3.53
13,9,0,5.0,4.7,0.96,Very committed and reliable,0.94,2.7,0.51,0.77,4.0
16,8,7,4.7,3.0,0.67,Late submission and weak teamwork,0.64,3.1,0.91,0.99,3.25
20,1,11,2.5,4.0,0.93,Late submission and weak teamwork,0.56,3.6,0.64,0.99,2.56
13,3,9,3.7,3.8,0.64,Very committed and reliable,0.46,4.9,0.36,0.59,3.15
5,2,0,3.9,3.9,0.86,Very committed and reliable,0.43,3.5,0.82,0.67,3.29
14,6,2,2.4,4.8,0.64,Good but not consistent,0.62,4.2,0.62,0.86,3.24
11,5,2,2.0,4.6,0.74,Needs improvement in deadlines,0.84,4.4,0.82,0.6,3.25
11,8,3,2.9,2.9,0.62,Late submission and weak teamwork,0.9,4.5,0.69,0.52,3.46
7,1,3,4.8,2.5,0.79,Good but not consistent,0.82,3.1,0.83,0.62,2.69
9,3,6,2.8,2.7,0.68,Late submission and weak teamwork,0.96,4.8,0.92,1.0,2.9
7,3,4,3.1,4.7,0.61,Outstanding contribution,0.99,2.6,0.82,0.86,3.03
6,3,0,2.3,2.6,0.72,Excellent performance and teamwork,0.81,2.9,0.89,0.74,2.67
10,10,0,4.0,4.3,0.68,Good but not consistent,0.94,2.7,0.92,0.87,4.04
15,5,0,3.9,4.5,0.83,Needs improvement in deadlines,0.66,3.3,0.43,0.94,3.26
17,3,1,2.5,2.3,0.83,Late submission and weak teamwork,0.48,3.5,0.9,0.52,2.34
15,4,0,3.8,3.7,0.68,Good but not consistent,0.56,3.7,0.82,0.87,2.98
11,3,5,3.6,4.7,0.75,Very committed and reliable,0.94,3.4,0.72,0.98,3.12
19,3,3,2.3,3.0,0.71,Needs improvement in deadlines,0.52,4.8,0.31,0.55,2.61
6,6,0,2.1,3.5,0.88,Late submission and weak teamwork,0.63,4.7,0.58,1.0,4.0
7,0,3,3.2,4.7,0.94,Outstanding contribution,0.5,4.4,0.9,0.48,2.93
17,12,2,3.6,4.6,0.83,Excellent performance and teamwork,0.59,4.6,0.54,0.98,4.03
20,7,10,4.1,3.6,0.64,Needs improvement in deadlines,0.71,4.7,0.78,0.88,3.32
6,4,1,3.6,2.8,0.78,Very committed and reliable,0.47,3.1,0.92,0.52,3.29
5,1,2,3.9,3.3,0.61,Needs improvement in deadlines,0.66,3.9,0.58,0.41,2.83
14,1,13,2.2,2.8,0.63,Needs improvement in deadlines,0.49,3.7,0.96,0.8,2.16
9,1,5,2.8,2.2,0.63,Good but not consistent,0.76,4.0,0.87,0.99,2.28
17,3,11,4.8,2.3,0.75,Very committed and reliable,0.5,3.9,0.55,0.68,2.84
15,0,11,4.5,4.8,0.86,Outstanding contribution,0.56,4.1,0.82,0.62,3.11
14,3,7,3.0,2.2,0.88,Very committed and reliable,0.56,2.6,0.45,0.73,2.32
17,11,2,3.4,2.7,0.73,Outstanding contribution,0.98,3.1,0.81,0.64,3.18
5,2,0,2.2,2.2,1.0,Excellent performance and teamwork,0.93,3.1,0.35,0.85,2.6
10,2,0,4.9,3.2,0.64,Late submission and weak teamwork,0.51,2.7,0.44,0.63,2.78
11,10,0,4.0,3.5,0.76,Late submission and weak teamwork,0.79,4.8,0.94,0.99,4.2
6,4,1,3.4,4.9,0.9,Outstanding contribution,0.79,3.4,0.78,0.56,3.79
13,7,5,3.3,2.1,0.67,Very committed and reliable,0.77,3.2,0.88,0.65,2.86
15,10,0,4.2,2.2,0.68,Needs improvement in deadlines,0.72,3.0,0.97,0.93,3.22
13,13,0,2.7,4.6,0.6,Good but not consistent,0.77,4.2,0.72,0.82,4.1
10,2,6,3.3,3.3,0.7,Needs improvement in deadlines,0.63,4.8,0.74,0.93,2.93
17,17,0,3.3,2.1,0.65,Excellent performance and teamwork,0.59,4.4,0.99,0.67,3.79
5,5,0,3.5,3.5,0.6,Very committed and reliable,0.74,4.5,0.73,0.59,4.1
15,0,2,4.5,4.3,0.86,Good but not consistent,0.41,4.3,0.57,0.58,3.05
11,9,2,4.2,2.9,0.95,Very committed and reliable,0.93,2.9,0.84,0.87,3.7
15,14,1,3.2,4.7,0.9,Excellent performance and teamwork,0.85,3.9,0.76,0.58,4.21
19,18,1,3.3,2.6,0.78,Outstanding contribution,0.88,3.1,0.49,0.96,3.61
7,0,3,3.7,2.7,0.96,Late submission and weak teamwork,0.59,3.5,0.36,0.88,2.46
17,6,3,2.4,3.7,0.97,Outstanding contribution,0.68,4.0,0.56,0.64,3.03
8,7,1,4.0,4.8,0.89,Very committed and reliable,0.9,3.2,0.94,0.89,4.16
6,1,5,2.7,4.9,0.99,Very committed and reliable,0.41,4.7,0.63,0.84,3.21
20,13,3,3.6,4.8,0.95,Outstanding contribution,0.62,4.3,0.91,0.93,3.99
7,1,6,2.6,3.8,0.66,Good but not consistent,0.71,3.5,0.42,0.68,2.52
19,14,1,2.5,3.3,0.62,Outstanding contribution,0.54,3.8,0.83,0.98,3.34
16,7,3,2.9,3.7,0.79,Excellent performance and teamwork,0.58,4.8,0.32,0.6,3.33
11,4,2,2.2,4.3,0.99,Good but not consistent,0.46,4.2,0.85,0.86,3.18
18,14,1,3.4,4.8,0.8,Outstanding contribution,0.69,4.1,0.81,0.96,4.03
17,13,0,2.9,4.0,0.74,Late submission and weak teamwork,0.95,4.0,0.93,0.41,3.7
18,11,4,4.5,4.5,0.73,Good but not consistent,0.67,2.7,0.5,0.63,3.62
15,1,10,2.2,2.8,0.77,Outstanding contribution,0.57,2.6,0.95,0.42,2.0
20,0,6,3.1,4.3,0.84,Outstanding contribution,0.64,4.8,0.67,0.59,2.86
10,7,1,5.0,3.2,0.62,Excellent performance and teamwork,0.95,3.8,0.93,0.48,3.76
17,17,0,4.2,5.0,0.89,Needs improvement in deadlines,0.8,3.4,0.82,0.9,4.46
11,0,2,3.3,2.3,0.89,Good but not consistent,0.48,3.8,0.72,0.56,2.33
12,7,0,3.3,2.3,0.8,Late submission and weak teamwork,0.88,3.2,0.8,0.89,3.04
13,10,3,3.4,4.4,0.96,Outstanding contribution,0.73,3.8,0.68,0.41,3.95
13,10,2,2.5,3.7,0.62,Late submission and weak teamwork,0.49,4.5,0.96,0.72,3.6
14,1,0,3.3,4.8,0.7,Very committed and reliable,0.78,3.2,0.41,0.62,2.72
12,11,1,3.2,2.5,0.79,Late submission and weak teamwork,0.67,3.8,0.96,0.6,3.67
13,10,1,4.7,4.8,0.69,Outstanding contribution,0.8,4.3,0.97,0.71,4.26
13,13,0,3.9,5.0,0.7,Good but not consistent,0.94,3.1,0.44,0.41,4.25
13,1,4,2.6,4.3,0.81,Very committed and reliable,0.99,4.6,0.99,0.95,2.82
12,9,3,3.5,3.8,0.64,Good but not consistent,0.66,2.8,0.35,0.82,3.46
14,2,6,4.2,4.6,0.64,Good but not consistent,0.61,4.0,0.98,0.55,3.09
19,3,13,2.6,4.5,0.6,Good but not consistent,0.99,4.9,0.81,0.46,2.94
16,14,1,2.8,4.0,0.69,Outstanding contribution,0.58,3.7,0.59,0.77,3.76
16,1,0,3.4,3.3,0.85,Outstanding contribution,0.92,4.2,0.35,0.89,2.7
18,4,0,2.8,3.2,0.77,Late submission and weak teamwork,0.88,2.8,0.41,0.76,2.48
18,16,2,3.1,2.9,0.78,Late submission and weak teamwork,0.55,3.9,0.78,0.94,3.7
20,10,0,2.6,2.3,0.93,Excellent performance and teamwork,0.75,4.8,0.86,0.48,3.16
17,7,6,2.4,3.7,0.69,Needs improvement in deadlines,1.0,4.7,0.87,0.77,3.12
19,13,2,3.1,2.3,0.8,Late submission and weak teamwork,0.79,2.5,0.43,0.4,3.01
15,13,2,2.8,4.1,0.67,Excellent performance and teamwork,0.82,3.8,0.45,0.83,3.77
9,1,6,2.6,4.0,0.64,Very committed and reliable,0.75,3.3,0.31,0.46,2.47
14,3,10,2.8,2.6,0.69,Very committed and reliable,0.49,3.7,0.87,0.95,2.49
10,0,8,2.6,4.1,0.87,Outstanding contribution,0.73,2.6,0.36,0.52,2.29
7,6,0,2.4,4.6,0.84,Needs improvement in deadlines,0.66,2.7,0.41,0.72,3.65
17,14,3,2.6,3.8,0.63,Excellent performance and teamwork,0.57,3.7,0.78,0.53,3.57
16,8,1,4.6,2.9,0.95,Good but not consistent,0.88,3.9,0.3,0.42,3.5
6,1,3,2.2,4.8,0.86,Outstanding contribution,0.77,2.8,0.55,0.65,2.64
10,1,1,2.2,2.8,0.87,Outstanding contribution,0.87,4.0,0.31,0.62,2.38
18,6,3,4.7,3.2,0.85,Outstanding contribution,0.86,4.8,0.32,0.77,3.46
9,6,1,3.3,4.2,0.97,Excellent performance and teamwork,0.62,4.4,0.75,0.45,3.87
12,8,1,5.0,4.5,0.99,Excellent performance and teamwork,1.0,4.5,0.86,0.48,4.29
18,14,1,4.6,4.9,0.76,Very committed and reliable,0.98,3.1,0.98,0.65,4.07
13,13,0,4.0,3.5,0.65,Good but not consistent,0.56,2.5,0.81,0.47,3.83
18,1,10,4.5,3.3,0.69,Outstanding contribution,0.73,4.7,0.37,0.5,2.93
13,12,1,3.9,4.0,0.75,Excellent performance and teamwork,0.94,3.8,0.71,0.7,4.1
17,14,0,4.0,3.0,0.67,Outstanding contribution,0.59,5.0,0.49,0.6,3.97
19,4,8,2.1,4.7,0.72,Needs improvement in deadlines,0.43,3.1,0.82,0.42,2.66
12,9,1,2.6,4.7,0.87,Excellent performance and teamwork,0.7,3.8,0.4,0.58,3.78
11,5,0,2.1,3.0,0.96,Excellent performance and teamwork,0.83,4.8,0.75,0.88,3.14
10,10,0,3.7,2.5,0.79,Outstanding contribution,0.74,3.1,0.58,0.66,3.76
20,4,5,4.1,4.4,0.84,Outstanding contribution,0.62,4.7,0.34,0.95,3.36
8,0,3,3.5,3.6,0.93,Excellent performance and teamwork,0.89,3.6,0.7,0.45,2.61
8,0,2,3.7,3.3,0.66,Late submission and weak teamwork,0.87,4.3,0.31,0.85,2.59
5,0,4,2.3,4.9,0.69,Very committed and reliable,0.87,3.2,0.85,0.48,2.42
9,6,1,3.2,2.7,0.93,Late submission and weak teamwork,0.51,4.2,0.39,0.8,3.49
15,15,0,4.4,4.4,0.91,Excellent performance and teamwork,0.78,4.1,0.49,0.77,4.54
15,0,10,3.6,4.3,0.99,Needs improvement in deadlines,0.99,4.9,0.79,0.5,3.06
11,4,7,4.3,4.0,0.86,Very committed and reliable,0.51,3.3,0.71,0.94,3.3
18,12,6,4.2,4.3,0.62,Excellent performance and teamwork,0.9,3.7,0.74,0.77,3.75
13,11,1,2.7,2.5,0.84,Very committed and reliable,0.7,4.6,0.87,0.98,3.65
7,7,0,3.5,4.8,0.71,Outstanding contribution,0.57,4.0,0.4,0.96,4.32
9,1,6,4.1,3.8,0.67,Very committed and reliable,0.92,3.6,0.81,0.74,2.8
19,19,0,5.0,2.2,0.88,Late submission and weak teamwork,0.42,3.9,0.34,0.64,4.16
16,7,2,2.9,2.2,0.87,Very committed and reliable,0.74,3.6,0.71,1.0,2.83
6,0,1,4.0,2.7,0.97,Very committed and reliable,0.46,2.7,0.78,0.86,2.37
15,12,0,2.2,3.5,0.88,Outstanding contribution,0.53,4.2,0.68,0.82,3.62
11,0,7,4.4,3.7,0.8,Outstanding contribution,0.61,2.6,0.86,0.55,2.54
19,4,15,3.9,5.0,0.82,Excellent performance and teamwork,0.48,2.8,0.58,0.88,3.07
11,10,1,3.6,3.9,0.64,Outstanding contribution,0.87,2.6,0.61,0.73,3.7
19,1,9,2.1,2.7,0.88,Late submission and weak teamwork,0.94,3.4,0.88,0.81,2.16
14,14,0,3.7,2.4,0.81,Needs improvement in deadlines,0.59,3.1,0.59,0.48,3.75
10,10,0,2.1,4.5,0.75,Late submission and weak teamwork,0.52,4.9,0.71,0.53,4.17
14,4,8,4.9,3.0,0.95,Late submission and weak teamwork,0.44,2.8,0.58,0.61,3.04
13,9,2,3.0,4.1,0.69,Late submission and weak teamwork,0.46,4.6,0.84,0.79,3.72
19,15,3,2.1,4.4,0.79,Late submission and weak teamwork,0.83,2.8,0.64,0.73,3.44
20,5,2,4.2,3.3,0.64,Very committed and reliable,0.78,3.7,0.6,0.63,2.94
16,14,0,3.9,3.4,0.97,Excellent performance and teamwork,0.61,3.0,0.85,0.9,3.86
8,7,1,2.9,4.6,0.89,Late submission and weak teamwork,0.9,3.4,0.45,0.9,3.94
10,8,2,4.6,4.7,0.72,Needs improvement in deadlines,0.55,3.1,0.47,0.58,4.04
7,2,0,3.5,4.5,0.63,Excellent performance and teamwork,0.74,3.4,0.71,0.97,3.02
9,5,2,2.6,3.8,0.94,Excellent performance and teamwork,0.82,2.5,0.77,0.91,3.08
18,10,4,3.3,2.2,0.88,Needs improvement in deadlines,0.5,3.3,0.75,0.69,3.03
14,6,3,4.9,4.6,0.61,Excellent performance and teamwork,0.48,4.6,0.6,0.79,3.77
10,0,7,4.0,4.6,0.88,Very committed and reliable,0.83,3.5,0.33,0.47,2.86
9,6,2,4.6,3.7,0.81,Late submission and weak teamwork,0.68,4.4,0.86,0.87,3.95
18,17,0,3.3,2.3,0.7,Needs improvement in deadlines,0.76,3.4,0.37,0.4,3.57
10,6,1,4.1,4.0,0.73,Needs improvement in deadlines,0.79,2.8,0.3,0.83,3.44
19,10,9,4.8,4.0,0.71,Outstanding contribution,0.82,2.9,0.38,0.86,3.48
15,9,0,2.6,4.7,0.69,Needs improvement in deadlines,0.69,3.1,0.87,0.81,3.33
17,14,2,3.0,2.7,0.86,Very committed and reliable,0.46,5.0,0.75,0.85,3.81
16,0,15,3.4,3.5,0.89,Very committed and reliable,0.78,3.9,0.32,0.58,2.61
8,2,2,4.8,4.3,0.75,Outstanding contribution,0.68,4.5,0.45,0.45,3.47
11,1,2,4.6,3.7,0.62,Late submission and weak teamwork,0.69,4.7,0.75,0.42,3.05
19,9,1,3.7,3.1,0.69,Outstanding contribution,0.96,3.4,0.62,0.46,3.1
9,7,0,3.4,4.5,0.9,Excellent performance and teamwork,0.84,4.5,0.31,0.46,4.1
15,12,1,3.3,4.4,0.67,Excellent performance and teamwork,0.59,3.1,0.95,0.74,3.7
20,13,1,2.8,2.9,0.74,Very committed and reliable,0.61,4.6,0.87,0.69,3.41
5,1,1,2.8,4.8,0.63,Needs improvement in deadlines,0.43,3.4,0.48,0.72,2.81
7,1,1,2.4,2.1,0.74,Excellent performance and teamwork,0.73,4.6,0.41,0.67,2.4
12,0,9,2.3,2.1,0.61,Very committed and reliable,0.76,2.7,0.39,0.7,1.73
8,0,7,3.6,2.0,0.78,Outstanding contribution,0.44,2.8,0.47,0.41,2.07
10,2,4,3.0,2.1,0.92,Outstanding contribution,0.72,3.6,0.49,0.66,2.5
20,5,3,4.4,2.1,0.65,Late submission and weak teamwork,0.72,4.9,0.69,0.54,2.98
7,5,1,2.4,2.6,0.85,Excellent performance and teamwork,0.72,4.7,0.48,0.78,3.44
18,2,11,2.9,4.3,0.93,Needs improvement in deadlines,0.53,4.7,0.96,0.49,3.01
14,4,5,2.6,2.8,0.9,Outstanding contribution,0.88,3.9,0.73,0.5,2.74
12,10,0,4.4,4.5,0.82,Late submission and weak teamwork,0.48,4.1,0.62,0.83,4.26
11,6,3,3.5,3.2,0.95,Good but not consistent,0.99,3.4,0.52,0.93,3.31
16,3,0,2.7,2.9,0.86,Late submission and weak teamwork,0.57,4.6,0.78,0.97,2.75
16,5,9,2.6,3.2,0.99,Late submission and weak teamwork,0.98,3.8,0.79,0.95,2.88
9,1,2,4.1,4.1,0.74,Late submission and weak teamwork,0.58,4.6,0.51,0.57,3.1
11,5,6,2.2,4.3,0.78,Late submission and weak teamwork,0.46,5.0,0.41,0.72,3.37
7,2,3,4.5,3.7,0.7,Needs improvement in deadlines,0.81,4.9,0.49,0.72,3.4
10,4,3,3.7,5.0,0.72,Outstanding contribution,0.59,4.1,0.57,0.49,3.52
9,2,6,2.1,4.2,0.84,Outstanding contribution,0.82,4.7,0.79,0.86,2.95
15,7,7,2.9,4.8,0.82,Needs improvement in deadlines,0.61,2.8,0.77,0.86,3.21
14,12,2,4.8,4.6,0.72,Excellent performance and teamwork,0.61,2.6,0.67,0.95,4.05
15,5,10,2.2,2.0,0.65,Late submission and weak teamwork,0.45,2.6,0.61,0.53,2.18
11,1,5,3.5,3.8,0.9,Excellent performance and teamwork,0.45,4.3,0.74,0.75,2.91
11,7,2,4.8,3.5,0.85,Good but not consistent,0.6,2.8,0.85,0.51,3.6
11,7,0,2.8,4.3,0.69,Needs improvement in deadlines,0.56,4.4,0.67,0.49,3.6
17,5,7,2.2,3.8,0.97,Outstanding contribution,0.78,3.4,0.33,0.75,2.81
15,6,5,4.4,4.7,0.93,Excellent performance and teamwork,0.5,4.3,0.38,0.75,3.74
5,1,4,4.6,2.5,0.72,Very committed and reliable,0.62,3.0,0.54,0.74,2.68
7,5,0,4.2,4.6,0.87,Very committed and reliable,0.45,4.8,0.87,0.55,4.23
18,15,1,3.6,4.7,0.92,Needs improvement in deadlines,0.74,4.0,0.66,0.8,4.17
5,0,5,4.3,3.1,0.89,Good but not consistent,0.47,3.2,0.47,0.99,2.57
7,1,4,3.6,3.8,0.75,Good but not consistent,0.56,3.4,0.91,0.81,2.75
16,4,8,4.9,2.7,0.84,Late submission and weak teamwork,0.59,4.7,0.68,0.4,3.25
13,9,2,3.3,3.1,0.65,Excellent performance and teamwork,0.97,2.9,0.83,0.77,3.22
9,1,3,4.3,2.9,0.77,Late submission and weak teamwork,0.75,2.7,0.9,0.8,2.53
9,8,0,3.6,2.8,0.88,Outstanding contribution,0.67,4.8,0.59,0.58,4.01
10,1,1,3.2,4.6,0.85,Very committed and reliable,0.62,4.5,0.43,0.86,3.03
5,4,1,4.6,3.9,0.76,Late submission and weak teamwork,0.58,3.3,0.45,0.75,3.94
6,5,1,4.8,3.7,0.89,Late submission and weak teamwork,0.63,4.3,0.48,0.86,4.26
15,5,2,3.3,4.5,0.96,Late submission and weak teamwork,0.77,2.5,0.88,0.67,3.04
17,5,7,2.9,2.5,0.67,Very committed and reliable,0.95,3.7,0.45,0.72,2.6
20,20,0,4.5,3.7,0.98,Outstanding contribution,0.95,3.0,0.44,0.88,4.23
8,7,1,4.2,4.3,0.63,Late submission and weak teamwork,0.47,3.8,0.35,0.69,4.09
19,18,0,4.9,3.1,0.64,Very committed and reliable,0.89,2.8,0.59,0.81,3.9
7,3,1,3.4,3.0,0.89,Outstanding contribution,0.96,4.9,0.83,0.53,3.35
19,16,2,4.8,2.3,0.61,Excellent performance and teamwork,0.57,4.9,0.8,0.49,3.97
16,15,1,2.4,3.7,0.79,Late submission and weak teamwork,0.61,3.0,0.72,0.97,3.62
17,5,10,4.5,3.4,0.65,Very committed and reliable,0.76,3.5,0.75,0.53,3.05
11,2,6,3.5,3.9,0.92,Needs improvement in deadlines,0.4,3.8,0.89,0.44,2.97
9,7,1,4.9,4.6,0.92,Very committed and reliable,0.48,2.7,0.67,0.78,4.07
6,4,2,4.5,2.6,1.0,Outstanding contribution,0.72,3.8,0.7,0.56,3.68
7,4,3,3.3,4.7,0.73,Late submission and weak teamwork,0.71,4.5,0.67,0.57,3.72
10,7,1,2.7,4.7,0.63,Excellent performance and teamwork,0.71,4.6,0.33,0.9,3.77
20,14,0,2.9,2.9,0.79,Very committed and reliable,0.41,3.3,0.92,0.69,3.27
10,10,0,2.4,2.7,0.86,Outstanding contribution,0.65,3.9,0.91,0.69,3.73
20,19,1,2.1,4.3,0.64,Excellent performance and teamwork,0.46,5.0,0.86,0.83,4.02
11,10,1,3.8,3.8,0.83,Very committed and reliable,0.83,3.8,0.35,0.72,4.06
17,15,2,2.1,2.1,0.91,Good but not consistent,0.69,3.4,0.47,0.87,3.3
8,8,0,4.2,3.6,0.74,Late submission and weak teamwork,0.95,4.8,0.37,0.98,4.39
7,5,1,2.2,2.2,0.85,Very committed and reliable,0.76,3.0,0.95,0.68,2.98
20,8,6,3.1,2.5,0.83,Needs improvement in deadlines,0.7,4.6,0.59,0.8,3.06
19,2,2,4.1,2.2,0.75,Outstanding contribution,0.64,4.8,0.47,0.85,2.75
13,12,0,3.2,3.5,0.93,Very committed and reliable,0.57,2.8,0.73,0.96,3.75
19,13,2,3.5,3.8,0.66,Very committed and reliable,0.79,5.0,0.65,0.93,3.82
8,5,2,4.3,2.6,0.79,Needs improvement in deadlines,0.89,3.7,0.76,0.66,3.45
19,10,0,2.8,3.6,0.77,Outstanding contribution,0.76,2.7,0.35,0.69,2.99
9,7,1,4.6,2.8,0.6,Excellent performance and teamwork,0.97,4.3,0.7,0.57,3.81
10,6,2,3.1,2.1,0.64,Needs improvement in deadlines,0.45,3.6,0.65,0.55,2.98
7,4,3,2.6,2.4,0.67,Needs improvement in deadlines,0.95,3.9,0.39,0.43,2.97
20,11,9,2.0,3.1,0.84,Good but not consistent,0.81,4.7,0.71,0.98,3.21
16,9,5,2.7,4.3,0.92,Good but not consistent,0.78,4.1,0.66,0.73,3.52
15,15,0,3.6,3.6,0.75,Late submission and weak teamwork,0.54,2.6,0.54,0.51,3.84
9,3,5,2.6,2.8,0.7,Late submission and weak teamwork,0.95,4.2,0.58,0.58,2.77
9,5,4,4.8,2.2,0.84,Outstanding contribution,0.49,2.9,0.8,0.52,3.23
18,10,8,4.8,4.5,0.73,Excellent performance and teamwork,0.51,4.2,0.76,0.92,3.9
14,9,3,3.8,4.3,0.61,Good but not consistent,0.98,4.7,0.65,0.91,3.83
16,4,9,3.7,4.1,0.68,Late submission and weak teamwork,0.59,2.8,0.54,0.84,2.83
5,0,4,2.7,2.4,0.65,Late submission and weak teamwork,0.55,3.8,0.88,0.57,2.1
7,4,0,3.7,3.3,0.88,Excellent performance and teamwork,0.75,2.9,0.54,0.43,3.28
14,14,0,3.3,4.0,0.62,Good but not consistent,0.94,3.8,0.95,0.64,4.03
7,3,4,2.7,3.3,0.63,Outstanding contribution,0.52,4.9,0.64,0.82,3.14
16,16,0,3.8,4.6,0.9,Late submission and weak teamwork,0.48,4.6,0.89,0.94,4.55
9,1,3,3.6,4.3,0.96,Needs improvement in deadlines,0.94,3.5,0.69,0.76,2.93
5,4,0,3.2,4.9,0.81,Outstanding contribution,0.43,3.2,0.43,0.51,3.87
9,3,6,4.1,2.2,0.87,Good but not consistent,0.56,2.5,0.37,0.77,2.69
16,12,4,2.9,3.4,0.85,Needs improvement in deadlines,0.82,2.7,0.61,0.89,3.35
14,1,1,3.4,4.8,0.78,Late submission and weak teamwork,0.94,3.3,0.47,0.64,2.8
14,8,4,4.4,2.6,0.81,Excellent performance and teamwork,0.59,4.9,0.7,0.5,3.64
15,13,1,2.9,3.8,0.81,Very committed and reliable,0.94,4.8,0.72,0.54,4.0
18,18,0,2.2,4.1,0.83,Good but not consistent,0.89,2.6,0.95,0.51,3.69
13,7,4,2.1,3.2,0.69,Very committed and reliable,0.66,3.0,0.74,0.77,2.81
16,14,2,3.9,4.2,0.64,Very committed and reliable,0.57,3.5,0.33,0.8,3.95
7,4,1,3.9,2.6,0.78,Good but not consistent,0.75,4.0,0.83,0.4,3.35
7,0,3,2.3,3.1,0.7,Excellent performance and teamwork,0.92,3.4,0.63,0.88,2.11
11,5,2,2.7,3.2,0.71,Late submission and weak teamwork,0.41,4.1,0.67,0.49,3.04
20,11,5,3.7,4.6,0.98,Good but not consistent,0.45,3.6,0.82,0.55,3.7
5,3,1,3.7,4.5,0.91,Good but not consistent,0.56,3.3,0.83,0.91,3.66
8,1,3,2.4,2.3,0.65,Very committed and reliable,0.46,4.4,0.54,0.42,2.33
6,1,5,4.9,4.0,0.95,Late submission and weak teamwork,0.81,3.5,0.65,0.54,3.21
19,16,1,3.9,4.0,0.9,Needs improvement in deadlines,0.97,5.0,0.62,0.87,4.29
16,8,3,3.1,4.0,0.86,Outstanding contribution,0.75,3.1,0.5,0.55,3.22
8,3,2,4.6,3.4,0.61,Late submission and weak teamwork,0.68,2.6,0.62,0.87,2.99
17,11,2,2.7,4.7,0.79,Good but not consistent,0.61,3.5,0.85,0.75,3.55
9,5,2,3.2,3.0,1.0,Very committed and reliable,0.61,2.9,0.85,0.74,3.15
11,0,4,2.3,3.2,0.93,Outstanding contribution,0.64,4.0,0.74,0.42,2.37
12,7,0,2.6,3.0,0.81,Outstanding contribution,0.41,4.6,0.64,0.97,3.32
15,6,2,2.4,2.6,0.63,Late submission and weak teamwork,0.79,3.4,0.59,0.5,2.6
16,13,1,3.7,3.7,0.66,Excellent performance and teamwork,0.52,3.3,0.71,0.64,3.69
13,11,1,2.1,4.5,0.92,Very committed and reliable,0.66,2.5,0.47,0.96,3.55
5,2,0,4.0,4.2,0.82,Excellent performance and teamwork,0.67,4.7,0.6,0.44,3.59
9,5,0,2.5,2.6,0.99,Excellent performance and teamwork,0.55,3.8,0.9,0.46,3.11
7,5,0,5.0,2.6,0.61,Late submission and weak teamwork,0.65,3.6,0.33,0.85,3.62
12,1,2,3.7,3.7,0.89,Very committed and reliable,0.69,4.9,0.48,0.8,3.03
10,0,1,2.6,3.4,0.78,Needs improvement in deadlines,0.72,3.4,0.94,0.59,2.27
5,2,1,3.1,2.6,0.92,Good but not consistent,0.78,3.3,0.55,0.52,2.86
12,4,5,2.8,4.0,0.92,Outstanding contribution,0.47,4.4,0.5,0.88,3.2
17,16,1,2.9,2.6,0.77,Outstanding contribution,0.45,3.5,0.49,0.45,3.6
18,14,4,2.4,3.0,0.66,Late submission and weak teamwork,0.7,4.3,0.47,0.66,3.44
18,11,5,3.5,2.2,0.94,Good but not consistent,0.43,3.9,0.42,0.96,3.31
13,2,11,2.9,4.5,0.79,Outstanding contribution,0.68,4.6,0.71,0.91,3.03
15,13,2,4.6,3.2,0.78,Very committed and reliable,0.47,2.5,0.91,0.92,3.75
8,5,3,3.7,3.4,0.61,Late submission and weak teamwork,0.94,4.8,0.37,0.87,3.62
6,0,3,3.0,4.0,0.72,Needs improvement in deadlines,0.96,3.9,0.37,0.67,2.54
11,2,4,2.1,2.0,0.87,Very committed and reliable,0.76,3.1,0.45,0.56,2.15
16,5,6,3.4,3.3,0.93,Excellent performance and teamwork,0.46,4.3,0.97,0.7,3.13
16,2,0,4.6,4.9,0.89,Very committed and reliable,0.85,2.8,0.79,0.87,3.09
19,18,0,4.1,2.8,0.72,Late submission and weak teamwork,0.61,4.3,0.67,0.72,4.02
11,8,0,2.2,4.7,0.93,Good but not consistent,0.86,4.8,0.79,0.59,3.9
17,8,0,2.8,3.1,0.75,Very committed and reliable,0.53,4.1,0.66,0.88,3.08
19,2,5,4.4,4.2,0.68,Outstanding contribution,0.6,4.0,0.87,0.63,3.02
9,8,1,4.5,3.6,0.62,Outstanding contribution,0.59,4.8,0.42,0.7,4.22
16,7,4,2.4,4.5,0.76,Excellent performance and teamwork,0.84,3.7,0.42,0.76,3.16
9,4,3,4.7,4.8,0.89,Good but not consistent,0.57,3.8,0.48,1.0,3.77
7,4,1,3.7,2.5,0.95,Good but not consistent,0.83,4.0,0.65,0.83,3.37
10,7,1,2.1,2.0,0.78,Excellent performance and teamwork,0.8,4.5,0.33,0.83,3.16
8,2,3,2.7,2.8,0.7,Very committed and reliable,0.98,3.9,0.36,0.86,2.61
17,16,0,2.1,2.5,0.72,Good but not consistent,0.5,2.9,0.38,0.98,3.27
11,1,7,4.6,4.2,0.94,Excellent performance and teamwork,0.44,3.2,0.7,0.47,3.01
20,8,0,3.4,3.0,0.94,Needs improvement in deadlines,0.82,4.2,0.44,0.72,3.19
14,9,3,3.6,2.6,0.85,Late submission and weak teamwork,0.87,2.5,0.96,0.61,3.13
5,5,0,4.0,3.0,0.64,Outstanding contribution,0.94,3.6,0.79,0.92,3.94
6,3,2,2.8,3.0,0.61,Good but not consistent,0.85,4.3,0.71,0.63,3.08
16,6,6,3.1,3.5,0.86,Excellent performance and teamwork,0.76,4.4,0.78,0.5,3.19
8,0,4,5.0,4.3,0.96,Needs improvement in deadlines,0.59,3.1,0.85,0.48,2.96
11,7,4,3.5,3.9,0.63,Excellent performance and teamwork,0.6,2.8,0.63,0.46,3.31
20,15,2,2.7,4.7,0.74,Excellent performance and teamwork,0.54,2.9,0.62,0.67,3.56
17,8,3,3.5,3.1,0.95,Needs improvement in deadlines,0.81,4.5,0.79,0.4,3.4
20,15,0,2.9,2.2,0.66,Excellent performance and teamwork,0.77,3.1,0.59,0.61,3.1
19,9,0,4.3,3.6,0.71,Needs improvement in deadlines,0.81,3.1,0.7,0.89,3.27
17,8,1,2.1,3.7,0.88,Very committed and reliable,0.84,4.7,0.43,0.49,3.25
6,1,0,4.5,4.2,0.62,Excellent performance and teamwork,0.75,4.9,0.54,0.9,3.28
5,0,0,2.8,3.7,0.8,Needs improvement in deadlines,0.76,4.2,0.35,0.97,2.54
19,11,0,4.5,2.0,0.81,Late submission and weak teamwork,0.61,3.1,0.42,0.78,3.19
12,0,7,2.9,4.9,0.82,Good but not consistent,0.56,4.7,0.79,0.82,2.91
18,7,4,4.3,3.9,0.83,Needs improvement in deadlines,0.6,3.4,0.78,0.88,3.32
17,8,8,3.5,2.8,0.78,Outstanding contribution,0.8,2.7,0.53,0.42,2.9
14,3,1,3.5,4.7,0.76,Good but not consistent,0.41,4.1,0.86,0.63,3.16
8,2,3,2.5,4.2,0.75,Outstanding contribution,0.86,4.9,0.93,0.56,3.07
12,6,5,4.6,4.2,0.92,Good but not consistent,0.43,2.7,0.32,0.73,3.51
18,2,13,4.9,3.6,0.97,Excellent performance and teamwork,0.46,3.7,0.75,0.84,3.09
20,1,0,4.6,3.0,0.77,Outstanding contribution,0.57,3.7,0.87,0.55,2.72
13,13,0,2.1,4.6,0.67,Late submission and weak teamwork,0.96,3.0,0.62,0.41,3.77
9,2,7,3.7,3.6,0.88,Excellent performance and teamwork,0.95,2.9,0.6,0.65,2.81
9,7,2,2.7,4.4,0.86,Good but not consistent,0.81,3.1,0.79,0.78,3.64
12,0,10,2.8,2.1,0.77,Outstanding contribution,0.83,4.7,0.65,0.79,2.31
10,6,2,4.4,3.6,0.92,Late submission and weak teamwork,0.72,2.8,0.95,0.63,3.52
15,9,4,2.7,2.4,0.64,Good but not consistent,0.89,3.9,0.65,0.79,3.02
17,6,11,3.7,2.2,0.77,Good but not consistent,0.83,2.7,0.87,0.56,2.63
18,6,1,4.7,3.6,0.74,Good but not consistent,0.72,2.6,0.97,0.98,3.05
9,9,0,3.0,2.8,0.85,Excellent performance and teamwork,0.5,2.8,0.34,0.5,3.65
11,10,0,4.8,2.4,0.61,Good but not consistent,0.84,3.4,0.47,0.99,3.79
19,7,5,3.5,4.5,0.88,Late submission and weak teamwork,0.76,4.3,0.73,0.68,3.45
7,1,0,3.6,4.9,0.63,Outstanding contribution,0.7,5.0,0.71,0.43,3.23
7,7,0,2.1,4.4,0.74,Outstanding contribution,0.89,3.1,0.47,0.41,3.79
20,8,8,4.7,4.7,0.98,Outstanding contribution,0.72,2.5,0.4,0.74,3.47
11,0,3,2.6,3.1,0.89,Excellent performance and teamwork,0.41,4.2,0.31,0.71,2.43
19,17,2,2.7,3.6,0.67,Late submission and weak teamwork,0.72,4.4,0.56,0.63,3.82
19,12,5,2.9,3.8,0.92,Late submission and weak teamwork,0.45,2.5,0.86,0.92,3.25
14,12,2,3.8,3.5,0.93,Late submission and weak teamwork,0.59,3.4,0.59,0.97,3.89
10,2,6,2.3,4.0,0.77,Late submission and weak teamwork,0.84,4.8,0.93,0.72,2.91
5,1,1,4.8,3.5,0.82,Late submission and weak teamwork,0.84,3.5,0.49,0.73,3.07
15,0,0,3.3,3.8,0.88,Late submission and weak teamwork,0.88,4.6,0.62,0.52,2.78
6,6,0,3.3,3.4,0.9,Late submission and weak teamwork,0.45,4.8,0.86,0.68,4.25
8,1,7,2.3,2.6,0.92,Needs improvement in deadlines,0.79,4.4,0.47,0.77,2.51
8,3,0,3.8,4.1,0.71,Outstanding contribution,0.94,3.0,0.49,0.56,3.1
9,2,5,3.4,3.4,0.75,Good but not consistent,0.41,4.3,0.84,0.79,2.93
5,0,1,3.0,4.9,0.72,Needs improvement in deadlines,0.73,4.8,0.33,0.97,2.9
19,12,5,4.9,2.5,0.93,Excellent performance and teamwork,0.51,3.6,0.63,0.84,3.61
6,6,0,3.8,3.5,0.99,Excellent performance and teamwork,0.75,3.1,0.75,0.68,4.08
19,13,3,3.5,2.8,0.83,Outstanding contribution,0.5,2.7,0.38,0.88,3.24
14,4,2,2.5,2.7,0.7,Needs improvement in deadlines,0.67,3.6,0.89,0.9,2.54
17,3,1,3.7,2.4,0.67,Excellent performance and teamwork,0.61,2.6,0.89,0.74,2.34
13,7,6,4.7,2.6,0.89,Very committed and reliable,0.67,2.7,0.44,0.42,3.25
18,16,0,2.7,4.9,0.8,Good but not consistent,0.88,4.1,0.39,0.75,4.07
15,3,4,4.8,2.8,0.71,Outstanding contribution,0.95,4.5,0.34,0.79,3.07
14,1,1,3.5,4.2,0.95,Excellent performance and teamwork,0.65,3.8,0.89,0.44,2.88
19,5,7,4.6,2.2,0.7,Outstanding contribution,0.79,2.6,0.35,0.95,2.62
15,11,0,3.4,2.0,0.65,Excellent performance and teamwork,0.8,4.0,0.55,0.76,3.3
9,1,4,4.0,2.8,0.82,Late submission and weak teamwork,0.96,4.8,0.4,0.54,2.9
9,4,2,2.2,2.1,0.84,Very committed and reliable,0.96,4.3,0.51,0.78,2.81
5,0,4,3.1,2.3,0.73,Late submission and weak teamwork,0.78,3.1,0.71,0.77,2.07
8,2,3,4.9,2.1,0.84,Very committed and reliable,0.46,3.5,0.92,0.56,2.9
12,4,4,3.2,4.8,0.94,Excellent performance and teamwork,0.45,4.8,0.56,0.69,3.53
7,1,1,2.4,2.0,0.65,Very committed and reliable,0.86,2.7,0.38,0.96,1.96
18,2,12,3.9,4.1,0.81,Good but not consistent,0.44,3.5,0.69,0.52,2.87
13,11,1,3.6,3.4,0.61,Excellent performance and teamwork,0.5,4.2,0.86,0.98,3.81
11,7,0,2.5,2.4,0.78,Excellent performance and teamwork,0.85,3.6,0.73,0.52,3.04
13,8,4,2.4,4.4,0.99,Outstanding contribution,0.94,3.6,0.94,0.99,3.5
12,6,1,2.5,4.9,0.66,Needs improvement in deadlines,0.81,3.1,0.46,0.61,3.18
10,6,1,2.1,3.1,0.73,Good but not consistent,0.6,3.7,0.36,0.49,3.04
19,19,0,2.2,2.2,0.83,Late submission and weak teamwork,0.75,4.0,0.92,0.63,3.59
20,8,5,4.2,2.5,0.65,Outstanding contribution,0.77,3.9,0.33,0.63,3.04
15,7,6,3.6,2.5,0.91,Needs improvement in deadlines,0.89,3.0,0.95,0.81,2.98
14,14,0,3.9,4.9,0.98,Outstanding contribution,0.9,3.8,0.83,0.82,4.51
8,5,1,4.5,3.8,0.85,Very committed and reliable,0.71,3.6,0.9,0.99,3.74
8,1,7,2.6,4.6,0.74,Excellent performance and teamwork,0.48,4.0,0.92,0.65,2.8
16,5,2,4.1,2.8,0.62,Very committed and reliable,0.76,2.9,0.88,0.48,2.74
8,4,4,4.0,3.7,0.92,Excellent performance and teamwork,0.4,5.0,0.96,0.41,3.75
17,1,12,2.5,4.2,0.88,Excellent performance and teamwork,0.59,2.6,0.94,0.75,2.39
6,1,3,4.6,2.1,0.75,Excellent performance and teamwork,0.43,2.5,0.45,0.57,2.46
15,7,1,3.3,3.3,0.82,Excellent performance and teamwork,0.47,4.2,0.7,0.99,3.27
11,3,1,3.6,3.2,0.62,Excellent performance and teamwork,0.65,4.8,0.4,0.74,3.04
7,4,1,3.4,2.5,0.79,Outstanding contribution,0.51,3.4,0.79,0.87,3.11
13,13,0,3.5,3.6,0.69,Good but not consistent,0.53,4.6,0.92,0.65,4.19
10,5,4,2.8,4.3,0.84,Good but not consistent,0.52,3.8,0.49,0.98,3.35
11,0,9,3.5,2.1,0.68,Needs improvement in deadlines,0.5,4.4,0.82,0.7,2.34
10,0,0,2.2,2.4,0.8,Outstanding contribution,0.93,4.7,0.98,0.98,2.26
9,3,2,3.6,4.2,0.6,Excellent performance and teamwork,0.83,3.9,0.42,0.51,3.14
13,11,0,3.3,3.5,0.95,Outstanding contribution,0.44,3.9,0.58,0.5,3.88
14,1,7,3.8,2.3,0.89,Very committed and reliable,0.84,3.8,0.94,0.51,2.53
9,9,0,2.1,2.3,0.91,Late submission and weak teamwork,0.66,4.5,0.96,0.51,3.73
5,5,0,4.4,4.4,0.65,Good but not consistent,0.71,4.7,0.57,0.84,4.53
19,9,3,3.0,3.0,0.68,Outstanding contribution,0.75,3.6,0.93,0.42,2.97
17,9,3,3.0,2.6,0.79,Outstanding contribution,0.52,3.0,0.35,0.43,2.91
9,6,3,3.2,2.4,0.77,Late submission and weak teamwork,0.72,3.2,0.73,0.59,3.15
16,6,5,2.6,4.0,0.69,Late submission and weak teamwork,0.43,2.7,0.95,0.82,2.77
7,7,0,3.7,3.5,0.84,Very committed and reliable,0.67,3.3,0.68,0.52,4.02
20,10,2,3.5,4.4,0.83,Outstanding contribution,0.61,2.5,0.48,0.73,3.25
10,10,0,4.0,4.8,0.89,Good but not consistent,0.7,4.4,0.65,0.51,4.58
15,12,3,3.7,3.9,0.66,Needs improvement in deadlines,0.98,4.4,0.58,0.62,3.93
15,2,6,2.3,2.5,0.94,Late submission and weak teamwork,0.53,3.8,0.33,0.82,2.39
5,0,4,2.3,4.0,0.9,Very committed and reliable,0.61,5.0,0.48,0.45,2.71
20,19,1,3.6,2.3,0.76,Late submission and weak teamwork,0.8,3.4,0.55,0.51,3.67
17,9,8,2.5,2.4,0.98,Outstanding contribution,0.74,3.9,0.31,0.5,3.04
12,2,3,5.0,3.4,0.81,Good but not consistent,0.47,4.7,0.56,0.63,3.28
7,5,0,5.0,4.5,0.85,Excellent performance and teamwork,0.51,4.9,0.41,0.51,4.38
20,7,10,3.9,4.7,0.89,Good but not consistent,0.72,3.6,0.97,0.85,3.41
7,6,0,3.6,3.0,0.75,Needs improvement in deadlines,0.63,3.0,0.62,0.51,3.58
19,0,8,2.4,2.7,0.61,Outstanding contribution,0.76,4.7,0.38,0.64,2.27
8,2,5,3.1,4.6,0.85,Very committed and reliable,0.84,3.7,0.45,0.52,3.08
15,4,10,2.6,4.2,0.61,Late submission and weak teamwork,0.49,4.9,0.66,0.51,3.05
8,2,2,4.1,3.3,0.64,Late submission and weak teamwork,0.77,3.4,0.57,0.94,2.85
12,0,4,3.9,4.1,0.76,Excellent performance and teamwork,0.58,4.9,0.74,0.9,2.96
7,4,3,2.3,2.2,0.69,Late submission and weak teamwork,0.84,4.5,0.31,0.73,3.0
11,5,5,2.7,4.2,0.72,Needs improvement in deadlines,0.67,3.0,0.31,0.73,3.02
16,13,0,2.9,4.8,0.8,Needs improvement in deadlines,0.75,4.0,0.63,0.88,3.96
7,6,1,2.1,4.9,0.85,Needs improvement in deadlines,0.48,2.8,0.47,0.97,3.67
11,3,0,4.2,4.6,0.66,Outstanding contribution,0.55,4.7,0.8,0.93,3.44
12,12,0,4.0,3.7,0.62,Needs improvement in deadlines,0.41,4.9,0.75,0.94,4.33
9,8,1,3.0,3.7,0.69,Outstanding contribution,0.64,2.8,0.49,0.62,3.58
5,3,2,4.0,2.7,0.76,Very committed and reliable,0.87,4.3,1.0,0.4,3.48
9,9,0,4.4,4.2,0.69,Very committed and reliable,0.72,3.8,0.42,0.58,4.32
15,0,12,4.2,2.8,0.84,Excellent performance and teamwork,0.54,3.5,0.6,0.52,2.52
20,5,8,4.4,4.8,0.8,Excellent performance and teamwork,0.65,3.2,0.36,0.94,3.25
8,0,4,2.5,3.4,0.79,Good but not consistent,0.48,2.9,0.39,0.97,2.16
17,9,2,4.3,2.2,0.87,Very committed and reliable,0.79,3.0,0.49,0.67,3.13
16,14,2,4.8,3.8,0.98,Excellent performance and teamwork,0.99,2.7,0.32,0.88,4.06
13,7,1,3.1,2.0,0.61,Late submission and weak teamwork,0.95,2.6,0.58,0.52,2.65
18,9,2,4.0,4.3,0.73,Outstanding contribution,0.75,3.3,0.76,0.86,3.44
11,5,4,3.0,3.3,0.62,Good but not consistent,0.45,4.0,0.96,0.8,3.05
5,4,1,4.4,2.2,0.96,Late submission and weak teamwork,0.89,4.7,0.62,0.76,3.94
18,7,8,4.4,3.5,0.91,Outstanding contribution,0.62,2.9,0.43,0.55,3.2
20,8,7,4.5,4.5,0.93,Good but not consistent,0.52,4.2,0.43,0.51,3.71
20,10,9,4.5,2.6,0.81,Very committed and reliable,0.5,3.4,0.95,0.52,3.26
14,4,7,4.8,3.7,0.73,Good but not consistent,0.82,3.4,0.53,0.62,3.17
10,10,0,3.4,3.4,0.83,Very committed and reliable,0.62,4.2,0.65,0.48,4.12
17,2,3,4.9,3.0,0.69,Excellent performance and teamwork,0.65,4.8,0.71,0.42,3.06
5,0,1,2.7,4.2,0.94,Late submission and weak teamwork,0.63,3.7,0.47,0.82,2.59
14,10,0,4.8,2.9,0.7,Excellent performance and teamwork,0.98,2.9,0.6,0.95,3.54
12,6,3,3.3,3.8,0.74,Good but not consistent,0.8,3.2,0.6,0.74,3.18
8,4,1,2.3,2.5,0.73,Good but not consistent,0.61,3.2,0.86,0.55,2.72
8,8,0,2.7,4.5,0.75,Very committed and reliable,0.98,3.0,1.0,0.99,3.92
11,9,1,3.3,2.3,0.69,Good but not consistent,0.96,3.0,0.73,0.78,3.29
20,19,1,4.3,3.9,0.94,Needs improvement in deadlines,0.51,3.0,0.35,0.66,4.13
11,3,6,3.4,3.5,0.74,Outstanding contribution,0.59,3.4,0.96,0.9,2.84
10,0,5,3.5,4.0,0.94,Late submission and weak teamwork,0.86,2.6,0.31,0.88,2.49
12,5,7,4.4,4.1,0.87,Outstanding contribution,0.75,4.7,0.63,0.53,3.7
6,0,3,4.9,3.3,0.77,Late submission and weak teamwork,0.89,4.4,0.64,0.71,2.91
20,8,4,4.3,4.7,0.94,Excellent performance and teamwork,0.92,2.6,0.58,0.65,3.39
6,6,0,2.3,2.9,0.94,Outstanding contribution,0.87,4.1,0.68,0.84,3.83
8,1,7,2.3,3.4,0.78,Needs improvement in deadlines,0.78,3.2,0.41,0.89,2.36
10,10,0,4.0,4.9,0.8,Late submission and weak teamwork,0.77,4.0,0.32,0.86,4.48
13,3,0,2.4,2.3,0.64,Excellent performance and teamwork,0.96,3.0,0.41,0.63,2.21
10,3,4,2.8,2.8,0.89,Needs improvement in deadlines,0.9,4.3,0.79,0.61,2.87
8,6,2,4.9,4.3,0.62,Very committed and reliable,0.98,4.8,0.72,0.64,4.23
13,3,4,3.0,3.3,0.63,Late submission and weak teamwork,0.93,4.9,0.73,0.59,2.9
7,4,2,2.9,2.1,0.85,Outstanding contribution,0.67,4.1,0.33,0.57,3.1
14,2,9,3.0,4.5,0.93,Good but not consistent,0.46,3.6,0.62,0.49,2.9
12,11,0,3.5,3.8,0.74,Good but not consistent,0.9,3.5,0.95,0.89,3.91
5,4,0,4.7,2.8,0.92,Outstanding contribution,0.71,4.8,0.71,1.0,4.12
13,8,0,4.3,2.4,0.76,Late submission and weak teamwork,0.55,2.6,0.44,0.91,3.16
8,7,1,4.7,2.5,0.66,Very committed and reliable,0.68,2.7,1.0,0.4,3.62
5,4,0,2.8,4.7,0.81,Needs improvement in deadlines,0.94,4.7,0.68,0.82,4.04
20,5,1,3.8,4.1,0.99,Needs improvement in deadlines,0.41,4.0,0.84,0.63,3.25
16,16,0,4.2,3.8,0.82,Very committed and reliable,0.87,2.7,0.98,0.95,4.05
13,11,1,3.6,4.8,0.63,Outstanding contribution,0.82,3.6,0.53,0.55,3.98
19,10,0,2.4,3.5,0.88,Very committed and reliable,0.67,2.8,0.54,0.96,2.97
10,6,1,2.5,2.6,0.86,Very committed and reliable,0.9,3.3,0.65,0.88,3.01
9,2,7,4.6,3.9,0.61,Needs improvement in deadlines,0.96,3.5,0.5,0.67,3.04
7,1,5,4.3,4.7,0.95,Good but not consistent,0.55,4.5,0.85,0.72,3.39
18,10,4,4.8,2.8,0.94,Very committed and reliable,0.61,3.4,0.58,0.73,3.5
18,17,1,3.4,2.9,0.92,Needs improvement in deadlines,0.65,3.2,0.45,0.99,3.78
8,5,3,3.8,2.1,0.87,Late submission and weak teamwork,0.83,4.6,0.48,0.41,3.47
20,4,13,2.7,4.4,0.78,Good but not consistent,0.95,4.1,0.93,0.43,2.93
7,4,0,2.6,3.2,0.73,Late submission and weak teamwork,0.58,4.9,0.41,0.52,3.36
16,8,5,3.8,3.8,0.82,Good but not consistent,0.84,2.7,0.55,0.94,3.22
13,5,0,4.5,4.1,0.86,Very committed and reliable,0.4,4.3,0.4,0.43,3.59
13,10,2,4.5,3.1,0.77,Very committed and reliable,0.57,4.6,0.89,0.63,3.98
5,5,0,3.6,4.2,0.83,Needs improvement in deadlines,0.72,4.8,0.77,0.83,4.44
6,4,0,4.9,3.9,0.91,Needs improvement in deadlines,0.74,3.5,0.89,0.67,3.92
7,0,5,2.7,4.3,0.88,Late submission and weak teamwork,0.59,4.5,0.37,0.76,2.74
6,1,4,2.9,3.9,0.62,Good but not consistent,0.83,3.9,0.74,0.67,2.7
15,4,8,2.6,4.3,0.73,Excellent performance and teamwork,0.42,4.4,0.95,0.41,3.03
5,3,1,2.9,2.7,0.87,Outstanding contribution,0.71,5.0,0.32,0.96,3.46
19,19,0,2.3,3.8,0.77,Outstanding contribution,0.97,3.6,0.52,0.76,3.83
7,0,3,2.7,3.8,0.99,Late submission and weak teamwork,0.59,4.0,0.94,0.92,2.59
15,12,0,3.9,4.9,0.75,Good but not consistent,0.64,3.1,0.73,0.4,3.96
6,6,0,4.8,4.4,0.99,Excellent performance and teamwork,0.64,3.4,0.62,0.9,4.51
19,18,1,4.9,4.5,0.94,Outstanding contribution,0.79,2.5,0.98,0.82,4.27
10,7,1,2.9,2.3,0.89,Excellent performance and teamwork,0.59,4.4,0.39,0.55,3.42
5,1,1,2.7,3.8,0.95,Needs improvement in deadlines,0.62,4.5,0.54,0.48,2.98
13,6,0,4.0,2.7,0.78,Outstanding contribution,0.57,4.6,0.66,0.62,3.34
16,8,5,4.0,4.9,0.73,Excellent performance and teamwork,0.98,3.6,0.59,0.73,3.62
12,5,7,2.3,4.0,0.63,Needs improvement in deadlines,0.43,3.6,0.55,0.69,2.92
12,3,8,3.0,3.9,0.89,Good but not consistent,0.76,2.8,0.45,0.77,2.76
5,5,0,4.0,4.3,0.95,Needs improvement in deadlines,0.66,4.6,0.9,0.74,4.55
6,2,1,3.8,2.7,0.64,Late submission and weak teamwork,0.73,3.0,0.31,0.96,2.72
6,4,0,2.0,4.1,0.75,Outstanding contribution,0.8,3.6,0.52,0.89,3.31
15,7,7,4.3,3.1,0.74,Very committed and reliable,0.61,4.9,0.41,0.6,3.53
8,1,3,2.9,2.5,0.72,Very committed and reliable,0.41,2.9,0.66,0.61,2.21
6,2,2,4.4,5.0,0.81,Outstanding contribution,0.9,4.1,0.54,0.99,3.6
15,13,1,2.3,4.8,0.87,Needs improvement in deadlines,0.88,3.3,0.78,0.53,3.81
10,8,2,3.7,4.0,0.74,Needs improvement in deadlines,0.9,4.2,0.97,0.93,3.95
5,2,3,3.4,2.3,0.75,Very committed and reliable,0.4,4.3,0.48,0.74,2.98
9,7,2,3.8,2.5,0.74,Excellent performance and teamwork,0.84,3.9,0.88,0.57,3.58
11,1,1,4.1,4.4,0.84,Needs improvement in deadlines,0.83,4.2,0.76,0.47,3.1
8,0,7,2.7,2.2,0.84,Outstanding contribution,0.92,4.2,0.39,0.78,2.24
10,3,4,2.6,3.2,0.97,Needs improvement in deadlines,0.52,3.5,0.66,0.73,2.8
8,6,1,2.2,4.3,0.96,Excellent performance and teamwork,0.62,4.1,0.38,1.0,3.72
9,2,7,4.5,3.8,0.81,Excellent performance and teamwork,0.94,2.8,0.33,0.66,2.96
16,7,7,3.5,4.6,0.62,Good but not consistent,0.68,2.8,0.34,0.97,3.15
8,2,2,2.5,2.6,0.92,Needs improvement in deadlines,0.54,4.4,0.8,0.76,2.74
5,3,1,3.0,4.8,0.66,Very committed and reliable,0.6,5.0,0.44,0.68,3.79
15,12,0,2.8,2.5,0.66,Outstanding contribution,0.97,4.3,0.93,0.41,3.45
17,10,3,4.0,2.5,0.66,Late submission and weak teamwork,0.51,2.7,0.52,0.61,3.05
20,17,3,3.2,3.0,0.64,Late submission and weak teamwork,0.68,2.9,0.4,0.75,3.42
17,13,4,4.9,3.4,0.92,Needs improvement in deadlines,0.64,4.6,0.53,0.45,4.19
17,9,4,2.8,4.6,0.87,Very committed and reliable,0.77,2.8,0.3,0.55,3.27
13,1,1,2.9,3.9,0.89,Very committed and reliable,0.68,4.7,0.86,0.68,2.86
19,9,9,3.5,2.2,0.7,Late submission and weak teamwork,0.67,4.9,0.74,0.41,3.18
7,4,2,4.4,4.7,0.61,Needs improvement in deadlines,0.94,3.9,0.59,0.63,3.76
18,5,1,4.6,3.4,0.88,Needs improvement in deadlines,0.91,3.3,0.98,0.56,3.12
20,7,7,4.7,2.1,0.82,Very committed and reliable,0.46,3.8,0.77,0.58,3.06
19,4,12,5.0,4.9,0.71,Needs improvement in deadlines,1.0,3.1,0.41,0.74,3.27
13,8,3,4.7,3.7,0.79,Late submission and weak teamwork,0.43,4.8,0.68,0.78,3.96
8,0,8,3.1,3.2,0.92,Excellent performance and teamwork,0.73,3.7,0.91,0.56,2.46
17,3,10,3.0,4.6,0.78,Very committed and reliable,0.5,3.2,0.75,0.74,2.81
19,9,3,2.7,4.5,0.65,Excellent performance and teamwork,0.41,2.5,0.63,0.46,2.98
20,0,10,4.3,4.7,0.88,Needs improvement in deadlines,0.83,4.8,0.91,0.89,3.2
17,7,1,3.0,2.2,0.94,Very committed and reliable,0.45,5.0,0.72,0.84,3.13
11,7,0,4.0,2.8,0.97,Needs improvement in deadlines,0.45,4.7,0.43,0.77,3.74
17,1,8,4.3,3.7,0.91,Excellent performance and teamwork,0.99,3.5,0.61,0.95,2.84
6,0,6,4.3,4.4,0.78,Needs improvement in deadlines,0.61,4.3,0.31,0.65,2.99
19,3,12,2.2,4.6,0.65,Excellent performance and teamwork,0.78,3.5,0.49,0.83,2.62
9,0,5,2.0,2.2,0.72,Good but not consistent,0.43,3.2,0.39,0.55,1.84
14,12,1,3.5,2.3,0.64,Good but not consistent,0.47,4.9,0.33,0.7,3.75
7,4,1,2.1,4.0,0.71,Good but not consistent,0.89,3.6,0.59,0.96,3.15
8,0,6,3.7,2.3,0.98,Very committed and reliable,0.61,4.8,0.75,0.62,2.65
16,13,1,3.9,3.2,0.88,Outstanding contribution,0.53,3.3,0.5,0.68,3.74
18,13,1,2.7,3.9,0.96,Outstanding contribution,0.67,3.4,0.61,0.51,3.56
6,0,4,3.4,2.2,0.91,Outstanding contribution,0.98,4.3,0.88,0.4,2.44
9,1,1,3.8,3.8,0.72,Good but not consistent,0.52,4.3,0.62,0.78,2.91
14,11,0,3.2,4.7,0.83,Late submission and weak teamwork,0.96,2.8,0.59,0.73,3.73
16,0,4,4.0,3.7,0.87,Good but not consistent,0.96,3.9,0.94,0.87,2.75
11,3,2,3.3,4.4,0.67,Excellent performance and teamwork,0.46,4.5,0.36,0.71,3.18
5,2,2,4.9,5.0,0.95,Outstanding contribution,0.7,3.2,0.31,0.45,3.7
5,0,2,4.8,2.4,0.78,Excellent performance and teamwork,0.6,3.3,0.7,0.52,2.49
6,5,0,3.2,4.9,0.66,Good but not consistent,0.52,4.3,0.54,0.76,4.06
10,10,0,3.3,2.9,0.78,Very committed and reliable,0.86,4.7,0.35,0.5,4.07
16,6,8,2.2,4.8,0.71,Excellent performance and teamwork,0.79,4.3,0.9,0.49,3.18
19,7,10,4.6,2.6,0.67,Good but not consistent,0.45,4.6,0.91,0.4,3.25
11,7,2,2.5,2.6,0.85,Very committed and reliable,0.8,4.9,0.39,0.56,3.38
11,2,1,3.7,4.1,0.91,Very committed and reliable,0.64,2.8,0.67,0.78,2.85
6,4,0,2.3,3.9,0.69,Outstanding contribution,0.95,3.4,0.37,0.42,3.27
8,6,1,3.2,3.2,0.99,Outstanding contribution,0.65,3.6,0.47,0.89,3.62
10,3,6,4.1,4.9,0.76,Excellent performance and teamwork,0.46,4.6,0.56,0.81,3.55
13,7,2,4.9,3.0,0.86,Late submission and weak teamwork,0.6,4.5,0.37,0.65,3.72
11,2,3,4.2,3.9,0.87,Late submission and weak teamwork,0.64,4.8,0.88,0.76,3.29
13,3,4,2.7,3.8,0.91,Very committed and reliable,0.79,3.8,0.33,0.45,2.86
10,0,4,3.0,3.7,0.78,Excellent performance and teamwork,0.88,3.0,0.48,0.75,2.33
5,3,1,2.1,4.4,0.63,Excellent performance and teamwork,0.51,3.9,0.38,0.67,3.29
12,9,1,2.4,3.2,0.77,Outstanding contribution,0.69,4.9,0.99,0.48,3.61
5,0,0,2.8,3.0,0.92,Late submission and weak teamwork,0.9,2.6,0.86,0.93,2.14
18,15,0,2.6,2.1,0.66,Late submission and weak teamwork,0.96,4.5,0.34,0.97,3.42
13,3,3,3.1,4.7,0.7,Outstanding contribution,0.45,5.0,0.72,0.58,3.26
10,0,0,3.2,3.4,0.65,Very committed and reliable,0.57,3.9,0.8,0.92,2.43
13,4,4,4.7,2.9,0.63,Very committed and reliable,0.41,3.8,0.48,0.65,3.06
7,1,2,4.3,4.8,0.67,Outstanding contribution,0.5,2.6,0.6,0.66,2.89
9,2,4,2.3,4.0,0.89,Late submission and weak teamwork,0.88,3.6,0.76,0.46,2.76
11,1,1,3.1,4.9,0.63,Good but not consistent,0.89,4.1,0.75,0.48,2.87
15,15,0,3.3,4.1,0.81,Good but not consistent,0.59,3.6,0.62,0.46,4.11
7,6,1,3.0,4.6,0.69,Good but not consistent,0.41,4.9,0.73,0.91,4.13
10,3,6,4.5,4.0,0.64,Good but not consistent,0.56,4.5,0.88,0.48,3.37
12,5,5,4.9,2.4,0.85,Very committed and reliable,0.68,2.5,0.33,0.47,3.01
19,13,2,3.4,2.5,0.84,Excellent performance and teamwork,0.94,2.7,0.44,0.66,3.17
13,2,9,3.7,3.4,0.88,Outstanding contribution,0.48,2.7,0.85,0.53,2.63
7,5,1,3.5,2.6,0.8,Outstanding contribution,0.69,4.1,0.59,0.52,3.51
5,4,1,3.7,3.3,0.84,Needs improvement in deadlines,0.41,3.6,0.62,0.55,3.74
14,12,0,4.9,3.3,0.61,Outstanding contribution,0.67,3.4,0.89,0.41,3.91
17,16,1,3.6,2.3,0.68,Outstanding contribution,0.94,3.6,0.67,0.69,3.65
7,6,1,4.9,4.1,0.79,Very committed and reliable,0.58,3.1,0.34,0.67,4.1
6,3,1,2.2,3.8,0.6,Good but not consistent,0.93,4.2,0.44,0.57,3.09
6,4,2,4.5,2.7,0.97,Excellent performance and teamwork,0.77,4.3,0.55,0.6,3.78
20,16,1,4.8,2.8,0.61,Excellent performance and teamwork,0.47,4.8,0.54,0.9,3.99
20,4,5,2.1,4.7,0.66,Very committed and reliable,0.52,2.6,0.33,0.52,2.51
19,8,8,4.4,2.4,0.93,Good but not consistent,0.52,2.7,0.31,0.88,3.0
11,2,5,2.8,4.2,0.86,Excellent performance and teamwork,0.65,4.5,0.93,0.6,3.0
9,8,0,3.3,4.3,1.0,Good but not consistent,0.68,4.4,0.42,0.54,4.23
20,17,0,3.0,2.3,0.74,Needs improvement in deadlines,0.45,3.6,0.69,0.87,3.43
16,11,3,2.6,4.9,0.92,Needs improvement in deadlines,0.73,3.9,0.35,0.98,3.77
9,1,2,4.7,2.8,0.87,Outstanding contribution,0.73,4.2,0.94,0.46,2.94
15,13,1,4.9,3.3,0.78,Very committed and reliable,0.92,3.8,0.77,0.41,4.09
6,4,0,4.9,4.4,0.62,Late submission and weak teamwork,0.95,4.6,0.38,0.52,4.09
18,10,3,4.9,4.8,0.62,Very committed and reliable,0.94,2.6,0.73,0.66,3.6
14,5,6,2.5,3.1,0.71,Needs improvement in deadlines,0.88,4.5,0.68,0.73,2.91
14,10,0,4.2,3.5,0.9,Outstanding contribution,0.47,4.1,0.41,0.78,3.88
20,5,9,3.1,4.3,0.77,Good but not consistent,0.93,2.5,0.33,0.93,2.74
9,1,4,3.5,2.4,0.69,Excellent performance and teamwork,0.59,2.5,0.79,0.52,2.19
12,2,10,4.0,4.2,0.75,Needs improvement in deadlines,0.96,3.9,0.83,0.44,3.04
13,1,6,3.6,2.3,0.9,Late submission and weak teamwork,0.74,4.5,0.63,0.94,2.65
6,6,0,3.7,2.2,0.78,Good but not consistent,0.59,4.4,0.65,0.63,3.95
18,12,6,2.9,4.9,0.68,Very committed and reliable,1.0,3.4,0.44,0.47,3.58
5,2,1,4.8,2.6,0.84,Excellent performance and teamwork,0.76,4.0,0.78,0.84,3.3
10,5,3,4.2,3.2,0.94,Outstanding contribution,0.72,3.1,0.95,0.68,3.32
18,7,8,4.3,4.9,0.63,Very committed and reliable,0.58,2.8,0.31,0.7,3.3
5,1,0,2.7,4.4,0.87,Good but not consistent,0.71,4.3,0.33,0.56,3.02
20,3,7,3.1,5.0,0.9,Very committed and reliable,0.68,4.2,0.63,0.64,3.14
14,11,1,2.7,3.9,0.74,Needs improvement in deadlines,0.78,4.0,0.79,0.97,3.67
9,6,3,3.9,4.9,0.62,Late submission and weak teamwork,0.99,4.8,0.94,0.68,4.03
17,16,0,2.7,3.0,0.86,Good but not consistent,0.78,3.4,0.94,0.69,3.66
18,6,12,2.5,3.6,0.93,Excellent performance and teamwork,0.88,4.0,0.6,0.96,2.99
15,3,10,2.1,3.8,0.85,Excellent performance and teamwork,0.73,2.6,0.95,0.92,2.42
18,0,16,3.1,3.5,0.86,Needs improvement in deadlines,0.93,3.0,0.46,0.76,2.35
18,17,1,3.1,3.6,0.68,Late submission and weak teamwork,0.79,3.4,0.46,0.74,3.78
19,11,8,4.4,2.1,0.82,Outstanding contribution,0.48,3.5,0.67,0.8,3.28
5,3,0,3.4,2.1,0.83,Late submission and weak teamwork,0.87,2.9,0.68,0.99,3.0
13,5,8,2.3,2.6,0.83,Good but not consistent,0.63,5.0,0.74,0.75,2.97
12,9,3,4.8,4.4,0.66,Very committed and reliable,0.43,3.7,0.77,0.97,4.04
13,4,8,3.1,3.9,0.85,Excellent performance and teamwork,0.49,3.0,0.62,0.46,2.89
10,8,1,5.0,3.0,0.76,Late submission and weak teamwork,0.75,4.8,0.91,0.85,4.14
6,6,0,2.7,2.1,0.76,Needs improvement in deadlines,1.0,2.9,0.44,0.82,3.42
17,12,2,4.6,2.1,0.86,Needs improvement in deadlines,0.86,4.0,0.47,0.6,3.63
7,7,0,2.3,2.2,0.87,Excellent performance and teamwork,0.6,2.5,0.7,0.81,3.33
9,9,0,2.7,4.4,0.64,Outstanding contribution,0.66,2.6,0.83,0.86,3.76
14,4,5,4.9,2.1,0.71,Late submission and weak teamwork,0.68,4.9,0.97,0.99,3.16
7,7,0,3.5,3.5,0.67,Late submission and weak teamwork,0.59,3.6,0.4,0.71,3.96
19,5,11,4.8,4.9,0.85,Very committed and reliable,0.97,3.3,0.72,0.72,3.42
9,7,1,4.4,4.4,0.91,Outstanding contribution,0.56,4.3,0.95,0.5,4.24
11,7,3,4.0,4.6,0.67,Late submission and weak teamwork,0.59,4.0,0.72,0.6,3.81
12,1,7,3.6,2.6,0.95,Late submission and weak teamwork,0.58,2.6,0.48,0.4,2.36
20,0,8,2.9,4.5,0.93,Excellent performance and teamwork,0.46,3.0,0.43,0.53,2.54
7,2,0,4.3,2.5,0.61,Late submission and weak teamwork,0.67,2.5,0.59,0.89,2.59
13,4,2,4.1,2.2,0.77,Very committed and reliable,0.83,4.7,0.58,0.89,3.05
5,5,0,4.1,2.5,0.81,Very committed and reliable,0.62,4.4,0.98,0.82,4.11
10,7,2,2.6,2.8,0.81,Late submission and weak teamwork,0.98,4.1,0.95,0.41,3.35
11,1,5,4.8,3.7,0.87,Excellent performance and teamwork,0.5,4.6,0.6,0.73,3.19
16,16,0,3.5,4.0,0.75,Excellent performance and teamwork,0.9,3.8,0.68,0.94,4.13
11,2,1,3.8,2.4,0.91,Needs improvement in deadlines,0.58,4.4,0.98,0.88,2.85
13,5,8,4.5,3.7,0.92,Outstanding contribution,0.83,5.0,0.78,0.64,3.68
9,3,1,4.8,5.0,0.73,Needs improvement in deadlines,0.48,3.1,0.77,0.71,3.45
11,9,2,2.9,4.2,0.7,Good but not consistent,0.75,4.8,0.85,0.74,3.96
18,2,14,3.7,4.6,0.65,Good but not consistent,0.61,3.3,0.86,0.73,2.81
12,4,0,3.4,3.3,0.91,Good but not consistent,0.87,4.3,0.43,0.83,3.15
16,13,2,4.4,2.2,0.72,Needs improvement in deadlines,0.83,4.2,0.47,0.91,3.74
5,4,1,4.0,4.0,0.62,Good but not consistent,0.8,4.3,0.97,0.89,3.97
10,3,1,4.8,3.2,0.92,Outstanding contribution,0.7,3.5,0.32,0.43,3.21
11,6,1,3.1,2.3,0.62,Good but not consistent,0.46,3.0,0.9,0.75,2.81
5,1,1,3.9,2.7,0.81,Very committed and reliable,0.97,3.7,0.69,0.42,2.77
11,7,0,4.7,3.6,0.88,Very committed and reliable,0.53,2.7,0.35,0.55,3.59
14,5,0,2.9,4.7,0.72,Excellent performance and teamwork,0.94,2.9,0.94,0.43,3.0
18,1,12,3.8,3.4,0.63,Needs improvement in deadlines,0.86,4.7,0.61,0.45,2.78
9,6,0,3.7,2.5,0.88,Good but not consistent,0.73,4.7,0.66,0.64,3.62
8,4,2,3.6,4.5,0.99,Late submission and weak teamwork,0.99,3.2,0.73,0.6,3.51
16,16,0,3.3,3.8,0.65,Excellent performance and teamwork,0.53,4.7,0.51,0.93,4.19
16,9,2,4.5,4.9,0.94,Good but not consistent,0.88,2.7,0.74,0.66,3.73
5,3,2,3.7,2.6,0.82,Outstanding contribution,0.44,4.8,0.42,0.72,3.53
6,0,3,2.7,2.3,0.97,Outstanding contribution,0.78,4.7,0.73,0.63,2.42
12,5,6,3.8,4.3,0.65,Outstanding contribution,0.58,2.7,0.34,0.45,3.11
17,9,7,4.6,3.0,0.95,Needs improvement in deadlines,0.6,4.2,0.81,0.75,3.63
5,4,0,3.1,2.8,0.93,Very committed and reliable,0.79,3.9,0.52,0.89,3.62
19,0,9,3.4,3.8,0.82,Outstanding contribution,0.56,3.5,0.87,0.68,2.55
12,0,12,2.8,3.5,0.63,Good but not consistent,0.59,5.0,0.8,0.46,2.58
6,2,4,2.9,2.6,0.74,Excellent performance and teamwork,0.99,3.4,0.82,0.43,2.65
8,3,0,2.7,2.1,0.76,Excellent performance and teamwork,0.43,4.7,0.45,0.92,2.84
14,6,6,2.9,5.0,0.71,Outstanding contribution,0.87,4.5,0.72,0.8,3.48
19,2,10,2.4,3.4,0.66,Very committed and reliable,0.52,4.3,0.81,0.74,2.51
8,6,0,2.2,2.5,0.69,Very committed and reliable,0.63,4.6,0.4,0.89,3.33
15,1,7,4.1,2.8,0.83,Very committed and reliable,0.79,4.2,0.34,0.4,2.74
13,1,9,3.3,2.7,0.74,Late submission and weak teamwork,0.45,4.6,0.76,0.49,2.61
19,2,17,3.2,2.9,0.87,Late submission and weak teamwork,0.77,4.5,0.91,0.51,2.71
10,0,2,3.0,3.6,0.89,Excellent performance and teamwork,0.84,4.9,0.81,0.42,2.75
10,4,5,4.1,2.4,0.79,Excellent performance and teamwork,0.82,3.6,0.63,0.53,3.02
20,8,3,3.0,3.2,0.89,Outstanding contribution,0.51,3.3,0.51,0.55,2.95
13,0,0,4.8,3.2,0.77,Excellent performance and teamwork,0.6,3.3,0.8,0.84,2.65
11,7,0,5.0,2.4,0.76,Outstanding contribution,0.73,4.5,0.85,0.72,3.71
12,0,6,3.1,4.1,0.97,Very committed and reliable,0.53,4.4,0.39,0.96,2.8
7,2,2,4.2,3.4,0.83,Needs improvement in deadlines,0.59,3.5,0.4,0.88,3.06
10,4,5,4.1,3.6,0.68,Very committed and reliable,0.82,3.0,0.77,0.58,3.08
13,8,2,4.6,2.7,0.72,Needs improvement in deadlines,0.68,3.6,0.72,0.77,3.46
20,7,13,4.9,4.1,0.64,Excellent performance and teamwork,0.5,3.2,0.55,0.6,3.29
11,7,3,4.9,3.7,0.84,Excellent performance and teamwork,0.72,4.2,0.93,0.55,3.93
12,1,4,3.4,2.7,0.85,Needs improvement in deadlines,0.41,4.4,0.89,0.96,2.65
7,5,0,5.0,4.7,0.63,Excellent performance and teamwork,0.61,2.9,0.75,0.91,3.91
8,1,2,4.8,4.3,0.65,Late submission and weak teamwork,0.76,2.5,0.78,0.81,2.83
8,5,1,4.3,3.6,0.94,Needs improvement in deadlines,0.72,2.7,0.99,0.97,3.53
16,4,3,3.2,2.2,0.83,Needs improvement in deadlines,0.76,5.0,0.37,0.54,2.87
7,0,3,2.5,3.6,0.74,Excellent performance and teamwork,0.53,3.1,0.69,0.56,2.21
20,8,3,2.9,3.0,0.7,Excellent performance and teamwork,0.92,4.4,0.4,0.79,3.01
11,1,3,4.3,4.1,0.73,Very committed and reliable,0.49,3.6,0.57,0.76,2.9
10,8,1,3.5,2.3,0.97,Very committed and reliable,0.82,4.0,0.79,0.78,3.64
20,19,1,3.8,3.1,0.61,Needs improvement in deadlines,0.43,2.9,0.88,0.81,3.69
17,3,1,3.7,4.1,0.81,Late submission and weak teamwork,0.75,4.0,0.9,0.63,3.03
14,1,7,4.1,3.2,0.95,Late submission and weak teamwork,0.93,3.6,0.41,0.46,2.76
15,4,9,2.8,3.8,0.99,Excellent performance and teamwork,0.9,3.8,0.63,0.65,2.97
17,16,0,3.1,4.9,0.64,Outstanding contribution,0.47,3.4,0.54,0.84,4.01
6,5,0,2.1,2.8,0.97,Excellent performance and teamwork,0.43,4.7,0.37,0.71,3.65
14,11,1,2.6,3.9,0.88,Late submission and weak teamwork,0.63,4.5,0.4,0.61,3.82
17,3,3,4.8,2.4,0.83,Excellent performance and teamwork,0.63,3.6,0.62,0.67,2.84
12,10,0,2.7,3.7,0.82,Needs improvement in deadlines,0.91,4.1,0.51,0.6,3.76
17,13,3,4.8,2.8,0.94,Very committed and reliable,0.42,4.8,0.67,0.96,4.1
5,1,3,3.5,4.8,0.92,Outstanding contribution,0.5,2.9,0.85,0.62,3.0
8,6,2,3.5,3.9,0.89,Good but not consistent,0.53,3.0,0.33,0.64,3.65
11,6,4,5.0,2.6,0.94,Late submission and weak teamwork,0.59,3.4,0.54,0.73,3.49
15,2,13,4.8,4.9,0.61,Outstanding contribution,0.89,4.8,0.35,0.41,3.41
17,9,2,4.0,2.0,0.83,Good but not consistent,0.71,4.2,0.3,0.55,3.25
18,10,4,4.0,4.9,0.84,Very committed and reliable,0.75,4.0,0.34,0.78,3.83
17,13,3,3.1,2.9,0.99,Outstanding contribution,0.54,3.5,0.74,0.88,3.54
18,6,0,3.6,3.9,0.93,Late submission and weak teamwork,0.81,4.9,0.83,0.73,3.44
20,20,0,3.2,4.3,0.68,Very committed and reliable,0.4,3.6,0.49,0.47,4.06
11,4,6,3.5,2.6,0.92,Needs improvement in deadlines,0.72,5.0,0.89,0.85,3.23
16,4,4,4.8,4.1,0.99,Needs improvement in deadlines,0.83,4.6,0.35,0.9,3.57
17,4,13,3.9,3.9,0.65,Good but not consistent,0.46,2.9,0.32,0.42,2.82
13,0,10,4.7,3.0,0.89,Outstanding contribution,0.62,4.1,0.45,0.65,2.81
7,0,1,2.2,2.6,0.92,Late submission and weak teamwork,0.83,4.4,0.48,0.76,2.3
7,1,4,4.8,4.5,0.78,Outstanding contribution,0.72,2.7,0.41,0.43,3.0
15,4,7,2.6,2.1,0.6,Good but not consistent,0.48,3.1,0.39,0.69,2.26
10,0,10,4.3,4.1,0.74,Late submission and weak teamwork,0.87,4.0,0.73,0.42,2.85
16,5,4,4.8,3.0,0.65,Very committed and reliable,0.58,3.5,0.98,0.84,3.05
7,6,0,4.1,3.3,0.93,Outstanding contribution,0.42,4.8,0.35,0.45,4.19
19,15,1,4.8,3.5,0.76,Good but not consistent,0.47,5.0,0.73,0.94,4.22
18,3,0,4.0,4.8,0.68,Good but not consistent,0.86,3.7,0.9,0.8,3.09
16,12,2,3.7,2.3,0.77,Excellent performance and teamwork,0.76,2.9,0.68,0.67,3.29
7,5,2,2.1,2.5,0.75,Needs improvement in deadlines,0.91,4.0,0.43,0.42,3.17
15,6,0,3.5,3.5,0.66,Needs improvement in deadlines,0.54,2.8,0.35,0.85,2.89
17,4,0,2.2,3.2,0.98,Good but not consistent,0.53,4.8,0.59,0.59,2.88
15,15,0,2.9,4.7,0.81,Needs improvement in deadlines,0.48,4.5,0.68,0.4,4.33
12,3,2,4.9,3.3,0.92,Excellent performance and teamwork,0.76,4.5,0.59,0.49,3.38
9,7,1,2.7,2.4,0.98,Good but not consistent,0.77,4.1,0.93,0.63,3.5
12,10,0,2.3,2.9,0.6,Late submission and weak teamwork,0.96,4.3,0.35,0.43,3.45
11,6,1,4.2,2.5,0.8,Very committed and reliable,0.93,3.5,0.67,0.97,3.26
5,1,1,3.5,3.4,0.73,Outstanding contribution,0.82,5.0,0.56,0.78,3.04
19,16,1,3.1,2.7,0.81,Late submission and weak teamwork,0.62,3.9,0.59,0.65,3.61
16,0,16,2.5,2.7,0.68,Late submission and weak teamwork,0.49,4.3,0.92,0.89,2.24
14,3,2,3.7,4.9,0.84,Outstanding contribution,0.57,2.6,0.3,0.54,2.98
6,2,0,4.5,4.5,0.71,Late submission and weak teamwork,0.91,2.9,0.74,0.89,3.23
7,3,0,2.6,2.4,0.83,Outstanding contribution,0.89,3.6,0.86,0.96,2.78
9,1,3,2.8,4.5,0.64,Good but not consistent,0.89,4.2,0.76,0.75,2.79
20,7,1,3.4,2.8,0.9,Late submission and weak teamwork,0.96,3.3,0.7,0.82,2.88
10,4,5,4.0,4.6,0.71,Good but not consistent,0.57,2.9,0.57,0.53,3.25
17,7,10,3.5,3.0,0.65,Needs improvement in deadlines,0.81,4.3,0.42,0.95,3.1
13,4,4,4.8,3.7,0.8,Outstanding contribution,0.79,3.5,0.66,0.61,3.26
6,5,1,2.9,4.2,0.65,Very committed and reliable,0.67,3.7,0.82,0.68,3.74
10,4,6,2.9,3.9,0.69,Excellent performance and teamwork,0.91,4.2,0.85,0.69,3.14
14,9,0,3.1,5.0,0.62,Very committed and reliable,0.74,3.8,0.72,0.84,3.65
10,1,8,3.0,2.5,0.75,Outstanding contribution,0.43,4.7,0.43,0.94,2.56
16,14,0,4.5,4.4,0.84,Needs improvement in deadlines,0.95,3.2,0.97,0.87,4.15
9,0,7,3.6,4.4,0.82,Excellent performance and teamwork,0.69,2.7,0.67,0.54,2.55
15,13,0,2.1,3.4,0.7,Very committed and reliable,0.61,4.6,0.76,0.72,3.67
9,8,1,4.7,2.2,0.84,Late submission and weak teamwork,0.79,3.3,0.87,0.58,3.79
9,5,0,3.7,3.0,0.93,Good but not consistent,0.55,3.3,0.98,0.75,3.3
14,11,2,5.0,2.9,0.82,Outstanding contribution,0.83,3.2,0.8,0.69,3.81
7,2,5,4.3,4.5,0.83,Late submission and weak teamwork,0.73,3.0,0.64,0.76,3.2
15,2,12,4.1,3.0,0.61,Outstanding contribution,0.49,3.6,0.72,0.63,2.65
10,7,1,3.2,3.8,0.64,Needs improvement in deadlines,0.88,4.2,0.69,0.46,3.61
12,6,3,3.5,4.6,0.99,Needs improvement in deadlines,0.53,4.9,0.33,0.9,3.85
11,10,0,2.8,2.5,0.99,Needs improvement in deadlines,0.83,2.9,0.69,0.57,3.5
13,0,0,3.3,3.6,0.81,Good but not consistent,0.75,4.7,0.66,0.74,2.73
13,1,11,2.6,4.4,0.82,Very committed and reliable,0.77,4.4,0.51,0.58,2.81
10,0,4,3.5,4.3,0.88,Very committed and reliable,0.6,3.4,0.58,0.7,2.68
15,14,1,3.3,3.0,0.77,Outstanding contribution,0.46,4.2,0.38,0.98,3.89
10,9,1,2.9,5.0,0.96,Late submission and weak teamwork,0.59,4.3,0.69,0.72,4.27
16,8,4,4.8,3.9,0.81,Very committed and reliable,0.87,3.1,0.5,0.7,3.52
10,0,8,4.4,2.2,0.62,Very committed and reliable,0.74,4.9,0.79,0.61,2.61
5,1,0,2.3,4.5,0.91,Good but not consistent,0.62,4.4,0.61,0.58,3.0
16,0,15,2.3,5.0,0.92,Very committed and reliable,0.57,3.3,0.46,0.51,2.58
11,4,5,2.5,3.3,0.76,Good but not consistent,0.79,4.7,0.9,0.81,3.03
9,8,1,4.0,3.7,0.68,Excellent performance and teamwork,0.62,3.1,0.68,0.63,3.83
20,10,0,4.5,2.7,0.73,Outstanding contribution,0.64,3.2,0.4,0.69,3.19
7,2,1,4.5,4.1,0.8,Excellent performance and teamwork,0.84,4.6,0.33,0.73,3.47
17,17,0,3.0,3.5,0.72,Excellent performance and teamwork,0.69,3.8,0.76,0.73,3.92
12,10,1,2.4,3.7,0.98,Very committed and reliable,0.47,3.1,0.54,0.74,3.58
6,2,3,2.4,4.8,0.88,Good but not consistent,0.51,3.0,0.59,0.48,2.98
13,12,1,4.1,3.8,0.84,Needs improvement in deadlines,0.69,4.4,0.91,0.94,4.26
6,4,1,4.4,3.7,0.86,Needs improvement in deadlines,0.42,4.3,0.97,0.91,3.91
9,1,8,4.5,4.5,0.89,Outstanding contribution,0.89,4.4,0.83,0.45,3.29
15,14,0,2.8,3.4,0.85,Late submission and weak teamwork,0.99,3.6,0.75,0.69,3.79
10,9,1,4.4,4.9,0.68,Excellent performance and teamwork,0.5,4.4,0.81,0.89,4.43
20,9,6,3.6,3.4,0.96,Outstanding contribution,0.42,3.0,0.93,0.46,3.16
16,15,1,5.0,5.0,0.83,Very committed and reliable,0.88,4.8,0.52,0.46,4.78
13,7,5,3.8,4.2,0.72,Excellent performance and teamwork,0.87,2.7,0.39,0.51,3.31
15,13,0,3.8,3.4,0.72,Good but not consistent,0.6,4.7,0.37,0.99,4.04
17,5,4,2.0,2.2,0.6,Good but not consistent,1.0,2.6,0.55,0.83,2.1
20,20,0,2.2,4.6,0.71,Good but not consistent,0.71,4.0,0.69,0.77,4.01
15,12,0,3.7,3.4,0.76,Good but not consistent,0.82,3.4,0.53,0.88,3.68
19,5,7,2.6,4.6,0.86,Outstanding contribution,0.93,4.9,0.95,0.62,3.24
18,3,13,2.7,3.6,0.73,Excellent performance and teamwork,0.92,4.4,0.5,0.41,2.76
19,17,1,2.3,4.7,0.91,Good but not consistent,0.86,4.1,0.67,0.87,4.02
16,9,7,3.8,4.1,0.69,Excellent performance and teamwork,0.98,4.6,0.66,0.78,3.69
7,0,7,4.8,2.6,0.84,Excellent performance and teamwork,0.48,2.5,0.59,0.58,2.4
17,12,1,4.9,4.2,0.91,Needs improvement in deadlines,0.91,2.8,0.51,0.71,3.89
19,2,2,2.1,2.1,0.69,Excellent performance and teamwork,0.86,3.6,0.61,0.43,2.06
13,8,2,4.5,3.5,0.62,Needs improvement in deadlines,0.82,3.4,0.41,0.75,3.51
15,1,8,4.7,2.4,0.97,Very committed and reliable,0.53,2.6,0.68,0.57,2.52
5,1,3,2.6,4.6,0.64,Excellent performance and teamwork,0.77,4.7,0.89,0.72,3.0
7,7,0,2.1,3.3,0.75,Very committed and reliable,0.45,3.9,0.52,0.73,3.74
11,6,5,3.0,3.2,0.92,Needs improvement in deadlines,0.76,3.5,0.35,0.69,3.22
19,8,6,3.5,3.9,0.61,Outstanding contribution,0.91,2.5,0.92,0.99,2.92
16,6,1,2.7,4.6,0.91,Needs improvement in deadlines,0.61,3.4,0.64,0.61,3.16
11,4,7,3.3,2.3,0.89,Late submission and weak teamwork,0.4,3.2,0.61,0.69,2.75
10,1,8,3.3,4.2,0.72,Outstanding contribution,0.54,3.8,0.4,0.78,2.77
19,12,6,4.2,3.0,0.83,Needs improvement in deadlines,0.49,3.2,0.55,0.64,3.44
11,6,4,4.5,3.3,0.82,Good but not consistent,0.89,2.7,0.93,0.68,3.33
10,0,7,2.4,3.9,0.77,Good but not consistent,0.79,2.6,0.6,0.9,2.17
6,6,0,3.4,4.7,0.79,Outstanding contribution,0.74,4.7,0.45,0.97,4.46
14,5,3,4.2,4.8,0.98,Outstanding contribution,0.99,2.6,0.6,0.93,3.35
19,5,8,4.2,4.8,0.76,Very committed and reliable,0.65,3.3,0.61,0.69,3.23
20,1,18,2.1,4.3,0.88,Good but not consistent,0.8,2.8,0.95,0.97,2.35
15,14,1,2.9,3.5,0.78,Excellent performance and teamwork,0.54,4.5,0.43,0.99,3.97
16,0,8,4.7,2.5,0.63,Excellent performance and teamwork,0.95,4.7,0.52,0.83,2.69
20,1,8,2.2,2.1,0.74,Excellent performance and teamwork,0.45,4.3,0.31,0.65,2.17
7,3,4,3.8,2.5,0.92,Very committed and reliable,0.66,4.9,0.8,0.85,3.34
17,8,6,2.2,3.1,0.63,Very committed and reliable,0.63,3.6,0.7,0.71,2.8
16,15,1,2.1,2.7,0.97,Good but not consistent,0.44,3.8,0.67,0.43,3.61
16,9,3,4.2,4.0,0.73,Very committed and reliable,0.7,2.8,0.83,0.79,3.41
9,7,2,2.2,2.8,0.7,Very committed and reliable,0.51,4.6,0.46,0.78,3.44
14,8,1,3.1,3.3,0.78,Needs improvement in deadlines,0.78,3.6,0.7,0.95,3.25
13,0,9,4.4,3.0,0.61,Late submission and weak teamwork,0.77,4.8,0.87,0.41,2.75
17,14,3,4.9,4.8,0.99,Good but not consistent,0.82,4.1,0.41,0.91,4.49
15,6,9,3.5,4.6,0.75,Very committed and reliable,0.83,4.5,0.73,0.74,3.49
6,0,6,3.3,3.1,0.96,Late submission and weak teamwork,0.6,4.0,0.51,0.59,2.56
19,11,3,2.9,4.7,0.65,Good but not consistent,0.9,4.2,0.56,0.41,3.55
5,1,1,4.1,4.8,0.65,Needs improvement in deadlines,0.46,4.9,0.39,0.5,3.39
12,11,1,4.1,2.1,0.74,Excellent performance and teamwork,0.86,4.1,0.61,0.43,3.8
16,4,8,4.6,2.4,0.9,Excellent performance and teamwork,0.7,4.2,0.67,0.99,3.07
16,9,3,4.3,4.2,0.63,Outstanding contribution,0.87,3.3,0.68,0.48,3.52
9,3,1,4.9,4.4,0.99,Outstanding contribution,0.45,3.1,0.97,0.97,3.48
8,5,0,5.0,2.5,0.91,Very committed and reliable,0.73,3.4,0.38,0.59,3.57
14,5,1,3.1,2.2,0.69,Excellent performance and teamwork,0.48,4.3,0.41,0.99,2.8
12,1,1,4.6,4.7,0.98,Needs improvement in deadlines,0.99,3.0,0.92,0.99,3.07
8,4,1,4.0,2.8,0.99,Very committed and reliable,0.47,3.3,0.55,0.84,3.27
14,11,2,2.4,3.7,0.98,Outstanding contribution,0.62,2.9,0.91,0.68,3.47
19,15,1,3.4,2.1,0.95,Excellent performance and teamwork,0.81,2.8,0.43,0.63,3.32
6,1,3,2.6,3.8,0.86,Excellent performance and teamwork,0.53,5.0,0.57,0.68,2.96
11,8,2,2.8,4.2,0.79,Outstanding contribution,0.45,3.4,0.54,0.62,3.57
6,4,0,3.6,2.9,0.67,Late submission and weak teamwork,0.47,3.2,0.61,0.47,3.27
15,2,3,3.1,4.2,0.64,Good but not consistent,0.99,3.1,0.38,0.44,2.6
11,8,0,3.6,2.2,0.65,Good but not consistent,0.84,2.9,0.5,0.85,3.16
8,0,5,3.4,3.2,0.64,Excellent performance and teamwork,0.52,3.9,0.91,0.75,2.42
13,10,2,4.2,2.6,0.76,Very committed and reliable,0.9,4.6,0.97,0.68,3.81
17,4,9,4.2,2.1,0.76,Outstanding contribution,0.66,3.1,0.98,0.98,2.61
12,8,2,2.4,4.5,0.8,Excellent performance and teamwork,0.65,4.6,0.65,0.68,3.7
16,5,3,2.0,3.2,0.77,Late submission and weak teamwork,0.85,4.7,0.89,0.42,2.83
13,8,2,2.9,4.1,0.9,Excellent performance and teamwork,0.95,3.5,0.44,0.9,3.47
6,4,0,2.2,3.1,0.85,Good but not consistent,0.8,2.6,0.71,0.56,3.01
16,9,6,3.5,2.6,0.72,Good but not consistent,0.59,2.5,0.98,0.81,2.92
11,5,6,2.1,2.1,0.75,Outstanding contribution,0.59,4.1,0.65,0.52,2.72
17,0,6,4.6,3.6,0.91,Excellent performance and teamwork,0.91,3.7,0.85,0.87,2.84
8,3,5,3.0,4.6,1.0,Needs improvement in deadlines,0.92,3.4,0.92,0.71,3.26
9,1,5,2.5,3.9,0.97,Late submission and weak teamwork,0.44,2.6,0.35,0.83,2.45
16,5,4,4.1,4.4,0.64,Excellent performance and teamwork,0.71,4.4,0.73,0.63,3.37
15,2,13,3.5,4.4,0.84,Late submission and weak teamwork,0.67,3.6,0.82,0.91,2.92
10,2,8,2.2,3.4,0.86,Needs improvement in deadlines,0.81,3.2,0.59,0.74,2.49
18,2,14,4.5,4.2,0.62,Outstanding contribution,0.51,4.4,0.56,0.59,3.1
20,18,2,2.0,4.4,0.86,Late submission and weak teamwork,0.73,4.9,0.86,0.8,4.04
10,9,1,2.9,2.1,0.71,Outstanding contribution,0.43,3.4,0.72,0.98,3.39
5,1,0,3.4,4.7,0.93,Late submission and weak teamwork,0.55,5.0,0.59,0.51,3.38
18,12,3,2.8,3.0,0.87,Very committed and reliable,0.42,4.1,0.37,0.99,3.42
7,3,1,4.2,3.3,0.75,Needs improvement in deadlines,0.5,3.8,0.42,0.42,3.28
16,5,8,2.2,3.4,0.86,Late submission and weak teamwork,0.93,3.6,0.62,0.72,2.74
11,4,5,3.4,3.8,0.73,Very committed and reliable,0.54,3.3,0.74,0.4,3.01
8,0,6,4.3,4.7,0.94,Very committed and reliable,0.55,3.0,0.39,0.98,2.87
16,1,14,4.7,3.3,0.83,Good but not consistent,0.75,4.5,0.48,0.93,3.01
13,5,0,2.5,3.5,0.62,Needs improvement in deadlines,0.73,4.0,0.53,0.76,2.89
8,0,2,2.9,2.7,0.84,Very committed and reliable,0.98,4.6,0.4,0.82,2.46
10,9,1,2.2,2.1,0.88,Excellent performance and teamwork,0.93,4.1,0.6,0.6,3.47
20,9,3,2.9,3.7,0.89,Excellent performance and teamwork,0.98,2.5,1.0,0.84,2.94
10,4,6,2.7,4.2,0.76,Late submission and weak teamwork,0.75,3.0,0.92,0.81,2.96
5,1,1,3.0,2.9,0.74,Very committed and reliable,0.64,3.2,0.31,0.79,2.49
5,0,1,2.3,4.7,0.98,Outstanding contribution,0.6,3.1,0.51,0.48,2.51
12,6,0,3.8,2.1,0.75,Needs improvement in deadlines,0.97,4.7,0.78,0.99,3.25
8,4,2,2.9,4.6,0.94,Excellent performance and teamwork,0.53,4.9,0.8,0.45,3.7
12,10,0,3.9,4.1,0.93,Very committed and reliable,0.58,3.9,0.51,0.97,4.1
11,6,0,2.3,3.5,0.62,Outstanding contribution,0.91,2.8,0.63,0.81,2.85
9,1,1,2.2,2.1,0.76,Excellent performance and teamwork,0.45,3.1,0.73,0.48,2.03
11,8,0,2.1,3.1,0.76,Late submission and weak teamwork,0.94,4.8,0.51,0.9,3.47
10,2,6,3.9,4.7,0.62,Excellent performance and teamwork,0.78,4.1,0.96,0.96,3.15
14,3,1,2.0,3.5,0.94,Excellent performance and teamwork,0.44,3.4,0.62,0.68,2.57
14,8,1,2.8,3.8,0.89,Outstanding contribution,0.42,4.1,0.31,0.65,3.44
18,4,5,2.8,4.5,0.81,Outstanding contribution,0.49,4.0,0.66,0.67,3.0
20,13,6,4.8,4.6,0.98,Good but not consistent,0.62,3.1,0.76,0.82,3.96
6,3,1,4.3,2.6,0.95,Late submission and weak teamwork,0.88,3.8,0.8,0.43,3.37
15,3,7,2.1,3.9,0.73,Late submission and weak teamwork,0.59,4.8,0.94,0.84,2.83
6,3,1,3.6,4.4,0.6,Late submission and weak teamwork,0.73,2.6,0.81,0.89,3.17
8,0,4,4.7,3.4,0.92,Late submission and weak teamwork,0.47,4.3,0.41,0.82,2.94
9,8,1,2.8,2.6,0.83,Needs improvement in deadlines,0.49,2.6,0.96,0.85,3.35
6,5,1,4.8,3.1,0.92,Outstanding contribution,0.94,3.8,0.73,0.8,4.05
12,6,0,4.6,4.7,0.66,Late submission and weak teamwork,0.91,4.4,0.81,0.46,3.82
16,9,1,4.2,4.3,0.79,Very committed and reliable,0.67,4.7,0.54,0.64,3.88
19,7,6,3.4,3.5,0.73,Outstanding contribution,0.54,3.7,0.98,0.53,3.04
6,4,1,4.1,2.5,0.89,Outstanding contribution,1.0,2.5,0.85,0.83,3.26
10,9,1,4.6,4.7,0.83,Outstanding contribution,0.69,4.9,0.79,0.45,4.61
19,7,6,2.0,2.7,0.8,Very committed and reliable,0.67,4.7,0.4,0.81,2.83
12,1,7,3.4,3.6,0.87,Excellent performance and teamwork,0.98,2.6,0.88,0.86,2.48
20,10,1,3.2,2.1,0.66,Late submission and weak teamwork,0.88,4.1,0.76,0.61,2.96
6,0,4,3.2,3.2,0.94,Good but not consistent,0.5,4.7,0.87,0.98,2.69
12,11,0,2.0,3.1,0.73,Good but not consistent,0.64,4.2,0.32,0.97,3.6
5,2,0,3.3,3.5,0.92,Very committed and reliable,0.7,2.7,0.52,0.92,2.96
9,6,3,3.2,3.5,0.78,Excellent performance and teamwork,0.47,3.0,0.52,0.56,3.33
12,6,3,4.2,2.3,0.63,Late submission and weak teamwork,0.85,4.7,0.79,0.71,3.3
20,5,9,3.5,4.8,0.88,Outstanding contribution,0.62,3.2,0.95,0.56,3.12
17,9,5,2.6,4.0,0.89,Very committed and reliable,0.59,3.7,0.53,0.41,3.3
20,0,14,4.3,2.8,0.83,Late submission and weak teamwork,0.98,3.1,0.85,0.55,2.46
17,0,10,4.1,2.8,0.81,Late submission and weak teamwork,0.73,3.4,0.52,0.49,2.46
7,3,0,3.9,4.3,0.75,Very committed and reliable,0.54,2.7,0.37,0.92,3.2
9,4,5,2.1,4.7,0.98,Very committed and reliable,0.95,3.1,0.3,0.43,3.14
16,2,7,4.2,3.1,0.9,Needs improvement in deadlines,0.96,4.4,1.0,0.71,2.98
9,4,3,3.4,2.8,0.96,Good but not consistent,0.46,4.9,0.86,1.0,3.37
11,1,9,3.3,4.5,0.89,Outstanding contribution,0.78,4.2,0.84,0.99,2.98
5,0,2,3.7,3.2,0.74,Excellent performance and teamwork,0.51,4.2,0.33,0.94,2.59
20,5,9,3.5,5.0,0.97,Outstanding contribution,0.81,4.6,0.5,0.46,3.48
18,4,6,2.9,4.3,0.79,Good but not consistent,0.89,4.9,0.47,0.69,3.15
15,12,3,3.2,2.0,0.94,Outstanding contribution,0.89,3.7,0.62,0.42,3.45
20,0,20,4.6,2.7,0.66,Outstanding contribution,0.42,4.9,0.33,0.98,2.77
18,7,7,3.7,4.6,0.98,Late submission and weak teamwork,0.45,3.9,0.47,0.76,3.51
8,5,1,4.2,3.5,0.95,Very committed and reliable,0.9,2.5,0.38,0.57,3.45
6,3,2,3.0,3.6,0.89,Outstanding contribution,0.82,3.3,0.92,0.65,3.18
8,3,5,3.5,2.6,0.68,Very committed and reliable,0.68,4.1,0.93,0.93,2.94
8,7,0,4.0,4.6,0.82,Good but not consistent,0.5,2.7,0.4,0.92,3.98
18,12,1,3.3,2.4,0.91,Very committed and reliable,0.98,3.8,0.58,0.97,3.35
11,10,0,4.2,3.9,0.89,Late submission and weak teamwork,0.43,4.6,0.96,0.61,4.35
13,4,8,2.2,4.3,0.88,Very committed and reliable,0.5,2.8,0.92,0.6,2.76
7,0,6,4.2,4.1,0.61,Very committed and reliable,0.57,4.7,0.65,0.4,2.91
9,3,3,2.7,3.9,0.71,Needs improvement in deadlines,0.7,4.1,0.6,0.92,2.99
5,0,1,4.2,3.6,0.8,Outstanding contribution,0.69,4.2,0.74,0.63,2.8
11,4,7,4.8,2.0,0.89,Excellent performance and teamwork,0.52,3.7,0.5,0.62,3.09
11,11,0,2.8,3.3,0.91,Outstanding contribution,0.57,5.0,0.38,0.84,4.18
14,2,6,2.6,4.0,0.96,Outstanding contribution,0.5,4.1,0.78,0.49,2.83
16,8,7,3.2,3.5,0.69,Needs improvement in deadlines,0.85,4.0,0.67,0.85,3.24
12,10,0,4.2,4.1,0.64,Late submission and weak teamwork,0.92,2.8,0.71,0.47,3.79
16,15,0,3.3,2.2,0.66,Needs improvement in deadlines,0.62,3.7,0.63,0.65,3.58
15,11,4,2.2,3.6,0.95,Excellent performance and teamwork,0.78,5.0,0.99,0.72,3.74
10,9,1,3.9,3.4,0.63,Late submission and weak teamwork,0.55,4.4,0.67,0.99,4.0
6,4,2,3.4,3.1,0.81,Excellent performance and teamwork,0.49,3.6,0.31,0.62,3.43
15,4,4,3.2,4.3,0.93,Good but not consistent,0.76,3.4,0.75,0.62,3.05
11,4,2,4.0,3.3,0.7,Outstanding contribution,0.48,4.2,0.62,0.59,3.2
6,4,2,5.0,3.0,0.94,Good but not consistent,0.86,3.9,0.38,0.81,3.85
10,4,1,4.1,2.2,0.94,Excellent performance and teamwork,0.7,3.9,0.92,0.86,3.11
14,11,2,2.2,4.0,0.83,Outstanding contribution,0.68,4.5,0.74,0.65,3.73
17,4,10,3.2,3.1,0.97,Needs improvement in deadlines,0.57,3.0,0.67,0.8,2.7
9,2,0,3.6,4.8,0.9,Outstanding contribution,0.96,4.0,0.78,0.46,3.26
6,0,5,4.2,2.3,0.78,Good but not consistent,0.44,3.8,0.72,0.41,2.45
19,6,0,3.0,3.7,0.69,Outstanding contribution,0.77,4.1,0.91,0.46,2.98
6,3,1,2.0,2.7,0.67,Needs improvement in deadlines,0.83,4.9,0.61,0.68,3.0
16,7,0,3.2,2.9,0.93,Needs improvement in deadlines,0.96,3.6,0.73,0.8,3.06
20,13,0,2.4,3.1,0.79,Excellent performance and teamwork,0.73,3.5,0.52,0.41,3.17
7,5,1,3.6,4.0,0.85,Good but not consistent,0.5,2.8,0.47,0.86,3.58
16,15,1,3.8,3.6,0.96,Needs improvement in deadlines,0.86,4.0,0.83,0.46,4.17
13,4,8,3.0,3.3,0.65,Very committed and reliable,0.48,3.3,0.45,0.89,2.71
20,13,5,3.9,3.2,0.61,Very committed and reliable,0.74,3.6,0.9,0.88,3.42
6,1,3,3.4,2.5,0.77,Needs improvement in deadlines,0.96,3.3,0.33,0.77,2.48
16,1,14,4.1,2.4,0.69,Good but not consistent,0.75,2.6,0.39,0.44,2.26
11,2,0,3.5,2.4,0.62,Needs improvement in deadlines,0.74,3.6,0.86,0.9,2.48
20,10,5,2.8,4.8,0.79,Good but not consistent,0.73,2.7,0.34,0.68,3.21
5,1,1,4.7,4.5,0.62,Excellent performance and teamwork,0.92,4.6,0.3,0.92,3.37
13,9,1,3.4,3.1,0.66,Outstanding contribution,0.93,4.4,0.91,0.52,3.55
12,3,0,2.9,2.9,0.63,Late submission and weak teamwork,0.48,3.6,0.65,0.52,2.57
6,0,1,4.4,2.5,0.98,Needs improvement in deadlines,0.49,3.7,0.39,0.67,2.61
5,5,0,3.1,3.4,0.72,Outstanding contribution,0.82,3.5,0.74,0.55,3.86
17,1,2,4.3,2.3,0.61,Excellent performance and teamwork,0.61,4.4,0.34,0.57,2.59
5,5,0,3.2,3.2,0.64,Good but not consistent,0.51,4.4,0.67,0.57,3.98
8,5,0,4.6,4.7,0.82,Very committed and reliable,0.83,3.4,0.95,0.71,3.89
8,1,3,3.1,4.3,0.84,Needs improvement in deadlines,0.73,2.9,0.57,0.41,2.67
6,5,1,2.2,3.5,0.86,Excellent performance and teamwork,0.79,3.0,0.47,0.63,3.42
18,2,7,4.8,4.7,0.62,Good but not consistent,0.63,3.3,0.48,0.86,3.04
11,0,9,4.3,4.8,0.99,Excellent performance and teamwork,0.65,4.9,0.58,0.48,3.29
6,2,2,3.7,4.3,0.91,Very committed and reliable,0.9,4.1,0.32,0.59,3.38
7,7,0,2.3,3.0,0.7,Outstanding contribution,0.92,4.9,0.45,0.66,3.89
14,6,1,4.5,2.7,0.83,Excellent performance and teamwork,0.67,4.0,0.87,0.68,3.3
20,16,4,3.7,3.4,0.96,Good but not consistent,0.63,4.9,0.39,0.98,4.08
15,7,1,3.7,4.8,0.83,Very committed and reliable,0.94,3.5,0.86,0.91,3.52
6,0,3,4.3,3.9,0.94,Needs improvement in deadlines,0.51,3.2,0.86,0.96,2.75
15,4,5,2.4,2.4,0.82,Very committed and reliable,0.71,3.2,0.57,0.89,2.41
6,3,3,4.7,3.0,0.6,Good but not consistent,0.57,4.8,0.88,0.44,3.55
19,10,8,4.3,2.2,0.8,Good but not consistent,0.7,2.9,0.82,0.81,3.07
18,8,4,4.2,4.6,0.98,Late submission and weak teamwork,0.75,3.8,0.65,0.66,3.68
19,6,11,2.6,2.5,0.88,Good but not consistent,0.44,2.6,0.38,0.47,2.45
14,1,1,4.3,3.3,0.65,Very committed and reliable,0.46,4.1,0.8,0.99,2.77
8,7,0,2.7,5.0,0.93,Good but not consistent,0.97,3.2,0.45,0.52,3.96
6,5,0,5.0,3.0,0.69,Good but not consistent,0.72,3.8,0.75,0.86,3.96
7,3,3,4.2,4.6,0.89,Outstanding contribution,0.76,4.6,0.65,0.45,3.77
20,8,11,3.8,5.0,0.67,Good but not consistent,0.73,3.4,0.43,0.94,3.38
18,4,4,3.8,4.1,0.63,Good but not consistent,0.46,3.1,0.87,0.88,2.85
7,1,3,3.4,4.6,0.86,Very committed and reliable,0.41,4.6,0.43,0.95,3.16
18,10,2,3.5,3.8,0.89,Excellent performance and teamwork,0.76,3.8,0.8,0.91,3.5
18,16,1,3.7,4.8,0.68,Outstanding contribution,0.73,4.2,0.83,0.48,4.21
6,0,0,2.2,4.2,0.97,Good but not consistent,0.61,2.6,0.47,0.59,2.29
17,7,5,4.3,2.5,0.62,Good but not consistent,0.79,3.1,0.54,0.52,2.91
19,14,2,3.2,2.5,0.93,Excellent performance and teamwork,0.47,4.3,0.3,0.45,3.57
18,8,9,4.1,2.1,0.93,Late submission and weak teamwork,0.91,3.2,0.32,0.73,3.01
20,19,1,4.3,4.1,0.88,Very committed and reliable,0.89,4.3,0.51,0.94,4.4
15,6,9,3.9,2.3,0.69,Late submission and weak teamwork,0.96,4.5,0.38,0.87,3.08
16,0,7,4.8,4.2,0.93,Good but not consistent,0.96,2.6,0.38,0.55,2.79
16,13,2,3.1,3.0,0.61,Excellent performance and teamwork,0.88,4.7,0.52,0.52,3.68
8,4,1,4.6,2.6,0.84,Excellent performance and teamwork,0.64,2.6,0.95,0.75,3.13
18,18,0,3.5,2.2,0.72,Excellent performance and teamwork,0.56,4.9,0.57,0.75,3.98
17,9,1,2.3,2.1,0.88,Very committed and reliable,0.51,3.9,0.49,0.42,2.89
18,9,2,3.0,4.5,0.68,Excellent performance and teamwork,0.48,4.2,0.6,0.84,3.43
20,2,4,3.6,3.5,0.67,Good but not consistent,0.97,4.8,0.75,0.78,2.87
12,5,7,3.1,4.3,0.87,Excellent performance and teamwork,0.81,3.2,0.86,0.95,3.18
10,10,0,2.9,2.6,0.98,Late submission and weak teamwork,0.99,4.7,0.7,0.99,4.03
19,11,5,2.0,2.6,0.62,Needs improvement in deadlines,0.8,4.3,0.32,0.57,2.96
11,1,3,2.5,2.2,0.77,Good but not consistent,0.47,3.4,0.52,0.83,2.14
17,12,1,2.4,2.1,0.73,Good but not consistent,0.97,2.8,0.86,0.96,2.88
19,9,5,4.1,4.3,0.66,Very committed and reliable,0.86,4.0,0.51,0.87,3.52
18,1,10,3.9,3.7,0.83,Excellent performance and teamwork,0.43,3.1,0.66,0.4,2.64
14,9,5,3.4,4.9,0.88,Good but not consistent,0.94,4.1,0.99,0.95,3.88
11,11,0,4.1,4.9,0.87,Late submission and weak teamwork,0.54,4.9,0.36,0.69,4.71
16,0,14,4.6,4.4,0.78,Good but not consistent,0.66,4.5,0.96,0.96,3.09
9,3,0,4.5,2.5,0.96,Outstanding contribution,0.79,3.6,0.96,0.4,3.1
19,4,4,2.6,2.6,0.93,Very committed and reliable,0.51,3.0,0.93,0.82,2.42
18,1,7,2.7,4.4,0.92,Good but not consistent,0.54,3.3,0.83,0.8,2.62
13,6,2,3.8,4.7,0.85,Outstanding contribution,0.74,4.8,0.48,0.86,3.78
18,9,4,4.7,2.4,0.75,Good but not consistent,0.51,4.3,0.76,0.92,3.4
18,7,5,2.4,3.7,0.69,Excellent performance and teamwork,0.77,3.4,0.7,0.57,2.83
10,0,1,4.3,3.1,0.66,Late submission and weak teamwork,0.96,3.8,0.4,0.73,2.57
19,17,1,4.8,2.3,0.93,Good but not consistent,0.54,4.6,0.87,0.73,4.15
17,14,2,3.3,2.2,0.67,Late submission and weak teamwork,0.75,2.8,0.71,0.96,3.23
16,4,7,3.0,3.6,0.89,Good but not consistent,0.8,4.3,0.63,0.59,3.0
20,10,3,2.3,3.3,0.94,Outstanding contribution,0.96,2.7,0.53,0.77,2.88
13,13,0,3.3,2.4,0.7,Needs improvement in deadlines,0.88,3.3,0.69,0.83,3.65
19,15,0,4.0,3.8,0.71,Excellent performance and teamwork,0.94,2.9,0.63,0.78,3.68
9,5,3,4.2,2.5,0.64,Very committed and reliable,0.62,4.4,0.52,0.66,3.37
11,7,4,3.4,4.3,0.83,Needs improvement in deadlines,0.49,4.8,0.87,0.73,3.87
9,6,1,4.2,3.7,0.64,Late submission and weak teamwork,0.5,3.1,0.96,0.77,3.52
8,8,0,4.5,3.1,0.72,Excellent performance and teamwork,0.79,3.2,0.48,0.69,4.02
19,17,1,4.3,4.3,0.98,Needs improvement in deadlines,0.43,4.7,0.57,0.43,4.49
20,4,10,4.3,2.5,0.63,Good but not consistent,0.7,4.6,0.62,0.98,2.89
14,9,1,4.4,4.5,0.83,Excellent performance and teamwork,0.44,4.0,0.35,0.74,3.96
5,3,2,4.5,3.5,0.61,Late submission and weak teamwork,0.43,3.7,0.62,0.97,3.55
16,9,1,2.8,2.7,0.91,Late submission and weak teamwork,0.79,4.9,0.77,0.4,3.38
14,14,0,2.7,4.9,0.66,Needs improvement in deadlines,0.74,4.3,0.8,0.52,4.21
17,7,3,4.6,3.7,0.73,Outstanding contribution,0.83,3.0,0.55,1.0,3.24
10,8,1,2.0,3.9,0.62,Needs improvement in deadlines,0.64,3.8,0.5,0.96,3.45
19,14,3,3.0,3.1,0.81,Excellent performance and teamwork,0.43,2.7,0.61,0.91,3.27
6,5,0,3.8,3.7,0.96,Good but not consistent,0.63,4.1,0.37,0.92,4.05
18,16,2,3.2,2.6,0.62,Good but not consistent,0.5,4.8,0.32,0.81,3.76
15,7,4,4.5,3.4,0.84,Good but not consistent,0.62,4.8,0.58,0.69,3.66
14,10,4,2.6,3.9,0.82,Very committed and reliable,0.89,4.9,0.91,0.5,3.76
19,4,6,4.8,2.9,0.74,Outstanding contribution,0.99,4.7,0.86,0.46,3.17
12,10,2,4.4,2.8,0.81,Late submission and weak teamwork,0.45,2.6,0.75,0.68,3.62
15,9,1,2.1,2.8,0.99,Very committed and reliable,0.58,3.4,0.73,0.6,3.06
20,9,11,3.8,2.6,0.99,Excellent performance and teamwork,0.65,2.7,0.64,0.72,2.99
5,3,2,2.5,4.4,0.92,Late submission and weak teamwork,0.51,3.4,0.89,0.56,3.42
8,7,0,3.6,4.5,0.63,Late submission and weak teamwork,0.99,4.1,0.74,0.85,4.07
19,19,0,3.3,2.1,0.63,Late submission and weak teamwork,0.64,3.4,0.49,0.51,3.58
6,2,1,4.1,4.8,0.91,Very committed and reliable,0.57,2.9,0.91,0.86,3.31
16,14,2,4.0,3.8,0.97,Very committed and reliable,0.64,3.8,0.94,0.86,4.12
18,18,0,4.2,3.9,0.82,Good but not consistent,0.46,2.9,0.5,0.57,4.11
13,0,10,3.3,4.4,1.0,Outstanding contribution,0.82,4.1,0.63,0.66,2.86
9,0,5,3.6,3.9,0.66,Outstanding contribution,0.76,3.7,0.55,0.72,2.57
5,4,1,4.6,2.4,0.91,Excellent performance and teamwork,0.81,3.2,0.76,0.65,3.7
9,7,1,3.6,2.2,0.88,Very committed and reliable,0.97,4.9,0.42,0.95,3.75
16,7,8,3.0,4.1,0.81,Good but not consistent,0.58,4.9,0.63,0.99,3.46
14,7,3,3.5,3.4,0.97,Outstanding contribution,0.64,3.5,0.48,0.96,3.32
11,2,6,2.3,2.5,0.95,Very committed and reliable,0.94,4.6,0.84,0.85,2.63
15,8,0,2.2,3.4,0.78,Outstanding contribution,0.7,3.9,0.51,0.44,3.09
18,7,0,3.7,3.2,0.91,Good but not consistent,0.66,4.1,0.62,0.5,3.24
20,7,8,3.5,4.1,0.83,Outstanding contribution,0.4,4.7,0.8,0.5,3.4
10,4,4,3.6,2.8,0.83,Very committed and reliable,0.77,3.8,1.0,0.87,3.05
6,2,1,2.7,4.5,0.67,Late submission and weak teamwork,0.85,4.0,0.56,0.97,3.08
9,8,0,2.1,3.8,0.67,Late submission and weak teamwork,0.83,4.9,0.41,0.99,3.83
17,7,9,3.8,3.1,0.69,Very committed and reliable,0.79,3.6,0.65,0.42,3.06
16,3,3,3.1,3.2,0.7,Late submission and weak teamwork,0.41,2.6,0.81,0.52,2.41
13,1,10,2.5,3.4,0.63,Very committed and reliable,0.65,3.3,0.53,0.51,2.27
20,1,1,2.9,4.5,0.86,Good but not consistent,0.66,4.6,0.61,0.73,2.9
19,10,4,3.6,2.6,0.68,Late submission and weak teamwork,0.76,2.9,0.68,0.54,2.95
16,12,3,2.6,3.7,0.74,Good but not consistent,0.85,4.0,0.48,0.97,3.56
10,8,0,3.4,2.4,0.6,Excellent performance and teamwork,0.5,2.6,0.67,0.91,3.18
11,6,1,3.7,2.2,0.77,Very committed and reliable,0.61,3.8,1.0,0.45,3.14
19,8,8,4.7,4.6,0.99,Good but not consistent,0.51,2.7,0.61,0.75,3.53
10,9,1,2.1,2.9,0.66,Late submission and weak teamwork,0.67,4.7,0.54,0.99,3.62
13,10,2,4.7,2.5,0.94,Late submission and weak teamwork,0.42,4.4,0.64,0.71,3.94
17,1,1,4.4,3.2,0.87,Outstanding contribution,0.89,4.1,0.91,0.68,2.86
9,3,0,4.5,4.9,0.85,Outstanding contribution,0.74,2.6,0.36,0.54,3.32
17,2,13,4.3,3.9,0.69,Good but not consistent,0.93,3.3,0.44,0.58,2.82
8,4,0,3.0,3.0,0.79,Needs improvement in deadlines,0.76,3.8,0.91,0.72,3.11
9,2,1,4.8,4.9,0.8,Excellent performance and teamwork,0.56,3.9,0.51,0.82,3.45
20,4,12,3.7,3.1,0.69,Good but not consistent,0.92,4.9,0.73,0.91,2.98
6,4,1,3.2,4.8,0.85,Excellent performance and teamwork,0.71,2.8,0.97,0.99,3.59
14,12,0,2.9,2.9,0.75,Excellent performance and teamwork,0.41,4.6,0.5,0.43,3.74
18,1,7,4.9,3.0,0.73,Good but not consistent,0.54,3.9,0.36,0.68,2.81
18,1,6,3.8,3.8,0.64,Excellent performance and teamwork,0.75,4.7,0.53,0.92,2.86
9,9,0,2.5,4.5,0.7,Needs improvement in deadlines,0.9,2.9,0.31,0.86,3.83
14,2,3,2.9,2.7,0.78,Very committed and reliable,0.8,3.3,0.43,0.66,2.38
12,3,4,3.3,2.8,0.61,Late submission and weak teamwork,0.79,3.8,0.65,0.52,2.66
17,12,2,4.8,4.7,0.75,Excellent performance and teamwork,0.54,4.1,0.85,0.92,4.15
13,2,8,4.5,3.2,0.91,Good but not consistent,0.9,4.3,0.67,0.97,3.09
16,2,0,2.1,2.5,0.86,Good but not consistent,0.45,2.9,0.56,0.65,2.12
11,10,1,4.4,4.7,0.92,Good but not consistent,0.61,4.6,0.39,0.81,4.56
8,8,0,2.3,2.6,0.92,Late submission and weak teamwork,0.86,2.8,0.63,0.53,3.5
12,4,1,2.0,2.8,0.71,Good but not consistent,0.93,4.8,0.94,0.6,2.77
9,6,3,2.6,4.7,0.89,Needs improvement in deadlines,0.79,3.5,0.4,0.63,3.61
5,1,2,2.3,3.7,0.84,Good but not consistent,0.67,4.6,0.75,0.55,2.84
13,13,0,3.7,3.0,0.75,Good but not consistent,0.41,4.4,0.45,0.48,4.1
15,12,0,2.4,2.8,0.98,Good but not consistent,0.57,3.2,0.43,0.4,3.37
20,18,0,3.0,4.7,0.7,Excellent performance and teamwork,0.86,4.6,0.68,0.75,4.16
9,6,3,3.1,3.9,0.61,Excellent performance and teamwork,0.5,3.2,0.66,0.8,3.35
17,5,0,3.9,4.1,0.72,Very committed and reliable,0.98,4.9,0.54,0.92,3.38
13,3,6,3.6,4.8,0.89,Late submission and weak teamwork,0.71,4.1,0.66,0.86,3.29
8,7,1,2.3,2.7,0.72,Excellent performance and teamwork,0.48,3.0,0.77,0.88,3.27
19,16,0,3.5,3.6,0.86,Outstanding contribution,0.63,3.8,0.98,0.85,3.87
20,4,2,4.2,4.8,0.82,Needs improvement in deadlines,0.44,4.8,0.71,0.94,3.47
12,11,0,3.9,4.0,0.81,Outstanding contribution,0.67,3.9,0.99,0.6,4.14
13,3,9,2.1,3.6,0.75,Late submission and weak teamwork,0.63,2.7,0.36,0.58,2.4
6,0,3,4.0,3.7,0.64,Excellent performance and teamwork,0.41,3.1,0.66,0.66,2.48
7,4,1,4.1,2.7,0.86,Needs improvement in deadlines,0.78,3.4,0.92,0.68,3.33
11,5,6,2.7,4.1,0.89,Needs improvement in deadlines,0.79,3.4,0.32,0.97,3.17
9,5,3,2.1,4.0,0.76,Needs improvement in deadlines,0.54,2.6,0.98,0.43,2.95
7,7,0,2.6,2.3,0.61,Excellent performance and teamwork,0.63,3.0,0.61,0.8,3.39
9,3,3,4.0,4.4,0.74,Excellent performance and teamwork,0.65,3.4,0.43,0.85,3.23
5,3,2,3.3,3.4,0.6,Needs improvement in deadlines,0.91,3.5,0.8,0.74,3.24
9,2,4,3.8,4.2,0.95,Excellent performance and teamwork,0.84,4.6,0.51,0.55,3.33
12,5,6,3.1,4.7,0.72,Very committed and reliable,0.94,3.7,0.66,0.56,3.29
17,9,4,4.8,5.0,0.62,Good but not consistent,0.9,4.0,0.58,0.71,3.86
10,7,2,3.0,2.5,0.85,Good but not consistent,0.64,4.1,0.73,0.7,3.4
6,2,2,2.7,3.6,0.67,Good but not consistent,0.43,2.7,0.35,0.42,2.64
13,0,11,2.9,2.8,0.72,Good but not consistent,0.5,3.9,0.91,0.97,2.28
15,12,2,2.2,2.8,0.95,Excellent performance and teamwork,0.49,3.8,0.43,0.44,3.44
14,0,3,3.4,3.6,0.65,Needs improvement in deadlines,0.52,3.4,0.9,0.4,2.41
10,1,8,2.6,3.8,0.62,Outstanding contribution,0.89,2.9,0.65,0.47,2.32
15,9,4,2.2,4.6,0.6,Needs improvement in deadlines,0.86,3.8,0.71,0.79,3.32
12,7,0,4.1,4.4,0.64,Very committed and reliable,0.45,4.7,0.46,0.89,3.83
7,7,0,4.2,2.4,0.85,Late submission and weak teamwork,0.75,4.9,0.53,0.64,4.23
5,4,1,3.8,3.9,0.94,Excellent performance and teamwork,0.42,4.7,0.67,0.7,4.15
16,0,8,3.1,4.6,0.99,Outstanding contribution,0.54,4.5,0.79,0.75,2.94
17,4,11,4.2,4.9,0.97,Late submission and weak teamwork,0.74,3.6,0.55,0.86,3.38
13,13,0,2.6,3.3,0.72,Very committed and reliable,0.53,2.9,0.89,0.59,3.62
6,2,2,3.3,4.4,0.81,Late submission and weak teamwork,0.71,4.2,0.57,0.5,3.29
14,11,3,4.2,4.2,0.73,Outstanding contribution,0.97,3.9,0.66,0.85,4.0
19,9,5,4.7,2.5,0.67,Very committed and reliable,0.68,4.3,0.86,0.45,3.35
5,4,1,3.1,3.8,0.68,Excellent performance and teamwork,0.56,3.9,0.52,0.74,3.7
11,5,4,3.0,3.0,0.65,Outstanding contribution,0.77,4.6,0.74,0.89,3.13
6,3,1,4.7,2.4,0.75,Excellent performance and teamwork,0.58,4.1,0.54,0.45,3.36
12,6,1,3.4,3.4,0.65,Late submission and weak teamwork,0.77,4.7,0.53,0.67,3.38
20,14,4,2.9,2.1,0.74,Excellent performance and teamwork,0.49,3.6,0.55,0.63,3.14
6,4,0,2.4,2.3,0.84,Needs improvement in deadlines,0.92,3.1,0.32,0.91,2.98
6,6,0,4.3,3.0,0.7,Outstanding contribution,0.84,4.8,0.55,0.92,4.27
15,12,2,3.1,3.0,0.86,Needs improvement in deadlines,0.58,4.6,0.81,0.48,3.77
7,3,1,2.6,3.2,0.8,Very committed and reliable,0.45,4.4,0.68,0.6,3.08
14,13,0,2.7,2.4,0.84,Needs improvement in deadlines,0.46,3.3,0.4,0.4,3.49
6,6,0,3.2,4.1,0.93,Outstanding contribution,0.55,3.4,0.85,0.91,4.1
7,5,0,4.1,2.1,0.97,Needs improvement in deadlines,0.76,3.9,0.9,0.82,3.58
20,1,19,3.9,3.6,0.96,Good but not consistent,0.52,4.7,0.44,0.8,3.0
10,5,2,4.8,3.6,0.67,Excellent performance and teamwork,0.76,3.1,0.74,0.66,3.39
17,12,2,2.6,3.4,0.62,Late submission and weak teamwork,0.67,4.1,0.6,0.71,3.39
15,11,4,4.3,3.4,0.89,Good but not consistent,0.83,3.5,0.97,0.78,3.79
14,3,11,3.2,3.0,0.81,Very committed and reliable,0.8,3.8,0.95,0.57,2.73
18,14,1,3.2,4.3,0.71,Outstanding contribution,0.62,5.0,0.67,0.55,4.02
15,10,3,4.2,2.2,0.85,Excellent performance and teamwork,0.93,4.8,0.55,0.76,3.67
12,11,0,4.3,3.0,0.95,Late submission and weak teamwork,0.47,3.5,0.8,0.99,4.01
14,12,0,3.3,3.6,0.87,Outstanding contribution,0.51,4.4,0.67,0.54,3.98
8,1,7,3.3,4.6,0.96,Very committed and reliable,0.9,3.6,0.61,0.43,2.97
16,10,2,2.2,4.7,0.84,Excellent performance and teamwork,0.72,4.6,0.9,0.64,3.66
14,3,10,3.9,3.8,0.83,Late submission and weak teamwork,0.61,4.4,0.62,0.8,3.16
19,10,0,2.9,2.2,0.94,Excellent performance and teamwork,0.77,4.5,0.96,0.49,3.18
14,11,1,3.6,4.7,0.75,Needs improvement in deadlines,0.78,3.0,0.38,0.64,3.81
18,3,3,4.2,4.5,0.68,Needs improvement in deadlines,0.8,2.6,0.95,0.58,2.85
19,0,3,5.0,3.8,0.96,Excellent performance and teamwork,0.79,4.6,0.45,0.45,3.16
10,6,0,2.2,3.3,0.77,Outstanding contribution,0.67,2.6,0.72,0.81,2.91
8,1,1,2.9,4.2,0.9,Outstanding contribution,0.51,4.0,0.42,0.7,2.86
14,10,2,2.9,2.9,0.74,Excellent performance and teamwork,0.98,3.8,0.33,0.41,3.36
17,17,0,4.5,3.5,0.96,Good but not consistent,0.85,2.9,0.83,0.78,4.16
15,7,0,2.9,4.5,0.83,Good but not consistent,0.67,2.8,0.87,0.66,3.15
12,3,4,2.5,3.9,0.81,Outstanding contribution,0.63,4.4,0.73,0.68,2.94
13,10,3,3.3,3.7,0.6,Needs improvement in deadlines,0.71,3.7,0.89,0.4,3.59
17,0,15,2.3,2.2,0.7,Late submission and weak teamwork,0.65,4.4,0.54,0.78,2.13
7,0,0,2.9,4.1,0.9,Late submission and weak teamwork,0.69,3.0,0.78,0.73,2.45
11,3,2,4.5,4.5,0.65,Outstanding contribution,0.51,5.0,0.85,0.45,3.53
16,12,2,3.3,3.3,0.89,Outstanding contribution,0.52,4.5,0.72,0.54,3.79
20,19,1,2.2,2.4,0.7,Late submission and weak teamwork,0.85,4.2,0.61,0.52,3.54
5,4,1,2.5,3.8,0.99,Good but not consistent,0.81,4.8,0.9,0.8,3.92
10,2,8,2.1,4.6,0.7,Needs improvement in deadlines,0.68,4.5,0.66,0.55,2.89
10,6,0,2.6,4.5,0.79,Late submission and weak teamwork,0.6,4.8,0.52,0.88,3.67
20,15,4,3.1,5.0,0.69,Outstanding contribution,0.41,4.6,0.53,0.68,4.01
14,1,10,3.1,2.8,0.65,Very committed and reliable,0.48,2.7,0.57,0.71,2.15
12,11,0,3.6,3.4,0.61,Good but not consistent,0.85,4.4,0.62,0.98,3.96
5,2,1,4.4,4.8,0.96,Very committed and reliable,0.83,3.9,0.67,0.48,3.7
8,6,1,2.6,3.0,0.95,Very committed and reliable,0.57,3.6,0.94,0.96,3.44
7,5,2,2.0,2.3,0.85,Outstanding contribution,0.57,3.1,0.38,0.84,2.98
19,13,0,4.3,2.1,0.94,Needs improvement in deadlines,0.84,3.6,0.76,0.52,3.5
17,12,2,4.4,2.6,0.83,Very committed and reliable,0.91,4.8,0.82,0.76,3.83
9,2,2,2.1,3.5,0.73,Very committed and reliable,0.52,3.8,0.4,0.46,2.58
17,10,1,3.7,4.9,0.89,Late submission and weak teamwork,0.67,2.6,0.96,0.4,3.57
11,6,5,3.6,4.9,1.0,Very committed and reliable,0.88,3.3,0.36,0.57,3.68
10,3,7,2.9,2.9,0.95,Excellent performance and teamwork,0.84,3.8,0.99,0.63,2.84
12,7,0,3.0,4.3,0.72,Very committed and reliable,0.9,3.9,0.98,0.45,3.47
9,8,0,3.9,3.5,0.92,Needs improvement in deadlines,0.44,3.9,0.7,0.53,4.05
16,7,9,3.7,3.4,0.71,Needs improvement in deadlines,0.82,3.7,0.77,0.66,3.17
6,6,0,2.0,3.6,0.9,Late submission and weak teamwork,0.9,4.7,0.94,0.73,4.01
17,6,7,4.1,2.6,0.6,Outstanding contribution,0.69,3.8,0.92,0.53,2.93
20,7,0,2.0,4.9,0.85,Excellent performance and teamwork,0.56,2.6,0.91,0.97,2.85
14,6,6,2.1,2.9,0.99,Late submission and weak teamwork,0.45,2.8,0.66,0.43,2.7
6,1,0,4.0,2.3,0.63,Outstanding contribution,0.68,2.8,0.33,0.55,2.38
19,1,9,4.4,4.9,0.71,Very committed and reliable,0.49,4.3,0.8,0.85,3.15
8,4,3,2.4,4.9,0.95,Outstanding contribution,0.79,3.0,0.37,0.9,3.29
16,3,8,4.1,2.6,0.92,Outstanding contribution,0.86,4.5,0.95,0.86,2.98
9,1,8,2.5,4.4,0.67,Late submission and weak teamwork,0.98,3.7,1.0,0.95,2.62
17,1,2,4.2,4.4,0.75,Outstanding contribution,0.42,4.0,0.73,0.89,2.98
12,5,1,2.9,3.9,0.81,Very committed and reliable,0.67,3.0,0.92,0.58,2.99
15,15,0,3.3,3.7,0.62,Excellent performance and teamwork,0.5,3.3,0.47,0.56,3.87
16,11,4,5.0,4.1,0.74,Late submission and weak teamwork,0.57,4.8,0.5,0.95,4.18
5,1,4,4.4,3.2,0.66,Excellent performance and teamwork,0.66,2.7,0.76,0.56,2.69
12,6,5,4.7,4.5,0.62,Needs improvement in deadlines,0.44,4.7,0.78,0.89,3.84
11,1,5,3.4,4.3,0.99,Needs improvement in deadlines,0.5,4.4,0.55,0.93,3.05
12,0,11,4.8,2.8,0.85,Excellent performance and teamwork,0.42,3.9,0.97,0.66,2.73
9,1,4,4.2,2.2,0.99,Late submission and weak teamwork,0.87,2.7,0.92,0.65,2.48
12,5,2,4.0,3.5,0.99,Late submission and weak teamwork,0.6,2.6,0.87,0.98,3.14
16,0,8,3.6,4.6,0.82,Late submission and weak teamwork,0.83,4.1,0.38,0.64,2.87
19,8,5,3.0,2.9,0.69,Good but not consistent,0.96,3.4,0.81,0.59,2.84
5,1,0,3.1,4.0,0.81,Very committed and reliable,0.68,3.1,0.49,0.91,2.75
5,3,2,4.3,3.3,0.64,Good but not consistent,0.63,2.6,0.43,0.82,3.26
7,2,1,5.0,3.9,0.95,Excellent performance and teamwork,0.58,3.0,0.65,0.92,3.28
20,16,0,2.1,4.1,0.88,Needs improvement in deadlines,0.72,4.3,0.78,0.41,3.74
17,5,6,4.9,3.3,0.97,Good but not consistent,0.86,4.0,0.36,0.61,3.37
11,11,0,2.4,3.5,0.64,Good but not consistent,0.74,3.7,0.7,0.94,3.74
12,5,5,2.9,2.1,1.0,Very committed and reliable,0.99,2.9,0.92,0.8,2.71
7,1,1,2.3,3.6,0.83,Outstanding contribution,0.68,4.9,0.9,0.61,2.79
11,10,0,2.7,2.8,0.99,Very committed and reliable,0.43,4.5,0.8,0.45,3.86
15,1,7,3.8,4.3,0.9,Needs improvement in deadlines,0.41,2.5,0.63,0.7,2.67
17,7,7,3.0,3.9,0.97,Good but not consistent,0.83,4.0,0.67,0.57,3.28
16,8,1,2.4,4.6,0.75,Excellent performance and teamwork,0.5,3.1,0.78,0.48,3.15
16,6,10,3.5,4.3,0.89,Late submission and weak teamwork,0.83,4.4,0.78,0.63,3.45
10,5,4,4.2,3.7,0.68,Needs improvement in deadlines,0.72,4.2,0.91,0.89,3.51
14,12,1,3.4,4.0,0.89,Outstanding contribution,0.65,2.9,0.49,0.57,3.79
8,5,0,3.5,2.8,0.92,Good but not consistent,0.89,4.1,0.76,0.85,3.48
6,5,0,3.4,3.1,0.62,Very committed and reliable,0.66,4.4,0.45,0.82,3.74
10,0,6,2.4,4.2,0.79,Good but not consistent,0.72,3.4,0.93,0.91,2.4
8,3,4,2.2,3.5,0.75,Late submission and weak teamwork,0.77,4.9,0.92,0.93,3.06
13,7,2,2.1,3.2,0.63,Needs improvement in deadlines,0.48,4.9,0.74,0.82,3.16
18,6,0,4.7,4.7,0.72,Late submission and weak teamwork,0.7,4.4,0.89,0.49,3.62
9,5,0,4.2,3.1,0.77,Needs improvement in deadlines,0.94,3.1,0.44,0.95,3.3
15,6,2,4.3,2.1,0.97,Excellent performance and teamwork,0.85,3.2,0.84,0.49,3.0
19,5,11,3.7,2.2,0.74,Good but not consistent,0.47,3.5,0.35,0.89,2.64
12,7,0,2.8,2.7,1.0,Excellent performance and teamwork,0.74,4.6,0.4,0.72,3.4
13,0,10,3.4,3.4,0.9,Good but not consistent,0.63,4.3,0.92,0.61,2.67
10,8,1,5.0,3.2,0.87,Needs improvement in deadlines,0.67,2.6,0.71,0.5,3.8
11,6,4,4.1,4.9,0.82,Very committed and reliable,0.71,3.5,0.38,0.45,3.73
12,8,4,3.2,4.2,0.6,Very committed and reliable,0.68,2.9,0.98,0.51,3.36
20,7,6,4.4,3.4,0.83,Outstanding contribution,0.6,4.6,0.47,0.86,3.42
19,2,15,4.3,2.4,0.91,Outstanding contribution,0.89,3.0,0.57,0.81,2.55
11,2,0,3.4,2.0,0.92,Good but not consistent,0.51,3.1,0.79,0.62,2.43
8,3,2,3.3,2.9,0.89,Very committed and reliable,0.77,2.8,0.7,0.61,2.81
7,5,2,2.6,4.4,0.88,Late submission and weak teamwork,0.51,4.8,0.43,0.55,3.87
6,1,3,2.6,4.1,0.67,Outstanding contribution,0.99,4.3,0.37,0.98,2.78
11,0,1,2.0,3.8,0.94,Very committed and reliable,0.92,3.9,0.49,0.48,2.41
10,2,8,3.9,2.7,0.83,Excellent performance and teamwork,0.89,3.9,0.79,0.49,2.82
6,4,0,4.9,4.8,0.95,Very committed and reliable,0.56,2.6,0.86,0.8,3.94
9,2,3,2.3,4.2,0.67,Excellent performance and teamwork,0.79,2.9,0.78,0.52,2.55
17,2,2,3.1,4.0,0.98,Outstanding contribution,1.0,3.2,0.99,0.95,2.73
18,17,0,4.5,3.5,0.94,Very committed and reliable,0.86,3.0,0.74,0.68,4.09
8,3,4,4.1,2.3,0.84,Very committed and reliable,0.57,4.1,0.64,0.54,3.08
13,3,7,3.0,3.3,0.98,Very committed and reliable,0.87,4.3,0.69,0.83,2.96
8,6,0,4.3,3.8,0.88,Good but not consistent,0.73,2.6,0.82,0.88,3.71
9,7,2,2.9,3.1,0.73,Needs improvement in deadlines,0.55,3.7,0.79,0.48,3.47
12,2,5,4.7,4.1,0.95,Excellent performance and teamwork,0.91,4.9,0.68,0.99,3.46
7,2,0,2.5,2.9,0.73,Outstanding contribution,0.82,4.3,0.95,0.91,2.73
20,10,4,3.8,2.5,0.85,Needs improvement in deadlines,0.75,4.1,0.32,0.62,3.25
6,5,1,4.0,4.2,0.82,Very committed and reliable,0.79,2.8,0.82,0.8,3.86
18,15,0,4.5,3.6,0.91,Late submission and weak teamwork,0.44,3.7,0.77,0.99,4.07
18,3,4,2.5,3.3,0.66,Late submission and weak teamwork,0.99,4.0,0.76,0.58,2.54
11,1,3,2.5,2.2,0.97,Needs improvement in deadlines,0.56,4.4,1.0,0.48,2.44
10,9,0,3.7,2.3,0.85,Excellent performance and teamwork,0.66,4.7,1.0,0.69,3.92
18,2,12,5.0,2.7,0.95,Very committed and reliable,0.94,4.9,0.49,0.93,3.16
5,5,0,2.7,2.3,0.96,Excellent performance and teamwork,0.44,2.9,0.94,0.82,3.56
12,12,0,2.3,4.7,0.98,Needs improvement in deadlines,0.74,3.8,0.89,0.49,4.15
5,5,0,3.7,3.6,0.69,Good but not consistent,0.57,3.1,0.99,0.57,3.93
19,14,5,3.5,4.3,0.82,Good but not consistent,0.63,2.9,0.88,0.4,3.66
11,5,5,2.4,2.2,0.81,Good but not consistent,0.59,4.5,0.54,0.73,2.91
7,6,1,4.4,3.3,0.66,Very committed and reliable,0.63,3.3,0.31,0.45,3.82
16,9,3,4.6,4.7,0.65,Good but not consistent,0.83,2.9,0.9,0.5,3.61
12,3,5,3.3,3.1,0.85,Good but not consistent,0.74,4.7,0.44,0.86,3.02
12,7,0,3.5,3.8,0.64,Late submission and weak teamwork,0.53,2.9,0.98,0.88,3.23
19,8,5,4.8,4.6,0.76,Good but not consistent,0.77,2.6,0.36,0.96,3.41
6,6,0,2.9,4.1,0.79,Outstanding contribution,0.61,2.7,0.92,0.9,3.83
12,3,3,4.0,2.7,0.79,Good but not consistent,0.96,4.8,0.44,0.53,3.07
20,18,2,4.8,3.2,0.78,Very committed and reliable,0.97,3.5,0.7,0.69,4.04
18,15,0,3.1,2.2,0.81,Good but not consistent,0.61,2.8,0.99,0.61,3.28
18,4,8,4.1,4.2,0.97,Excellent performance and teamwork,0.85,3.6,0.77,0.73,3.2
18,0,3,4.3,3.6,0.76,Very committed and reliable,0.86,3.4,0.58,0.98,2.64
14,8,4,3.7,4.5,0.97,Needs improvement in deadlines,0.83,3.4,0.43,0.51,3.66
8,5,0,2.7,2.4,0.83,Very committed and reliable,0.71,4.6,0.46,0.6,3.29
18,13,1,5.0,3.8,0.86,Very committed and reliable,0.92,3.7,0.55,0.81,4.01
10,8,1,4.5,2.1,0.71,Late submission and weak teamwork,0.83,2.5,0.7,0.81,3.38
18,2,15,4.6,2.5,0.68,Needs improvement in deadlines,0.64,4.3,0.62,0.66,2.79
19,13,1,4.6,4.3,0.93,Very committed and reliable,0.97,2.5,0.59,0.44,3.77
19,12,4,4.9,2.3,0.89,Needs improvement in deadlines,0.81,2.8,0.67,1.0,3.39
13,4,7,2.2,2.4,0.66,Good but not consistent,0.92,2.6,0.78,0.63,2.23
19,1,1,4.1,3.5,0.8,Excellent performance and teamwork,0.83,2.9,0.47,0.79,2.58
6,2,3,4.5,2.1,0.66,Excellent performance and teamwork,0.65,5.0,0.66,0.97,3.15
20,11,1,3.4,3.3,0.81,Outstanding contribution,0.84,3.4,0.86,0.82,3.25
12,7,2,4.4,2.8,0.64,Needs improvement in deadlines,0.91,4.7,0.67,0.69,3.58
5,0,0,4.4,2.7,0.69,Outstanding contribution,0.68,2.8,0.43,0.56,2.33
6,5,1,3.7,4.1,0.9,Needs improvement in deadlines,0.46,3.5,0.48,0.75,3.96
8,2,1,2.4,4.8,0.93,Excellent performance and teamwork,0.61,4.6,0.55,0.58,3.2
5,2,3,4.1,3.4,0.91,Needs improvement in deadlines,0.68,4.6,0.47,0.91,3.48
20,16,2,4.1,4.6,0.77,Outstanding contribution,0.61,3.0,0.36,0.74,3.93
20,9,10,5.0,3.4,0.98,Good but not consistent,0.59,3.6,0.4,0.68,3.56
15,6,4,3.7,3.2,0.71,Needs improvement in deadlines,0.86,3.1,0.33,0.66,2.96
20,9,1,3.4,2.7,0.76,Very committed and reliable,0.88,2.9,0.69,0.5,2.85
18,5,9,2.3,2.7,0.95,Good but not consistent,0.9,3.0,0.34,0.61,2.49
8,2,4,3.3,4.7,0.94,Excellent performance and teamwork,0.46,4.9,0.94,0.6,3.43
14,1,11,3.0,4.9,0.67,Very committed and reliable,0.99,3.0,1.0,0.82,2.62
14,12,1,3.0,4.0,0.66,Very committed and reliable,0.89,4.6,0.64,0.98,3.94
5,5,0,2.7,3.4,0.7,Good but not consistent,0.66,3.6,0.68,0.6,3.79
19,1,11,4.4,4.6,0.71,Needs improvement in deadlines,0.53,2.5,0.93,0.87,2.73
8,2,3,2.2,3.9,0.61,Very committed and reliable,0.72,3.6,0.32,0.85,2.62
5,5,0,4.6,4.3,0.67,Outstanding contribution,0.44,4.2,0.86,0.89,4.46
10,1,1,3.4,4.7,0.67,Outstanding contribution,0.91,2.8,0.66,0.87,2.67
17,7,7,4.5,4.3,0.86,Needs improvement in deadlines,0.55,2.5,0.64,0.64,3.31
16,11,4,2.9,4.1,0.98,Excellent performance and teamwork,0.65,3.6,0.7,0.79,3.64
12,11,1,3.4,4.7,0.8,Excellent performance and teamwork,0.65,3.2,0.59,0.68,4.04
10,2,4,2.3,2.8,0.8,Good but not consistent,0.66,4.5,0.33,0.83,2.62
9,8,0,4.7,2.3,0.89,Excellent performance and teamwork,0.44,4.7,0.34,0.66,4.12
7,5,0,3.0,2.0,0.67,Late submission and weak teamwork,0.7,3.1,0.65,0.84,3.03
20,18,1,2.6,4.8,0.74,Very committed and reliable,0.6,3.8,0.37,0.63,3.96
8,4,1,3.2,2.4,0.94,Late submission and weak teamwork,0.93,2.9,0.97,0.61,2.92
11,5,0,3.9,5.0,0.66,Needs improvement in deadlines,0.71,3.6,0.81,0.78,3.51
19,14,3,2.7,3.6,0.78,Needs improvement in deadlines,0.97,4.3,0.62,0.84,3.62
19,5,8,2.3,3.0,0.79,Good but not consistent,0.91,4.9,0.89,0.88,2.83
13,2,3,3.7,3.2,0.65,Outstanding contribution,0.41,3.8,0.63,0.57,2.7
15,11,1,3.8,2.7,0.65,Good but not consistent,0.8,4.4,0.58,0.92,3.61
8,1,1,2.5,2.2,0.65,Late submission and weak teamwork,0.67,3.8,0.96,0.53,2.21
16,8,2,4.4,4.0,0.72,Late submission and weak teamwork,0.81,2.5,0.98,0.56,3.29
18,15,2,3.1,2.2,0.76,Outstanding contribution,0.78,3.9,0.96,0.87,3.47
11,3,0,4.3,2.2,0.71,Very committed and reliable,0.47,3.4,0.93,0.44,2.74
15,5,0,2.3,3.3,0.75,Outstanding contribution,0.76,3.9,0.53,0.51,2.78
9,7,0,2.8,2.5,0.79,Outstanding contribution,0.82,3.3,0.91,0.72,3.28
5,5,0,4.9,3.0,0.94,Very committed and reliable,0.6,4.6,0.82,0.9,4.47
16,0,6,4.7,4.0,0.95,Excellent performance and teamwork,0.92,4.5,0.58,0.61,3.12
19,1,5,2.4,3.9,0.65,Outstanding contribution,0.48,4.8,0.95,0.67,2.62
8,8,0,2.9,4.9,0.81,Outstanding contribution,0.95,3.5,0.79,0.79,4.17
16,5,2,4.6,4.4,0.94,Good but not consistent,0.46,4.5,0.36,0.48,3.64
17,1,8,4.9,3.6,0.83,Needs improvement in deadlines,0.95,4.4,0.85,0.95,3.08
10,3,0,3.3,4.5,0.74,Late submission and weak teamwork,0.69,4.0,0.5,0.78,3.18
15,9,2,3.8,4.7,0.94,Needs improvement in deadlines,0.87,2.5,0.54,0.66,3.57
10,7,0,3.5,3.9,0.83,Late submission and weak teamwork,0.88,4.1,0.67,0.97,3.77
15,8,5,4.5,3.3,0.91,Good but not consistent,0.41,3.9,0.67,0.6,3.6
15,8,1,3.3,2.3,0.71,Very committed and reliable,0.91,4.0,0.5,0.55,3.08
9,5,2,2.6,2.6,0.95,Good but not consistent,0.45,4.5,0.41,0.45,3.25
9,4,1,3.4,2.6,0.85,Outstanding contribution,0.64,4.7,0.51,0.42,3.23
17,10,5,2.3,2.5,0.81,Excellent performance and teamwork,0.47,3.8,0.57,0.41,3.01
13,4,3,3.3,2.8,0.63,Outstanding contribution,0.91,3.1,0.71,0.98,2.62
7,1,3,3.8,2.6,0.6,Excellent performance and teamwork,0.65,3.4,0.94,0.43,2.47
16,10,4,4.8,4.7,0.95,Late submission and weak teamwork,1.0,2.7,0.76,0.65,3.85
18,5,8,3.4,4.3,1.0,Good but not consistent,0.83,3.5,0.85,0.67,3.16
9,1,8,4.6,3.5,0.8,Late submission and weak teamwork,0.7,2.6,0.55,0.82,2.71
14,14,0,3.1,3.9,0.62,Late submission and weak teamwork,0.85,4.2,0.99,0.77,4.05
10,4,1,4.7,4.5,0.69,Needs improvement in deadlines,0.7,2.6,0.49,0.68,3.31
13,4,7,4.4,2.9,0.88,Good but not consistent,0.53,4.3,0.42,0.82,3.22
7,4,1,3.1,2.7,0.61,Excellent performance and teamwork,0.73,2.5,0.67,0.62,2.82
6,4,2,3.6,2.7,0.81,Late submission and weak teamwork,0.73,4.5,0.48,0.81,3.56
6,5,1,3.2,2.3,0.93,Good but not consistent,0.91,2.9,0.51,0.72,3.4
6,5,1,3.3,4.4,0.94,Excellent performance and teamwork,0.59,3.6,0.42,0.58,3.98
10,8,2,3.2,4.7,0.96,Needs improvement in deadlines,0.4,3.4,0.82,0.95,3.94
7,1,5,3.4,4.1,0.79,Excellent performance and teamwork,0.82,3.8,0.63,0.73,2.87
11,4,7,2.2,3.7,0.64,Very committed and reliable,0.63,3.9,0.8,0.57,2.83
11,10,0,2.2,5.0,0.96,Very committed and reliable,0.51,3.7,0.75,0.76,4.02
7,5,2,3.6,2.9,0.95,Good but not consistent,0.79,2.6,0.89,0.7,3.37
14,2,3,4.7,3.2,0.65,Needs improvement in deadlines,0.52,3.7,0.48,0.92,2.86
16,0,15,4.8,3.6,0.91,Needs improvement in deadlines,0.61,4.4,0.48,0.82,3.02
13,13,0,3.6,3.3,0.73,Needs improvement in deadlines,0.5,3.8,0.6,0.68,4.0
6,6,0,2.1,2.1,0.66,Late submission and weak teamwork,0.95,2.8,0.6,0.67,3.23
5,1,1,3.2,4.1,0.85,Very committed and reliable,0.66,3.0,0.49,0.97,2.79
13,7,6,3.3,2.5,0.95,Late submission and weak teamwork,0.59,2.9,0.42,0.97,3.02
19,11,8,3.0,3.5,0.62,Good but not consistent,0.87,2.9,0.69,0.94,3.06
13,2,8,2.9,2.2,0.65,Needs improvement in deadlines,0.99,2.6,0.53,0.96,2.1
10,7,1,2.5,3.8,0.73,Good but not consistent,0.75,3.9,0.72,0.97,3.46
18,17,1,4.7,4.1,0.7,Outstanding contribution,0.53,2.8,0.67,0.71,4.09
19,5,9,4.3,4.6,0.83,Good but not consistent,0.85,4.2,0.97,0.68,3.43
16,8,5,4.9,4.3,0.87,Very committed and reliable,1.0,4.7,0.82,0.46,3.96
15,14,0,3.3,3.0,0.63,Needs improvement in deadlines,0.53,2.5,0.97,0.98,3.48
10,6,4,4.2,5.0,0.68,Excellent performance and teamwork,0.89,4.0,0.68,0.88,3.88
17,16,0,3.6,2.5,0.91,Good but not consistent,0.75,4.0,0.89,0.41,3.89
15,6,8,3.0,4.5,0.95,Outstanding contribution,0.91,2.9,0.77,0.48,3.16
5,1,1,4.2,3.0,0.91,Late submission and weak teamwork,0.58,4.1,0.81,0.65,3.02
14,3,3,3.0,2.9,0.82,Outstanding contribution,0.56,4.4,0.34,0.99,2.79
7,6,0,3.9,3.6,0.66,Needs improvement in deadlines,0.43,4.4,0.89,0.66,4.0
18,10,2,2.9,3.4,0.89,Very committed and reliable,0.67,4.1,0.95,0.59,3.36
14,7,5,3.0,4.8,0.95,Good but not consistent,0.88,3.3,0.99,0.42,3.45
5,3,2,4.5,4.0,0.8,Very committed and reliable,0.46,4.5,0.58,0.77,3.9
17,5,0,2.9,4.4,0.63,Needs improvement in deadlines,0.82,4.1,0.81,0.52,3.04
7,1,1,4.6,2.1,0.96,Late submission and weak teamwork,0.88,3.0,0.44,0.66,2.63
19,8,4,2.7,2.4,0.64,Good but not consistent,0.68,2.7,0.38,0.66,2.51
20,20,0,4.0,2.7,0.92,Very committed and reliable,0.99,2.8,0.58,0.99,3.86
5,1,0,2.0,2.6,0.64,Very committed and reliable,0.82,2.7,0.45,0.73,2.08
20,8,10,2.5,3.8,0.75,Outstanding contribution,1.0,4.8,0.3,0.6,3.2
17,7,7,2.7,2.1,0.85,Very committed and reliable,0.55,4.3,0.47,0.95,2.86
6,2,4,2.9,3.4,0.99,Late submission and weak teamwork,0.79,3.6,0.88,0.41,2.98
10,1,1,4.2,3.8,0.78,Very committed and reliable,0.55,3.4,0.88,0.74,2.82
9,6,1,3.5,4.5,0.69,Late submission and weak teamwork,0.51,3.4,0.43,0.72,3.63
14,4,5,3.5,4.1,0.92,Needs improvement in deadlines,0.63,4.4,0.92,0.79,3.29
16,6,2,3.3,5.0,0.63,Excellent performance and teamwork,0.5,4.1,0.84,0.43,3.36
9,3,4,4.2,2.1,0.65,Late submission and weak teamwork,0.61,4.7,0.48,0.42,3.03
5,1,0,4.7,4.0,0.77,Late submission and weak teamwork,0.59,3.8,0.75,0.97,3.19
14,3,8,2.9,2.2,0.66,Outstanding contribution,0.82,3.6,0.9,0.56,2.39
18,5,8,2.5,4.7,0.63,Good but not consistent,0.49,4.4,0.64,0.98,3.05
18,6,4,3.9,2.0,0.92,Good but not consistent,0.57,3.5,0.65,0.98,2.84
16,6,3,3.4,4.7,0.8,Late submission and weak teamwork,0.84,3.2,0.48,0.88,3.22
20,4,16,3.7,4.3,0.79,Good but not consistent,0.71,4.0,0.63,0.46,3.09
6,0,4,4.6,2.1,0.75,Needs improvement in deadlines,0.56,4.8,0.41,0.51,2.67
5,0,5,2.6,5.0,0.62,Outstanding contribution,0.52,3.6,0.54,0.72,2.55
17,1,10,3.6,2.5,0.9,Good but not consistent,0.93,4.9,0.57,0.81,2.74
11,1,10,2.6,2.0,0.65,Late submission and weak teamwork,0.56,4.2,0.8,0.84,2.22
17,10,7,3.8,4.5,0.66,Excellent performance and teamwork,0.75,3.9,0.39,0.58,3.65
18,1,0,3.1,3.4,0.78,Late submission and weak teamwork,0.96,5.0,0.66,0.98,2.77
7,5,1,3.4,4.8,0.8,Very committed and reliable,0.9,2.9,0.82,0.51,3.69
7,4,1,4.3,4.4,0.86,Excellent performance and teamwork,0.54,3.9,0.6,0.85,3.81
20,10,6,2.5,2.1,0.73,Late submission and weak teamwork,0.67,3.0,0.79,0.67,2.64
5,1,1,4.9,4.1,0.6,Good but not consistent,0.61,3.1,0.51,0.48,3.02
8,4,4,3.8,4.4,0.92,Late submission and weak teamwork,0.64,3.3,0.75,0.7,3.51
11,8,3,4.8,4.9,0.92,Needs improvement in deadlines,0.88,4.0,0.6,0.54,4.29
18,16,1,3.7,4.9,0.97,Late submission and weak teamwork,0.88,3.6,0.45,0.97,4.26
15,6,8,3.8,3.2,0.86,Good but not consistent,0.49,2.5,0.38,0.7,2.93
20,17,1,4.7,3.4,0.93,Good but not consistent,0.87,3.4,0.61,0.43,4.04
11,0,6,4.1,4.9,0.83,Good but not consistent,0.81,2.6,0.66,0.86,2.73
15,9,2,3.2,3.7,0.78,Late submission and weak teamwork,0.75,4.3,0.86,0.74,3.53
6,4,1,4.2,3.5,0.92,Outstanding contribution,0.63,3.7,0.82,0.83,3.74
7,6,0,4.8,4.6,0.62,Late submission and weak teamwork,0.98,3.6,0.77,0.62,4.2
6,1,0,4.0,3.6,0.78,Outstanding contribution,0.72,4.6,0.42,0.79,3.08
5,0,5,2.5,4.0,0.86,Excellent performance and teamwork,0.52,4.6,0.64,0.47,2.65
12,10,1,4.5,4.0,0.88,Good but not consistent,0.45,3.4,0.39,0.96,4.07
14,12,0,3.6,3.2,0.68,Good but not consistent,0.8,2.8,0.4,0.73,3.55
8,0,4,4.9,4.5,0.63,Outstanding contribution,0.61,2.6,0.68,0.66,2.72
8,5,0,3.5,2.3,0.85,Needs improvement in deadlines,0.58,4.9,0.8,0.67,3.5
11,0,4,4.1,3.4,0.64,Excellent performance and teamwork,0.9,3.7,0.38,0.99,2.56
20,10,2,2.8,4.2,0.73,Needs improvement in deadlines,0.7,2.6,0.33,0.88,3.04
9,3,3,2.2,4.7,0.98,Late submission and weak teamwork,0.57,3.5,0.44,0.63,3.07
17,10,5,4.6,3.7,0.91,Very committed and reliable,0.8,4.3,0.93,0.58,3.86
9,6,0,2.6,2.4,0.98,Good but not consistent,0.64,2.9,0.46,0.8,3.07
5,4,1,4.0,3.0,0.94,Late submission and weak teamwork,0.93,2.9,0.81,0.48,3.65
16,4,4,2.3,4.0,0.79,Very committed and reliable,0.65,3.6,0.51,0.6,2.75
12,4,0,3.2,3.8,0.97,Needs improvement in deadlines,0.96,4.4,0.77,0.41,3.27
17,17,0,2.1,2.9,0.93,Late submission and weak teamwork,0.91,2.6,0.94,0.84,3.48
15,15,0,3.2,2.7,0.99,Very committed and reliable,0.45,4.1,0.52,0.52,4.0
5,1,0,4.0,4.7,0.86,Excellent performance and teamwork,0.6,2.8,0.76,0.45,3.03
5,4,0,3.3,4.3,0.69,Very committed and reliable,0.5,3.5,0.83,0.41,3.76
18,11,1,2.4,2.2,0.64,Good but not consistent,0.94,4.2,0.38,0.46,3.0
5,1,1,4.5,4.9,0.79,Very committed and reliable,0.61,5.0,0.32,0.56,3.58
8,1,5,4.5,3.7,0.67,Late submission and weak teamwork,0.86,4.3,0.39,0.93,3.02
5,1,2,4.6,4.9,0.85,Outstanding contribution,0.47,4.0,0.81,0.76,3.42
11,1,7,3.2,4.4,0.81,Excellent performance and teamwork,0.87,5.0,0.85,0.73,3.06
13,6,7,3.7,3.1,0.93,Needs improvement in deadlines,0.72,4.6,0.33,0.46,3.44
6,0,1,2.5,4.8,0.98,Very committed and reliable,0.73,4.4,0.86,0.85,2.83
11,6,1,4.2,2.2,0.74,Late submission and weak teamwork,0.96,4.1,0.62,0.89,3.29
15,9,0,3.0,3.8,0.63,Excellent performance and teamwork,0.79,3.0,0.55,0.73,3.17
19,0,4,3.0,2.9,0.91,Needs improvement in deadlines,0.67,3.4,0.54,0.82,2.32
6,3,3,4.6,3.8,1.0,Outstanding contribution,0.94,3.8,0.53,0.49,3.69
5,4,1,3.8,2.7,0.99,Good but not consistent,0.9,4.0,0.32,0.7,3.79
13,12,0,3.3,4.2,0.69,Good but not consistent,0.86,4.8,0.65,0.83,4.19
9,9,0,2.1,4.9,0.76,Very committed and reliable,0.79,2.7,0.79,0.5,3.82
7,6,0,2.1,2.7,0.83,Late submission and weak teamwork,0.72,2.5,0.63,0.73,3.16
18,10,2,3.9,4.1,0.89,Needs improvement in deadlines,1.0,4.7,0.48,0.91,3.82
5,3,1,4.0,2.4,0.98,Needs improvement in deadlines,0.74,4.1,0.83,0.97,3.49
14,10,0,2.9,3.6,0.75,Very committed and reliable,0.86,3.3,0.53,0.52,3.41
16,6,4,2.9,2.6,0.79,Needs improvement in deadlines,0.62,3.5,0.43,0.67,2.76
20,12,6,4.8,3.3,0.75,Outstanding contribution,0.51,4.8,0.52,0.95,3.85
